condition,network,model_seed,source_seed,objective,lambda,lambda_index,calibration_cap_rate,primary,random,replay,drift,noise,targeted,pooled_f1,clean_fpr,all_negative_fpr,family_macro_f1,worst_family_f1,_overall_tp,_overall_fp,_overall_fn,_overall_tn,random_tp,random_fp,random_fn,random_tn,replay_tp,replay_fp,replay_fn,replay_tn,drift_tp,drift_fp,drift_fn,drift_tn,noise_tp,noise_fp,noise_fn,noise_tn,targeted_tp,targeted_fp,targeted_fn,targeted_tn,clean_rows,clean_period_fp
e0r0,modena,701,40811,pooled,0.2818382931264455,30,0.0005,True,0.9269340974212035,0.6141732283464567,0.7618048268625394,0.7816091954022989,0.9485903814262023,0.816746235769372,0.00019240215218783882,0.000699690736694381,0.8066223458917401,0.6141732283464567,2224,350,648,499871,647,3,99,13552,234,258,36,10470,363,1,226,10664,408,2,226,12162,572,1,61,11325,441783,85
e0r0,modena,701,40811,balanced,0.11220184543019636,22,0.0005,False,0.8869047619047619,0.700152207001522,0.7125683060109289,0.7261785356068204,0.8923884514435696,0.7952848722986248,7.696086087513554e-05,0.00038782857976774266,0.7836384523935206,0.700152207001522,2024,194,848,500027,596,2,150,13553,230,157,40,10571,326,0,263,10665,362,1,272,12163,510,0,123,11326,441783,34
e0r0,modena,701,40811,pooled,0.2818382931264455,30,0.005,False,0.9269340974212035,0.6141732283464567,0.7618048268625394,0.7816091954022989,0.9485903814262023,0.816746235769372,0.00019240215218783882,0.000699690736694381,0.8066223458917401,0.6141732283464567,2224,350,648,499871,647,3,99,13552,234,258,36,10470,363,1,226,10664,408,2,226,12162,572,1,61,11325,441783,85
e0r0,modena,701,40811,balanced,0.11220184543019636,22,0.005,False,0.8869047619047619,0.700152207001522,0.7125683060109289,0.7261785356068204,0.8923884514435696,0.7952848722986248,7.696086087513554e-05,0.00038782857976774266,0.7836384523935206,0.700152207001522,2024,194,848,500027,596,2,150,13553,230,157,40,10571,326,0,263,10665,362,1,272,12163,510,0,123,11326,441783,34
e0r0,modena,701,41811,pooled,0.2818382931264455,30,0.0005,True,0.9120974760661444,0.6511627906976745,0.8661679135494597,0.8497316636851521,0.9403884795713329,0.8403416557161629,0.00021345941975762028,0.0008238665336215533,0.8439096647139527,0.6511627906976745,2558,412,560,499669,524,3,98,12065,336,306,54,12989,521,2,159,13118,475,7,161,11474,702,1,88,14436,435680,93
e0r0,modena,701,41811,balanced,0.11220184543019636,22,0.0005,False,0.8621004566210045,0.7317073170731707,0.818733738074588,0.785171102661597,0.8966480446927374,0.8212270803949224,8.721997796547925e-05,0.00044992711180788714,0.8188721318246195,0.7317073170731707,2329,225,789,499856,472,1,150,12067,330,182,60,13113,472,1,208,13119,413,3,223,11478,642,0,148,14437,435680,38
e0r0,modena,701,41811,pooled,0.2818382931264455,30,0.005,False,0.9120974760661444,0.6511627906976745,0.8661679135494597,0.8497316636851521,0.9403884795713329,0.8403416557161629,0.00021345941975762028,0.0008238665336215533,0.8439096647139527,0.6511627906976745,2558,412,560,499669,524,3,98,12065,336,306,54,12989,521,2,159,13118,475,7,161,11474,702,1,88,14436,435680,93
e0r0,modena,701,41811,balanced,0.11220184543019636,22,0.005,False,0.8621004566210045,0.7317073170731707,0.818733738074588,0.785171102661597,0.8966480446927374,0.8212270803949224,8.721997796547925e-05,0.00044992711180788714,0.8188721318246195,0.7317073170731707,2329,225,789,499856,472,1,150,12067,330,182,60,13113,472,1,208,13119,413,3,223,11478,642,0,148,14437,435680,38
e0r0,modena,701,42811,pooled,0.2818382931264455,30,0.0005,True,0.9254658385093167,0.6544428772919605,0.7646493756003843,0.7767857142857143,0.9036918138041734,0.8139402018663112,0.0001615957466178693,0.0006073264008594771,0.8050071238983099,0.6544428772919605,2137,303,674,498605,596,7,89,12891,232,217,28,11238,398,2,243,12108,348,4,196,10255,563,2,118,12816,439368,71
e0r0,modena,701,42811,balanced,0.11220184543019636,22,0.0005,False,0.8721311475409836,0.7399030694668821,0.7154308617234469,0.7221570926143025,0.8678304239401496,0.7910659898477157,7.283188579960307e-05,0.00033272667505832737,0.7834905190571531,0.7154308617234469,1948,166,863,498742,532,3,153,12895,229,130,31,11325,357,0,284,12110,308,1,236,10258,522,0,159,12818,439368,32
e0r0,modena,701,42811,pooled,0.2818382931264455,30,0.005,False,0.9254658385093167,0.6544428772919605,0.7646493756003843,0.7767857142857143,0.9036918138041734,0.8139402018663112,0.0001615957466178693,0.0006073264008594771,0.8050071238983099,0.6544428772919605,2137,303,674,498605,596,7,89,12891,232,217,28,11238,398,2,243,12108,348,4,196,10255,563,2,118,12816,439368,71
e0r0,modena,701,42811,balanced,0.11220184543019636,22,0.005,False,0.8721311475409836,0.7399030694668821,0.7154308617234469,0.7221570926143025,0.8678304239401496,0.7910659898477157,7.283188579960307e-05,0.00033272667505832737,0.7834905190571531,0.7154308617234469,1948,166,863,498742,532,3,153,12895,229,130,31,11325,357,0,284,12110,308,1,236,10258,522,0,159,12818,439368,32
e0r0,modena,701,43811,pooled,0.2818382931264455,30,0.0005,True,0.9129464285714286,0.6685878962536023,0.8205521472392638,0.7193675889328063,0.9253731343283582,0.8095238095238095,0.00020078143210241236,0.0008367916048581959,0.8093654390650918,0.6685878962536023,2499,418,758,499109,818,4,152,17098,348,313,32,14432,535,6,228,13665,364,6,278,11827,434,2,68,8867,433307,87
e0r0,modena,701,43811,balanced,0.11220184543019636,22,0.0005,False,0.8799076212471132,0.7659090909090909,0.773055332798717,0.6239316239316239,0.88470066518847,0.7921896792189679,9.000546956315038e-05,0.00041439201484604434,0.785500866815003,0.6239316239316239,2272,207,985,499320,762,0,208,17102,337,163,43,14582,482,2,281,13669,292,2,350,11831,399,1,103,8868,433307,39
e0r0,modena,701,43811,pooled,0.2818382931264455,30,0.005,False,0.9129464285714286,0.6685878962536023,0.8205521472392638,0.7193675889328063,0.9253731343283582,0.8095238095238095,0.00020078143210241236,0.0008367916048581959,0.8093654390650918,0.6685878962536023,2499,418,758,499109,818,4,152,17098,348,313,32,14432,535,6,228,13665,364,6,278,11827,434,2,68,8867,433307,87
e0r0,modena,701,43811,balanced,0.11220184543019636,22,0.005,False,0.8799076212471132,0.7659090909090909,0.773055332798717,0.6239316239316239,0.88470066518847,0.7921896792189679,9.000546956315038e-05,0.00041439201484604434,0.785500866815003,0.6239316239316239,2272,207,985,499320,762,0,208,17102,337,163,43,14582,482,2,281,13669,292,2,350,11831,399,1,103,8868,433307,39
e0r0,modena,701,44811,pooled,0.2818382931264455,30,0.0005,True,0.9032846715328468,0.6659836065573771,0.7465346534653465,0.8088642659279779,0.9493464052287581,0.8103858109343572,0.00018250048476691266,0.0007691090552576816,0.8148027205424613,0.6659836065573771,2216,384,653,498895,495,8,98,10669,325,286,40,14106,377,0,256,11778,438,9,198,12306,581,1,61,11761,438355,80
e0r0,modena,701,44811,balanced,0.11220184543019636,22,0.0005,False,0.858508604206501,0.7562425683709869,0.7028688524590164,0.7492682926829268,0.9081632653061225,0.7956061200470773,7.756270602593788e-05,0.0004025805211114427,0.7950103166051107,0.7028688524590164,2028,201,841,499078,449,4,144,10673,318,158,47,14234,343,0,290,11778,384,5,252,12310,534,0,108,11762,438355,34
e0r0,modena,701,44811,pooled,0.2818382931264455,30,0.005,False,0.9032846715328468,0.6659836065573771,0.7465346534653465,0.8088642659279779,0.9493464052287581,0.8103858109343572,0.00018250048476691266,0.0007691090552576816,0.8148027205424613,0.6659836065573771,2216,384,653,498895,495,8,98,10669,325,286,40,14106,377,0,256,11778,438,9,198,12306,581,1,61,11761,438355,80
e0r0,modena,701,44811,balanced,0.11220184543019636,22,0.005,False,0.858508604206501,0.7562425683709869,0.7028688524590164,0.7492682926829268,0.9081632653061225,0.7956061200470773,7.756270602593788e-05,0.0004025805211114427,0.7950103166051107,0.7028688524590164,2028,201,841,499078,449,4,144,10673,318,158,47,14234,343,0,290,11778,384,5,252,12310,534,0,108,11762,438355,34
e0r0,modena,701,45811,pooled,0.2818382931264455,30,0.0005,True,0.9323943661971831,0.6706231454005934,0.8129713423831071,0.8188539741219963,0.9213863060016906,0.8382506074279764,0.00017597063804210955,0.0005622755150023512,0.8312458268209142,0.6706231454005934,2415,281,651,499474,662,2,94,13567,226,192,30,9760,539,2,246,14723,443,3,193,11760,545,5,88,12168,437573,77
e0r0,modena,701,45811,balanced,0.11220184543019636,22,0.0005,False,0.8965014577259475,0.7555555555555555,0.7676609105180534,0.7563352826510721,0.8798586572438163,0.8160177154456542,6.855998884757514e-05,0.0002841392282218287,0.8111823727388889,0.7555555555555555,2211,142,855,499613,615,1,141,13568,221,108,35,9844,489,0,296,14725,388,2,248,11761,498,1,135,12172,437573,30
e0r0,modena,701,45811,pooled,0.2818382931264455,30,0.005,False,0.9323943661971831,0.6706231454005934,0.8129713423831071,0.8188539741219963,0.9213863060016906,0.8382506074279764,0.00017597063804210955,0.0005622755150023512,0.8312458268209142,0.6706231454005934,2415,281,651,499474,662,2,94,13567,226,192,30,9760,539,2,246,14723,443,3,193,11760,545,5,88,12168,437573,77
e0r0,modena,701,45811,balanced,0.11220184543019636,22,0.005,False,0.8965014577259475,0.7555555555555555,0.7676609105180534,0.7563352826510721,0.8798586572438163,0.8160177154456542,6.855998884757514e-05,0.0002841392282218287,0.8111823727388889,0.7555555555555555,2211,142,855,499613,615,1,141,13568,221,108,35,9844,489,0,296,14725,388,2,248,11761,498,1,135,12172,437573,30
e0r0,modena,702,40811,pooled,0.25118864315095807,29,0.0005,True,0.9255014326647565,0.5639187574671446,0.7626050420168067,0.7851002865329513,0.9511993382961125,0.8121587186021114,0.00011996840077594656,0.0007816545087071514,0.7976649713955543,0.5639187574671446,2231,391,641,499830,646,4,100,13551,236,331,34,10397,363,0,226,10665,411,2,223,12162,575,1,58,11325,441783,53
e0r0,modena,702,40811,balanced,0.1,21,0.0005,False,0.888558692421991,0.6535764375876578,0.7167755991285403,0.7067209775967414,0.9095607235142119,0.7924454828660437,3.621687570594613e-05,0.00045779765343718074,0.7750384860498285,0.6535764375876578,2035,229,837,499992,598,2,148,13553,233,210,37,10518,329,0,260,10665,347,1,287,12163,528,0,105,11326,441783,16
e0r0,modena,702,40811,pooled,0.25118864315095807,29,0.005,False,0.9255014326647565,0.5639187574671446,0.7626050420168067,0.7851002865329513,0.9511993382961125,0.8121587186021114,0.00011996840077594656,0.0007816545087071514,0.7976649713955543,0.5639187574671446,2231,391,641,499830,646,4,100,13551,236,331,34,10397,363,0,226,10665,411,2,223,12162,575,1,58,11325,441783,53
e0r0,modena,702,40811,balanced,0.1,21,0.005,False,0.888558692421991,0.6535764375876578,0.7167755991285403,0.7067209775967414,0.9095607235142119,0.7924454828660437,3.621687570594613e-05,0.00045779765343718074,0.7750384860498285,0.6535764375876578,2035,229,837,499992,598,2,148,13553,233,210,37,10518,329,0,260,10665,347,1,287,12163,528,0,105,11326,441783,16
e0r0,modena,702,41811,pooled,0.25118864315095807,29,0.0005,True,0.9147826086956522,0.6253418413855971,0.8623853211009175,0.8442844284428442,0.9390488948425988,0.8347485303723057,0.00016984943077488066,0.0008998542236157743,0.837168618893522,0.6253418413855971,2556,450,562,499631,526,2,96,12066,343,364,47,12931,517,2,163,13118,469,6,167,11475,701,2,89,14435,435680,74
e0r0,modena,702,41811,balanced,0.1,21,0.0005,False,0.8731884057971014,0.708113804004215,0.8217993079584776,0.7793696275071633,0.9050589050589051,0.8214971209213052,7.344840249724569e-05,0.0005179160975921901,0.8175060100651723,0.708113804004215,2354,259,764,499822,482,0,140,12068,336,223,54,13072,475,1,205,13119,408,3,228,11478,653,0,137,14437,435680,32
e0r0,modena,702,41811,pooled,0.25118864315095807,29,0.005,False,0.9147826086956522,0.6253418413855971,0.8623853211009175,0.8442844284428442,0.9390488948425988,0.8347485303723057,0.00016984943077488066,0.0008998542236157743,0.837168618893522,0.6253418413855971,2556,450,562,499631,526,2,96,12066,343,364,47,12931,517,2,163,13118,469,6,167,11475,701,2,89,14435,435680,74
e0r0,modena,702,41811,balanced,0.1,21,0.005,False,0.8731884057971014,0.708113804004215,0.8217993079584776,0.7793696275071633,0.9050589050589051,0.8214971209213052,7.344840249724569e-05,0.0005179160975921901,0.8175060100651723,0.708113804004215,2354,259,764,499822,482,0,140,12068,336,223,54,13072,475,1,205,13119,408,3,228,11478,653,0,137,14437,435680,32
e0r0,modena,702,42811,pooled,0.25118864315095807,29,0.0005,True,0.9250965250965251,0.6368563685636857,0.7543520309477756,0.7604994324631101,0.902555910543131,0.8068376068376069,0.00014793976803044372,0.0006614445949954701,0.7958720535228455,0.6368563685636857,2124,330,687,498578,599,11,86,12887,235,243,25,11212,390,3,251,12107,335,2,209,10257,565,6,116,12812,439368,65
e0r0,modena,702,42811,balanced,0.1,21,0.0005,False,0.8860145513338723,0.714064914992272,0.718,0.714622641509434,0.867330016583748,0.7914567801732822,5.6899910780939896e-05,0.0003768229813913587,0.7800064248838653,0.714064914992272,1964,188,847,498720,548,4,137,12894,231,156,29,11299,359,0,282,12110,303,1,241,10258,523,2,158,12816,439368,25
e0r0,modena,702,42811,pooled,0.25118864315095807,29,0.005,False,0.9250965250965251,0.6368563685636857,0.7543520309477756,0.7604994324631101,0.902555910543131,0.8068376068376069,0.00014793976803044372,0.0006614445949954701,0.7958720535228455,0.6368563685636857,2124,330,687,498578,599,11,86,12887,235,243,25,11212,390,3,251,12107,335,2,209,10257,565,6,116,12812,439368,65
e0r0,modena,702,42811,balanced,0.1,21,0.005,False,0.8860145513338723,0.714064914992272,0.718,0.714622641509434,0.867330016583748,0.7914567801732822,5.6899910780939896e-05,0.0003768229813913587,0.7800064248838653,0.714064914992272,1964,188,847,498720,548,4,137,12894,231,156,29,11299,359,0,282,12110,303,1,241,10258,523,2,158,12816,439368,25
e0r0,modena,702,43811,pooled,0.25118864315095807,29,0.0005,True,0.9099048684946839,0.6251129177958447,0.816923076923077,0.7072927072927073,0.9289501590668081,0.7993558776167472,0.000166163943808893,0.0009428919758091154,0.7976367459146242,0.6251129177958447,2482,471,775,499056,813,4,157,17098,346,381,34,14364,531,6,232,13665,354,5,288,11828,438,3,64,8866,433307,72
e0r0,modena,702,43811,balanced,0.1,21,0.0005,False,0.8877434135166093,0.7112526539278131,0.7767145135566188,0.6114101184068891,0.899343544857768,0.7877642206564702,7.846630679864392e-05,0.0005405113237122317,0.7772928488531397,0.6114101184068891,2292,270,965,499257,775,1,195,17101,335,227,45,14518,487,4,276,13667,284,3,358,11830,411,1,91,8868,433307,34
e0r0,modena,702,43811,pooled,0.25118864315095807,29,0.005,False,0.9099048684946839,0.6251129177958447,0.816923076923077,0.7072927072927073,0.9289501590668081,0.7993558776167472,0.000166163943808893,0.0009428919758091154,0.7976367459146242,0.6251129177958447,2482,471,775,499056,813,4,157,17098,346,381,34,14364,531,6,232,13665,354,5,288,11828,438,3,64,8866,433307,72
e0r0,modena,702,43811,balanced,0.1,21,0.005,False,0.8877434135166093,0.7112526539278131,0.7767145135566188,0.6114101184068891,0.899343544857768,0.7877642206564702,7.846630679864392e-05,0.0005405113237122317,0.7772928488531397,0.6114101184068891,2292,270,965,499257,775,1,195,17101,335,227,45,14518,487,4,276,13667,284,3,358,11830,411,1,91,8868,433307,34
e0r0,modena,702,44811,pooled,0.25118864315095807,29,0.0005,True,0.898444647758463,0.6327130264446621,0.7452923686818632,0.8022388059701493,0.9459901800327333,0.8013124316441852,0.00015740666811146217,0.0008392101410233557,0.8049358057775742,0.6327130264446621,2198,419,671,498860,491,9,102,10668,323,333,42,14059,376,0,257,11778,430,6,206,12309,578,2,64,11760,438355,69
e0r0,modena,702,44811,balanced,0.1,21,0.0005,False,0.8598665395614872,0.7207207207207207,0.716024340770791,0.7238285144566301,0.9191919191919192,0.790896712701809,6.159391360883303e-05,0.00047869027137131744,0.7879264069403097,0.716024340770791,2033,239,836,499040,451,5,142,10672,320,203,45,14189,353,0,280,11778,363,4,273,12311,546,0,96,11762,438355,27
e0r0,modena,702,44811,pooled,0.25118864315095807,29,0.005,False,0.898444647758463,0.6327130264446621,0.7452923686818632,0.8022388059701493,0.9459901800327333,0.8013124316441852,0.00015740666811146217,0.0008392101410233557,0.8049358057775742,0.6327130264446621,2198,419,671,498860,491,9,102,10668,323,333,42,14059,376,0,257,11778,430,6,206,12309,578,2,64,11760,438355,69
e0r0,modena,702,44811,balanced,0.1,21,0.005,False,0.8598665395614872,0.7207207207207207,0.716024340770791,0.7238285144566301,0.9191919191919192,0.790896712701809,6.159391360883303e-05,0.00047869027137131744,0.7879264069403097,0.716024340770791,2033,239,836,499040,451,5,142,10672,320,203,45,14189,353,0,280,11778,363,4,273,12311,546,0,96,11762,438355,27
e0r0,modena,702,45811,pooled,0.25118864315095807,29,0.0005,True,0.9315455187014821,0.6426512968299711,0.8099547511312217,0.7996237064910631,0.9222972972972973,0.8326658540832318,0.00013483464473356446,0.0005722804174045282,0.821214514090207,0.6426512968299711,2391,286,675,499469,660,1,96,13568,223,215,33,9737,537,4,248,14721,425,2,211,11761,546,5,87,12168,437573,59
e0r0,modena,702,45811,balanced,0.1,21,0.0005,False,0.8924652523774689,0.7172859450726979,0.7705559906029757,0.7252747252747253,0.8956521739130435,0.8104527051895473,4.570665923171677e-05,0.0003321627597522786,0.8002468174481823,0.7172859450726979,2202,166,864,499589,610,1,146,13568,222,141,34,9811,492,0,293,14725,363,2,273,11761,515,2,118,12171,437573,20
e0r0,modena,702,45811,pooled,0.25118864315095807,29,0.005,False,0.9315455187014821,0.6426512968299711,0.8099547511312217,0.7996237064910631,0.9222972972972973,0.8326658540832318,0.00013483464473356446,0.0005722804174045282,0.821214514090207,0.6426512968299711,2391,286,675,499469,660,1,96,13568,223,215,33,9737,537,4,248,14721,425,2,211,11761,546,5,87,12168,437573,59
e0r0,modena,702,45811,balanced,0.1,21,0.005,False,0.8924652523774689,0.7172859450726979,0.7705559906029757,0.7252747252747253,0.8956521739130435,0.8104527051895473,4.570665923171677e-05,0.0003321627597522786,0.8002468174481823,0.7172859450726979,2202,166,864,499589,610,1,146,13568,222,141,34,9811,492,0,293,14725,363,2,273,11761,515,2,118,12171,437573,20
e0r0,modena,703,40811,pooled,0.25118864315095807,29,0.0005,True,0.9061818181818182,0.5936305732484076,0.7631027253668763,0.7839388145315488,0.9379194630872483,0.8084949215143121,0.0001426039480921629,0.0007076872022566026,0.79695467888318,0.5936305732484076,2189,354,683,499867,623,6,123,13549,233,282,37,10446,364,1,225,10664,410,2,224,12162,559,0,74,11326,441783,63
e0r0,modena,703,40811,balanced,0.1,21,0.0005,False,0.8666666666666667,0.6468085106382979,0.7187839305103149,0.7080366225839267,0.8943231441048035,0.7807843137254902,5.885242302216246e-05,0.00047379058456162375,0.7669237749008019,0.6468085106382979,1991,237,881,499984,572,2,174,13553,228,207,42,10521,331,1,258,10664,348,1,286,12163,512,0,121,11326,441783,26
e0r0,modena,703,40811,pooled,0.25118864315095807,29,0.005,False,0.9061818181818182,0.5936305732484076,0.7631027253668763,0.7839388145315488,0.9379194630872483,0.8084949215143121,0.0001426039480921629,0.0007076872022566026,0.79695467888318,0.5936305732484076,2189,354,683,499867,623,6,123,13549,233,282,37,10446,364,1,225,10664,410,2,224,12162,559,0,74,11326,441783,63
e0r0,modena,703,40811,balanced,0.1,21,0.005,False,0.8666666666666667,0.6468085106382979,0.7187839305103149,0.7080366225839267,0.8943231441048035,0.7807843137254902,5.885242302216246e-05,0.00047379058456162375,0.7669237749008019,0.6468085106382979,1991,237,881,499984,572,2,174,13553,228,207,42,10521,331,1,258,10664,348,1,286,12163,512,0,121,11326,441783,26
e0r0,modena,703,41811,pooled,0.25118864315095807,29,0.0005,True,0.9035087719298246,0.64037558685446,0.8607172643869891,0.8507596067917784,0.9252717391304348,0.8324555628703094,0.00018591626882115314,0.0008578610265137048,0.8361265938186975,0.64037558685446,2529,429,589,499652,515,3,107,12065,341,334,49,12961,516,3,164,13117,476,7,160,11474,681,1,109,14436,435680,81
e0r0,modena,703,41811,balanced,0.1,21,0.0005,False,0.8631386861313869,0.7073684210526315,0.8241379310344827,0.7840152235965747,0.8966480446927374,0.8179594689028651,8.033419023136246e-05,0.000529914153907067,0.8150616613015625,0.7073684210526315,2341,265,777,499816,473,1,149,12067,336,224,54,13071,478,2,202,13118,412,3,224,11478,642,0,148,14437,435680,35
e0r0,modena,703,41811,pooled,0.25118864315095807,29,0.005,False,0.9035087719298246,0.64037558685446,0.8607172643869891,0.8507596067917784,0.9252717391304348,0.8324555628703094,0.00018591626882115314,0.0008578610265137048,0.8361265938186975,0.64037558685446,2529,429,589,499652,515,3,107,12065,341,334,49,12961,516,3,164,13117,476,7,160,11474,681,1,109,14436,435680,81
e0r0,modena,703,41811,balanced,0.1,21,0.005,False,0.8631386861313869,0.7073684210526315,0.8241379310344827,0.7840152235965747,0.8966480446927374,0.8179594689028651,8.033419023136246e-05,0.000529914153907067,0.8150616613015625,0.7073684210526315,2341,265,777,499816,473,1,149,12067,336,224,54,13071,478,2,202,13118,412,3,224,11478,642,0,148,14437,435680,35
e0r0,modena,703,42811,pooled,0.25118864315095807,29,0.0005,True,0.9106583072100314,0.6517482517482518,0.7596153846153846,0.7844444444444445,0.9052969502407705,0.8100590588683558,0.0001638717430491069,0.0006253657989048081,0.8023526676517765,0.6517482517482518,2126,312,685,498596,581,10,104,12888,233,222,27,11233,395,4,246,12106,353,3,191,10256,564,1,117,12817,439368,72
e0r0,modena,703,42811,balanced,0.1,21,0.0005,False,0.8712059064807219,0.7246835443037974,0.7147147147147147,0.7176470588235294,0.8678304239401496,0.7864077669902912,9.331585368074142e-05,0.00037882735895195105,0.7792163296525827,0.7147147147147147,1944,189,867,498719,531,3,154,12895,229,143,31,11312,357,1,284,12109,305,1,239,10258,522,0,159,12818,439368,41
e0r0,modena,703,42811,pooled,0.25118864315095807,29,0.005,False,0.9106583072100314,0.6517482517482518,0.7596153846153846,0.7844444444444445,0.9052969502407705,0.8100590588683558,0.0001638717430491069,0.0006253657989048081,0.8023526676517765,0.6517482517482518,2126,312,685,498596,581,10,104,12888,233,222,27,11233,395,4,246,12106,353,3,191,10256,564,1,117,12817,439368,72
e0r0,modena,703,42811,balanced,0.1,21,0.005,False,0.8712059064807219,0.7246835443037974,0.7147147147147147,0.7176470588235294,0.8678304239401496,0.7864077669902912,9.331585368074142e-05,0.00037882735895195105,0.7792163296525827,0.7147147147147147,1944,189,867,498719,531,3,154,12895,229,143,31,11312,357,1,284,12109,305,1,239,10258,522,0,159,12818,439368,41
e0r0,modena,703,43811,pooled,0.25118864315095807,29,0.0005,True,0.9068462401795735,0.6628462273161414,0.8114374034003091,0.7110228401191658,0.9129967776584318,0.8007152145643693,0.00021001276231401756,0.0008648181179395708,0.8010298977347243,0.6628462273161414,2463,432,794,499095,808,4,162,17098,347,320,33,14425,525,6,238,13665,358,7,284,11826,425,4,77,8865,433307,91
e0r0,modena,703,43811,balanced,0.1,21,0.0005,False,0.8788927335640139,0.740983606557377,0.7767145135566188,0.6217948717948718,0.881243063263041,0.7865906341800587,0.00010846812998636071,0.0005084810230478032,0.7799257577471845,0.6217948717948718,2276,254,981,499273,762,2,208,17100,339,196,41,14549,487,4,276,13667,291,3,351,11830,397,2,105,8867,433307,47
e0r0,modena,703,43811,pooled,0.25118864315095807,29,0.005,False,0.9068462401795735,0.6628462273161414,0.8114374034003091,0.7110228401191658,0.9129967776584318,0.8007152145643693,0.00021001276231401756,0.0008648181179395708,0.8010298977347243,0.6628462273161414,2463,432,794,499095,808,4,162,17098,347,320,33,14425,525,6,238,13665,358,7,284,11826,425,4,77,8865,433307,91
e0r0,modena,703,43811,balanced,0.1,21,0.005,False,0.8788927335640139,0.740983606557377,0.7767145135566188,0.6217948717948718,0.881243063263041,0.7865906341800587,0.00010846812998636071,0.0005084810230478032,0.7799257577471845,0.6217948717948718,2276,254,981,499273,762,2,208,17100,339,196,41,14549,487,4,276,13667,291,3,351,11830,397,2,105,8867,433307,47
e0r0,modena,703,44811,pooled,0.25118864315095807,29,0.0005,True,0.8868274582560297,0.6591606960081884,0.7502467917077986,0.8051948051948052,0.9327800829875519,0.8017686072218129,0.00017565671658815343,0.000767106167092948,0.8068419668308747,0.6591606960081884,2176,383,693,498896,478,7,115,10670,322,290,43,14102,380,0,253,11778,434,8,202,12307,562,1,80,11761,438355,77
e0r0,modena,703,44811,balanced,0.1,21,0.0005,False,0.8527430221366699,0.730195177956372,0.7134146341463414,0.736426456071076,0.8950086058519794,0.7855044074436827,8.21252181451107e-05,0.0004626671660534491,0.7855575792324877,0.7134146341463414,2005,231,864,499048,443,3,150,10674,318,188,47,14204,351,0,282,11778,373,4,263,12311,520,0,122,11762,438355,36
e0r0,modena,703,44811,pooled,0.25118864315095807,29,0.005,False,0.8868274582560297,0.6591606960081884,0.7502467917077986,0.8051948051948052,0.9327800829875519,0.8017686072218129,0.00017565671658815343,0.000767106167092948,0.8068419668308747,0.6591606960081884,2176,383,693,498896,478,7,115,10670,322,290,43,14102,380,0,253,11778,434,8,202,12307,562,1,80,11761,438355,77
e0r0,modena,703,44811,balanced,0.1,21,0.005,False,0.8527430221366699,0.730195177956372,0.7134146341463414,0.736426456071076,0.8950086058519794,0.7855044074436827,8.21252181451107e-05,0.0004626671660534491,0.7855575792324877,0.7134146341463414,2005,231,864,499048,443,3,150,10674,318,188,47,14204,351,0,282,11778,373,4,263,12311,520,0,122,11762,438355,36
e0r0,modena,703,45811,pooled,0.25118864315095807,29,0.0005,True,0.9231863442389758,0.652046783625731,0.8126888217522659,0.8151571164510166,0.9157446808510639,0.8321142459073494,0.00016225864027259452,0.0005742813978849636,0.8237647493838105,0.652046783625731,2389,287,677,499468,649,1,107,13568,223,205,33,9747,538,1,247,14724,441,5,195,11758,538,4,95,12169,437573,71
e0r0,modena,703,45811,balanced,0.1,21,0.0005,False,0.8948905109489051,0.7284768211920529,0.7753510140405616,0.731610337972167,0.8770999115826702,0.8088479262672811,7.313065477074682e-05,0.0003301617792718432,0.8014857191472714,0.7284768211920529,2194,165,872,499590,613,1,143,13568,220,128,36,9824,497,0,288,14725,368,2,268,11761,496,2,137,12171,437573,32
e0r0,modena,703,45811,pooled,0.25118864315095807,29,0.005,False,0.9231863442389758,0.652046783625731,0.8126888217522659,0.8151571164510166,0.9157446808510639,0.8321142459073494,0.00016225864027259452,0.0005742813978849636,0.8237647493838105,0.652046783625731,2389,287,677,499468,649,1,107,13568,223,205,33,9747,538,1,247,14724,441,5,195,11758,538,4,95,12169,437573,71
e0r0,modena,703,45811,balanced,0.1,21,0.005,False,0.8948905109489051,0.7284768211920529,0.7753510140405616,0.731610337972167,0.8770999115826702,0.8088479262672811,7.313065477074682e-05,0.0003301617792718432,0.8014857191472714,0.7284768211920529,2194,165,872,499590,613,1,143,13568,220,128,36,9824,497,0,288,14725,368,2,268,11761,496,2,137,12171,437573,32
e0r0,ltown,701,110811,pooled,0.2818382931264455,30,0.0005,True,0.9830412662521198,0.6527881040892193,0.8611556982343499,0.9055905220288782,0.981294964028777,0.8971976187019022,0.00017335778481401354,0.00024259025397120246,0.8767741109266689,0.6527881040892193,6179,350,1066,1442412,1739,30,30,33817,439,38,429,33760,1073,17,329,27232,1223,8,247,27128,1705,34,31,34341,1286357,223
e0r0,ltown,701,110811,balanced,0.8912509381337459,40,0.0005,False,0.9832402234636871,0.7082494969818913,0.8662470495672698,0.9289772727272727,0.9787354692373121,0.8816141651225036,0.00047809433928528393,0.0006258828552457023,0.8930899023954867,0.7082494969818913,6423,903,822,1441859,1760,51,9,33796,528,95,340,33703,1101,39,301,27210,1308,38,162,27098,1726,65,10,34310,1286357,615
e0r0,ltown,701,110811,pooled,0.2818382931264455,30,0.005,False,0.9830412662521198,0.6527881040892193,0.8611556982343499,0.9055905220288782,0.981294964028777,0.8971976187019022,0.00017335778481401354,0.00024259025397120246,0.8767741109266689,0.6527881040892193,6179,350,1066,1442412,1739,30,30,33817,439,38,429,33760,1073,17,329,27232,1223,8,247,27128,1705,34,31,34341,1286357,223
e0r0,ltown,701,110811,balanced,1.0,41,0.005,False,0.9832682654768544,0.7019867549668874,0.8664316490403446,0.9304132815259626,0.9787715822247381,0.8769900666757382,0.0005325115811551537,0.000698659931437063,0.8921743066469574,0.7019867549668874,6445,1008,800,1441754,1763,54,6,33793,530,112,338,33686,1106,45,296,27204,1317,44,153,27092,1729,68,7,34307,1286357,685
e0r0,ltown,701,111811,pooled,0.2818382931264455,30,0.0005,True,0.9810329734461628,0.6712586098935505,0.888498065423848,0.8612968886304159,0.9722563221212865,0.8911285145718321,0.0001573775677652781,0.0002769571639586411,0.8748685719030528,0.6712586098935505,6941,399,1297,1440257,1681,51,14,32130,536,78,447,38487,1263,21,296,29423,1481,12,465,36103,1980,38,75,39838,1264475,199
e0r0,ltown,701,111811,balanced,0.8912509381337459,40,0.0005,False,0.9738129496402878,0.7101857062464828,0.8985905809556549,0.8994213281895839,0.9747170719961473,0.8836334970590018,0.00043338144289131855,0.0006712219988671827,0.8913455274056312,0.7101857062464828,7286,967,952,1439689,1692,88,3,32093,631,163,352,38402,1307,43,252,29401,1632,51,314,36064,2024,74,31,39802,1264475,548
e0r0,ltown,701,111811,pooled,0.2818382931264455,30,0.005,False,0.9810329734461628,0.6712586098935505,0.888498065423848,0.8612968886304159,0.9722563221212865,0.8911285145718321,0.0001573775677652781,0.0002769571639586411,0.8748685719030528,0.6712586098935505,6941,399,1297,1440257,1681,51,14,32130,536,78,447,38487,1263,21,296,29423,1481,12,465,36103,1980,38,75,39838,1264475,199
e0r0,ltown,701,111811,balanced,1.0,41,0.005,False,0.9732528041415013,0.7043956043956044,0.8991077556623198,0.9018640350877193,0.9749759384023099,0.8791393713564517,0.0004934854386207714,0.0007545173865239168,0.8907192275378909,0.7043956043956044,7314,1087,924,1439569,1692,90,3,32091,641,196,342,38369,1310,45,249,29399,1645,57,301,36058,2026,75,29,39801,1264475,624
e0r0,ltown,701,112811,pooled,0.2818382931264455,30,0.0005,True,0.9802525089025574,0.6814229249011857,0.831266846361186,0.8890204202426754,0.9818621523579202,0.8913640524870308,0.00016373260920269942,0.00022671617907666196,0.872764970553105,0.6814229249011857,5842,327,1097,1442005,1514,30,31,29158,431,31,372,32749,771,15,298,20880,1502,7,368,34657,1624,32,28,29979,1294794,212
e0r0,ltown,701,112811,balanced,0.8912509381337459,40,0.0005,False,0.9785874081176095,0.7324929971988795,0.8484848484848485,0.9281487743026204,0.9781763826606876,0.8806932111142939,0.00046262185336045736,0.0006073497641319751,0.893178082152929,0.7324929971988795,6149,876,790,1441456,1531,53,14,29135,523,102,280,32678,812,33,257,20862,1647,32,223,34632,1636,57,16,29954,1294794,599
e0r0,ltown,701,112811,pooled,0.2818382931264455,30,0.005,False,0.9802525089025574,0.6814229249011857,0.831266846361186,0.8890204202426754,0.9818621523579202,0.8913640524870308,0.00016373260920269942,0.00022671617907666196,0.872764970553105,0.6814229249011857,5842,327,1097,1442005,1514,30,31,29158,431,31,372,32749,771,15,298,20880,1502,7,368,34657,1624,32,28,29979,1294794,212
e0r0,ltown,701,112811,balanced,1.0,41,0.005,False,0.9783163265306123,0.730795847750865,0.8494007295466389,0.9317291550083939,0.977326968973747,0.8770933863184786,0.0005143675364575369,0.000674601964041566,0.8935138055620515,0.730795847750865,6180,973,759,1441359,1534,57,11,29131,528,114,275,32666,815,35,254,20860,1665,39,205,34625,1638,62,14,29949,1294794,666
e0r0,ltown,701,113811,pooled,0.2818382931264455,30,0.0005,True,0.9769230769230769,0.6937618147448015,0.9101053936763794,0.8829393335232127,0.979294254884806,0.9114018228036456,0.0001772831708631563,0.00025783324426996803,0.8886047747504554,0.6937618147448015,7350,372,1057,1442421,2286,42,66,44701,367,33,291,27556,1468,31,259,31884,1550,14,397,36545,1679,27,44,32804,1269156,225
e0r0,ltown,701,113811,balanced,0.8912509381337459,40,0.0005,False,0.9770284510010537,0.7282051282051282,0.9164895232310962,0.917882225823879,0.9761425697039379,0.8991537376586742,0.0004940291028053289,0.0006646830141260735,0.9031495795930189,0.7282051282051282,7650,959,757,1441834,2318,75,34,44668,426,86,232,27503,1509,57,218,31858,1699,56,248,36503,1698,58,25,32773,1269156,627
e0r0,ltown,701,113811,pooled,0.2818382931264455,30,0.005,False,0.9769230769230769,0.6937618147448015,0.9101053936763794,0.8829393335232127,0.979294254884806,0.9114018228036456,0.0001772831708631563,0.00025783324426996803,0.8886047747504554,0.6937618147448015,7350,372,1057,1442421,2286,42,66,44701,367,33,291,27556,1468,31,259,31884,1550,14,397,36545,1679,27,44,32804,1269156,225
e0r0,ltown,701,113811,balanced,1.0,41,0.005,False,0.9768713204373423,0.7216148023549201,0.9165908401577192,0.9196020435600968,0.9747706422018348,0.8961167883211679,0.0005326374377933052,0.0007242896243605285,0.9018899297423827,0.7216148023549201,7673,1045,734,1441748,2323,81,29,44662,429,102,229,27487,1511,59,216,31856,1710,62,237,36497,1700,65,23,32766,1269156,676
e0r0,ltown,701,114811,pooled,0.2818382931264455,30,0.0005,True,0.9791948122129154,0.658520027155465,0.8889539994140053,0.9094910591471802,0.9766990291262136,0.9044077634681662,0.0001568426382683299,0.00026568937374309154,0.8825717854111559,0.658520027155465,7479,383,1198,1441150,1812,35,42,35712,485,74,429,35345,1517,30,349,35626,1653,11,318,38259,2012,36,60,40369,1256036,197
e0r0,ltown,701,114811,balanced,0.8912509381337459,40,0.0005,False,0.9757527311484147,0.725181598062954,0.8985754985754986,0.9341380215166623,0.9758430997369051,0.89584525580863,0.0004514201822240764,0.0006728947585660543,0.9018981898080869,0.725181598062954,7827,970,850,1440563,1831,68,23,35679,599,139,315,35280,1577,67,289,35589,1780,60,191,38210,2040,69,32,40336,1256036,567
e0r0,ltown,701,114811,pooled,0.2818382931264455,30,0.005,False,0.9791948122129154,0.658520027155465,0.8889539994140053,0.9094910591471802,0.9766990291262136,0.9044077634681662,0.0001568426382683299,0.00026568937374309154,0.8825717854111559,0.658520027155465,7479,383,1198,1441150,1812,35,42,35712,485,74,429,35345,1517,30,349,35626,1653,11,318,38259,2012,36,60,40369,1256036,197
e0r0,ltown,701,114811,balanced,1.0,41,0.005,False,0.9747407604360543,0.7226190476190476,0.9020164725930133,0.9331941544885177,0.9763440860215054,0.8930174421907846,0.000495208736055336,0.0007387968225493277,0.9017829042316278,0.7226190476190476,7859,1065,818,1440468,1833,74,21,35673,607,159,307,35260,1588,67,278,35589,1788,73,183,38197,2043,70,29,40335,1256036,622
e0r0,ltown,701,115811,pooled,0.2818382931264455,30,0.0005,True,0.9744544970729111,0.7050847457627119,0.9020378099680825,0.8978308707953474,0.9715796430931923,0.909648140508045,0.00018709667189903122,0.0003035847958080346,0.890197513338449,0.7050847457627119,7717,438,1095,1442322,1831,25,71,36167,416,87,261,27811,1837,25,374,40648,1428,8,317,32817,2205,57,72,43735,1261380,236
e0r0,ltown,701,115811,balanced,0.8912509381337459,40,0.0005,False,0.9748427672955975,0.7406296851574213,0.9139707644380541,0.920461445051609,0.9686757399006265,0.8981854838709677,0.0004835973299085129,0.0007104438714685741,0.9037160803686616,0.7406296851574213,8019,1025,793,1441735,1860,54,42,36138,494,163,183,27735,1907,55,304,40618,1516,33,229,32792,2242,110,35,43682,1261380,610
e0r0,ltown,701,115811,pooled,0.2818382931264455,30,0.005,False,0.9744544970729111,0.7050847457627119,0.9020378099680825,0.8978308707953474,0.9715796430931923,0.909648140508045,0.00018709667189903122,0.0003035847958080346,0.890197513338449,0.7050847457627119,7717,438,1095,1442322,1831,25,71,36167,416,87,261,27811,1837,25,374,40648,1428,8,317,32817,2205,57,72,43735,1261380,236
e0r0,ltown,701,115811,balanced,1.0,41,0.005,False,0.974869109947644,0.7306273062730627,0.9144768275203058,0.9235418555454821,0.9691477885652643,0.8944852123637981,0.0005414704529959251,0.0007839141645180071,0.9025325775703518,0.7306273062730627,8045,1131,767,1441629,1862,56,40,36136,495,183,182,27715,1914,61,297,40612,1528,36,217,32789,2246,112,31,43680,1261380,683
e0r0,ltown,702,110811,pooled,0.223872113856834,28,0.0005,True,0.9844500989539158,0.6353467561521253,0.8635634028892456,0.9061920652576937,0.9830215827338129,0.896391490597546,0.00017957689817057007,0.00024605582902793394,0.8745147811973586,0.6353467561521253,6173,355,1072,1442407,1741,27,28,33820,426,47,442,33751,1076,14,326,27235,1222,5,248,27131,1708,31,28,34344,1286357,231
e0r0,ltown,702,110811,balanced,0.7943282347242817,39,0.0005,False,0.9846325789326628,0.6982408660351827,0.8785992217898833,0.9322935129386742,0.9801474758933636,0.8844097079391197,0.00047576217177657524,0.0006175654751095468,0.8947827311179534,0.6982408660351827,6450,891,795,1441871,1762,48,7,33799,516,94,352,33704,1129,39,273,27210,1315,36,155,27100,1728,62,8,34313,1286357,612
e0r0,ltown,702,110811,pooled,0.223872113856834,28,0.005,False,0.9844500989539158,0.6353467561521253,0.8635634028892456,0.9061920652576937,0.9830215827338129,0.896391490597546,0.00017957689817057007,0.00024605582902793394,0.8745147811973586,0.6353467561521253,6173,355,1072,1442407,1741,27,28,33820,426,47,442,33751,1076,14,326,27235,1222,5,248,27131,1708,31,28,34344,1286357,231
e0r0,ltown,702,110811,balanced,0.8912509381337459,40,0.005,False,0.9832682654768544,0.6943894389438944,0.8809616130283056,0.9317862165963432,0.9793142533295551,0.87950580408662,0.0005270698569681667,0.000698659931437063,0.8939439574749904,0.6943894389438944,6478,1008,767,1441754,1763,54,6,33793,526,121,342,33677,1136,41,266,27208,1325,49,145,27087,1728,65,8,34310,1286357,678
e0r0,ltown,702,111811,pooled,0.223872113856834,28,0.0005,True,0.9830409356725146,0.6666666666666666,0.8850371418464804,0.8537156231714453,0.9741824440619621,0.8878474674199139,0.0001708218825994978,0.0002943103697204607,0.8725285622838138,0.6666666666666666,6915,424,1323,1440232,1681,44,14,32137,543,103,440,38462,1251,17,308,29427,1459,13,487,36102,1981,31,74,39845,1264475,216
e0r0,ltown,702,111811,balanced,0.7943282347242817,39,0.0005,False,0.9743737402821768,0.7052280311457174,0.8973384030418251,0.8998620689655172,0.9783027965284474,0.8837660761950983,0.0004325906008422468,0.0006677513577148188,0.8910210079927368,0.7052280311457174,7284,962,954,1439694,1692,86,3,32095,634,181,349,38384,1298,36,261,29408,1631,48,315,36067,2029,64,26,39812,1264475,547
e0r0,ltown,702,111811,pooled,0.223872113856834,28,0.005,False,0.9830409356725146,0.6666666666666666,0.8850371418464804,0.8537156231714453,0.9741824440619621,0.8878474674199139,0.0001708218825994978,0.0002943103697204607,0.8725285622838138,0.6666666666666666,6915,424,1323,1440232,1681,44,14,32137,543,103,440,38462,1251,17,308,29427,1459,13,487,36102,1981,31,74,39845,1264475,216
e0r0,ltown,702,111811,balanced,0.8912509381337459,40,0.005,False,0.9735327963176065,0.7081754195993503,0.8983809851877368,0.9020038429865496,0.9788155994222436,0.8807935076645627,0.00048399533403191045,0.0007434113348363524,0.8921817287026974,0.7081754195993503,7326,1071,912,1439585,1692,89,3,32092,654,210,329,38355,1304,40,255,29404,1643,54,303,36061,2033,66,22,39810,1264475,612
e0r0,ltown,702,112811,pooled,0.223872113856834,28,0.0005,True,0.980226904376013,0.6666666666666666,0.8170865279299014,0.8896123113347144,0.9815431164901665,0.8892293549869772,0.0001513754311496655,0.00021562303269982223,0.8670271053594923,0.6666666666666666,5804,311,1135,1442021,1512,28,33,29160,421,39,382,32741,746,11,323,20884,1503,6,367,34658,1622,31,30,29980,1294794,196
e0r0,ltown,702,112811,balanced,0.7943282347242817,39,0.0005,False,0.9802043422733078,0.7230443974630021,0.8411609498680739,0.9348251748251748,0.9787996416840848,0.8825005376729514,0.00044717538079416493,0.000592790009512373,0.8916069012227286,0.7230443974630021,6155,855,784,1441477,1535,52,10,29136,513,103,290,32677,797,29,272,20866,1671,34,199,34630,1639,58,13,29953,1294794,579
e0r0,ltown,702,112811,pooled,0.223872113856834,28,0.005,False,0.980226904376013,0.6666666666666666,0.8170865279299014,0.8896123113347144,0.9815431164901665,0.8892293549869772,0.0001513754311496655,0.00021562303269982223,0.8670271053594923,0.6666666666666666,5804,311,1135,1442021,1512,28,33,29160,421,39,382,32741,746,11,323,20884,1503,6,367,34658,1622,31,30,29980,1294794,196
e0r0,ltown,702,112811,balanced,0.8912509381337459,40,0.005,False,0.9789540816326531,0.7234927234927235,0.8410526315789474,0.9342618384401115,0.9788375558867363,0.8785658390837305,0.0004888808567231545,0.0006538023145849915,0.8913197662062343,0.7234927234927235,6175,943,764,1441389,1535,56,10,29132,522,118,281,32662,799,32,270,20863,1677,43,193,34621,1642,61,10,29950,1294794,633
e0r0,ltown,702,113811,pooled,0.223872113856834,28,0.0005,True,0.9779773358990806,0.6901140684410646,0.9060738885410144,0.8831242873432155,0.9801633605600933,0.9109674210395424,0.0001772831708631563,0.00024327814177085695,0.8874905881568937,0.6901140684410646,7326,351,1081,1442442,2287,38,65,44705,363,31,295,27558,1447,20,280,31895,1549,12,398,36547,1680,25,43,32806,1269156,225
e0r0,ltown,702,113811,balanced,0.7943282347242817,39,0.0005,False,0.9802021903959562,0.7271157167530224,0.9159792239535595,0.9180592991913746,0.9778672032193159,0.903305785123967,0.00045069321659433514,0.0006113143049626662,0.9038447267026457,0.7271157167530224,7651,882,756,1441911,2327,69,25,44674,421,79,237,27510,1499,47,228,31868,1703,60,244,36499,1701,55,22,32776,1269156,572
e0r0,ltown,702,113811,pooled,0.223872113856834,28,0.005,False,0.9779773358990806,0.6901140684410646,0.9060738885410144,0.8831242873432155,0.9801633605600933,0.9109674210395424,0.0001772831708631563,0.00024327814177085695,0.8874905881568937,0.6901140684410646,7326,351,1081,1442442,2287,38,65,44705,363,31,295,27558,1447,20,280,31895,1549,12,398,36547,1680,25,43,32806,1269156,225
e0r0,ltown,702,113811,balanced,0.8912509381337459,40,0.005,False,0.9793857803954564,0.7295918367346939,0.9184418746195983,0.9186295503211992,0.9767575322812052,0.9001347156328706,0.0005011204296398551,0.0006806243168631952,0.9045613148704306,0.7295918367346939,7684,982,723,1441811,2328,74,24,44669,429,89,229,27500,1509,50,218,31865,1716,73,231,36486,1702,60,21,32771,1269156,636
e0r0,ltown,702,114811,pooled,0.223872113856834,28,0.0005,True,0.9810708491076258,0.6648313833448039,0.8829787234042553,0.9039579296983117,0.9796215429403202,0.9044841414509661,0.0001496772385504874,0.00023447260659311997,0.8824920856990633,0.6648313833448039,7443,338,1234,1441195,1814,30,40,35717,483,56,431,35363,1494,24,372,35632,1633,9,338,38261,2019,31,53,40374,1256036,188
e0r0,ltown,702,114811,balanced,0.7943282347242817,39,0.0005,False,0.9792,0.7189623224212477,0.8981001727115717,0.9305263157894736,0.9794356767097083,0.8976160313255788,0.00043072013859475367,0.0006208668133161017,0.9012448975264004,0.7189623224212477,7794,895,883,1440638,1836,60,18,35687,582,123,332,35296,1560,48,306,35608,1768,61,203,38209,2048,62,24,40343,1256036,541
e0r0,ltown,702,114811,pooled,0.223872113856834,28,0.005,False,0.9810708491076258,0.6648313833448039,0.8829787234042553,0.9039579296983117,0.9796215429403202,0.9044841414509661,0.0001496772385504874,0.00023447260659311997,0.8824920856990633,0.6648313833448039,7443,338,1234,1441195,1814,30,40,35717,483,56,431,35363,1494,24,372,35632,1633,9,338,38261,2019,31,53,40374,1256036,188
e0r0,ltown,702,114811,balanced,0.8912509381337459,40,0.005,False,0.9779079052435454,0.7237635705669482,0.8987668482936622,0.931097720723081,0.9785407725321889,0.894535487923257,0.00047769331452283216,0.0006957870544760335,0.902015363471885,0.7237635705669482,7833,1003,844,1440530,1837,66,17,35681,600,144,314,35275,1567,54,299,35602,1777,69,194,38201,2052,70,20,40335,1256036,600
e0r0,ltown,702,115811,pooled,0.223872113856834,28,0.0005,True,0.9781566329248801,0.6912133891213389,0.900616522811344,0.8990883370009431,0.9735566328779198,0.910958904109589,0.00016886267421395613,0.00028417754858742965,0.8885263029472851,0.6912133891213389,7714,410,1098,1442350,1836,16,66,36176,413,105,264,27793,1826,18,385,40655,1430,6,315,32819,2209,52,68,43740,1261380,213
e0r0,ltown,702,115811,balanced,0.7943282347242817,39,0.0005,False,0.9756225425950197,0.7253574115876599,0.9148219441770934,0.9212121212121213,0.9721201642532958,0.8995285136955545,0.00046694889723953133,0.0006868779284149824,0.901826836765038,0.7253574115876599,8013,991,799,1441769,1861,52,41,36140,482,170,195,27728,1901,44,310,40629,1520,35,225,32790,2249,101,28,43691,1261380,589
e0r0,ltown,702,115811,pooled,0.223872113856834,28,0.005,False,0.9781566329248801,0.6912133891213389,0.900616522811344,0.8990883370009431,0.9735566328779198,0.910958904109589,0.00016886267421395613,0.00028417754858742965,0.8885263029472851,0.6912133891213389,7714,410,1098,1442350,1836,16,66,36176,413,105,264,27793,1826,18,385,40655,1430,6,315,32819,2209,52,68,43740,1261380,213
e0r0,ltown,702,115811,balanced,0.8912509381337459,40,0.005,False,0.9759288330716902,0.7304860088365243,0.9161475802587447,0.9221014492753623,0.9711082363087538,0.8964595858383434,0.0005232364553108501,0.0007624275693809088,0.903154421550215,0.7304860088365243,8052,1100,760,1441660,1865,55,37,36137,496,185,181,27713,1912,51,299,40622,1527,40,218,32785,2252,109,25,43683,1261380,660
e0r0,ltown,703,110811,pooled,0.2818382931264455,30,0.0005,True,0.9841897233201581,0.6676624346527259,0.8582930756843801,0.9076809453471196,0.9850402761795167,0.896751320454381,0.00021144985412292232,0.00026269058930024493,0.8805732910367802,0.6676624346527259,6197,379,1048,1442383,1743,30,26,33817,447,24,421,33774,1066,16,336,27233,1229,9,241,27127,1712,28,24,34347,1286357,272
e0r0,ltown,703,110811,balanced,0.7943282347242817,39,0.0005,False,0.9862860341449762,0.7094076655052265,0.8706624605678234,0.9245014245014245,0.9832243389252203,0.8838268792710706,0.0004804265067939927,0.0005822166095308859,0.8948163847289342,0.7094076655052265,6402,840,843,1441922,1762,42,7,33805,509,58,359,33740,1104,30,298,27219,1298,40,172,27096,1729,52,7,34323,1286357,618
e0r0,ltown,703,110811,pooled,0.2818382931264455,30,0.005,False,0.9841897233201581,0.6676624346527259,0.8582930756843801,0.9076809453471196,0.9850402761795167,0.896751320454381,0.00021144985412292232,0.00026269058930024493,0.8805732910367802,0.6676624346527259,6197,379,1048,1442383,1743,30,26,33817,447,24,421,33774,1066,16,336,27233,1229,9,241,27127,1712,28,24,34347,1286357,272
e0r0,ltown,703,110811,balanced,1.1220184543019642,42,0.005,False,0.9849330357142857,0.7082785808147175,0.8730407523510971,0.926382529059528,0.9809929078014185,0.8700100976102323,0.0006475651782514496,0.000795696033025544,0.8947255611482093,0.7082785808147175,6462,1148,783,1441614,1765,50,4,33797,539,115,329,33683,1114,36,288,27213,1315,54,155,27082,1729,60,7,34315,1286357,833
e0r0,ltown,703,111811,pooled,0.2818382931264455,30,0.0005,True,0.9844983913424978,0.6890436985433819,0.8910821290095171,0.8639258830341633,0.9742583966658495,0.8932461873638344,0.0001882204076790763,0.00027626303572816826,0.8805616997190819,0.6890436985433819,6970,398,1268,1440258,1683,41,12,32140,544,52,439,38513,1264,14,295,29430,1492,16,454,36099,1987,37,68,39839,1264475,238
e0r0,ltown,703,111811,balanced,0.7943282347242817,39,0.0005,False,0.9797336421540244,0.7196702002355713,0.8997926744989634,0.896398891966759,0.9790209790209791,0.886458078709362,0.00044366238952925124,0.0006059739452027409,0.8949232775752595,0.7196702002355713,7253,873,985,1439783,1692,67,3,32114,611,104,372,38461,1302,33,257,29411,1618,46,328,36069,2030,62,25,39814,1264475,561
e0r0,ltown,703,111811,pooled,0.2818382931264455,30,0.005,False,0.9844983913424978,0.6890436985433819,0.8910821290095171,0.8639258830341633,0.9742583966658495,0.8932461873638344,0.0001882204076790763,0.00027626303572816826,0.8805616997190819,0.6890436985433819,6970,398,1268,1440258,1683,41,12,32140,544,52,439,38513,1264,14,295,29430,1492,16,454,36099,1987,37,68,39839,1264475,238
e0r0,ltown,703,111811,balanced,1.1220184543019642,42,0.005,False,0.9754972614586336,0.7225877192982456,0.9052848318462594,0.9073117695025822,0.9759730898606439,0.876285595386719,0.0006113209039324621,0.0008419775435634878,0.8973309343932728,0.7225877192982456,7370,1213,868,1439443,1692,82,3,32099,659,182,324,38383,1319,36,240,29408,1669,64,277,36051,2031,76,24,39800,1264475,773
e0r0,ltown,703,112811,pooled,0.2818382931264455,30,0.0005,True,0.9828645328160363,0.6951702296120348,0.8200654307524536,0.8998242530755711,0.9824773413897281,0.8934357648132654,0.00017995140539730643,0.00023226275226508183,0.8760803575291648,0.6951702296120348,5873,335,1066,1441997,1520,28,25,29160,439,21,364,32759,752,13,317,20882,1536,8,334,34656,1626,32,26,29979,1294794,233
e0r0,ltown,703,112811,balanced,0.7943282347242817,39,0.0005,False,0.9830291386487352,0.7432727272727273,0.8394276629570747,0.9287524640946212,0.9823406165818617,0.8850375505488157,0.000440996791767648,0.0005414842075194893,0.895364521911004,0.7432727272727273,6128,781,811,1441551,1535,43,10,29145,511,61,292,32719,792,26,277,20869,1649,32,221,34632,1641,48,11,29963,1294794,571
e0r0,ltown,703,112811,pooled,0.2818382931264455,30,0.005,False,0.9828645328160363,0.6951702296120348,0.8200654307524536,0.8998242530755711,0.9824773413897281,0.8934357648132654,0.00017995140539730643,0.00023226275226508183,0.8760803575291648,0.6951702296120348,5873,335,1066,1441997,1520,28,25,29160,439,21,364,32759,752,13,317,20882,1536,8,334,34656,1626,32,26,29979,1294794,233
e0r0,ltown,703,112811,balanced,1.1220184543019642,42,0.005,False,0.9789942711648632,0.7392197125256673,0.8444211629125197,0.933074146070536,0.9805912212600776,0.8719966277926092,0.0005962338410588865,0.000755027275273654,0.8952601027867327,0.7392197125256673,6206,1089,733,1441243,1538,59,7,29129,540,118,263,32662,806,34,263,20861,1680,51,190,34613,1642,55,10,29956,1294794,772
e0r0,ltown,703,113811,pooled,0.2818382931264455,30,0.0005,True,0.9790866410584721,0.7017543859649122,0.9101123595505618,0.8903335217637083,0.9804835420914652,0.9134853743182945,0.0001961933757552263,0.00024882294272289925,0.8923540900858239,0.7017543859649122,7370,359,1037,1442434,2294,40,58,44703,360,8,298,27581,1458,19,269,31896,1575,16,372,36543,1683,27,40,32804,1269156,249
e0r0,ltown,703,113811,balanced,0.7943282347242817,39,0.0005,False,0.9825005270925574,0.7443541102077688,0.9197795468462951,0.9189482244510707,0.9787111622554661,0.906125837632687,0.0004585724686326976,0.000565569697108317,0.9088587141706317,0.7443541102077688,7640,816,767,1441977,2330,61,22,44682,412,37,246,27552,1502,37,225,31878,1695,47,252,36512,1701,52,22,32779,1269156,582
e0r0,ltown,703,113811,pooled,0.2818382931264455,30,0.005,False,0.9790866410584721,0.7017543859649122,0.9101123595505618,0.8903335217637083,0.9804835420914652,0.9134853743182945,0.0001961933757552263,0.00024882294272289925,0.8923540900858239,0.7017543859649122,7370,359,1037,1442434,2294,40,58,44703,360,8,298,27581,1458,19,269,31896,1575,16,372,36543,1683,27,40,32804,1269156,249
e0r0,ltown,703,113811,balanced,1.1220184543019642,42,0.005,False,0.9798488664987406,0.7356715141146278,0.9211165048543689,0.9233243967828418,0.9753581661891118,0.8936046848727315,0.0006287643126613277,0.0007859755349519993,0.9070638896879382,0.7356715141146278,7706,1134,701,1441659,2334,78,18,44665,430,81,228,27508,1518,51,209,31864,1722,61,225,36498,1702,65,21,32766,1269156,798
e0r0,ltown,703,114811,pooled,0.2818382931264455,30,0.0005,True,0.9819065622468269,0.6773743016759777,0.8824049513704686,0.9108367626886146,0.9799274486094317,0.905418480890179,0.0001815234595186762,0.0002587523143764312,0.8864900053182639,0.6773743016759777,7486,373,1191,1441160,1818,31,36,35716,485,33,429,35386,1497,30,369,35626,1660,14,311,38256,2026,37,46,40368,1256036,228
e0r0,ltown,703,114811,balanced,0.7943282347242817,39,0.0005,False,0.9812934259754142,0.7280927835051546,0.8986427952642217,0.9321362556113019,0.9794356767097083,0.8996179228898923,0.00043629322726418667,0.0005736948096228113,0.9039201874131602,0.7280927835051546,7770,827,907,1440706,1836,52,18,35695,565,73,349,35346,1556,41,310,35615,1765,51,206,38219,2048,62,24,40343,1256036,548
e0r0,ltown,703,114811,pooled,0.2818382931264455,30,0.005,False,0.9819065622468269,0.6773743016759777,0.8824049513704686,0.9108367626886146,0.9799274486094317,0.905418480890179,0.0001815234595186762,0.0002587523143764312,0.8864900053182639,0.6773743016759777,7486,373,1191,1441160,1818,31,36,35716,485,33,429,35386,1497,30,369,35626,1660,14,311,38256,2026,37,46,40368,1256036,228
e0r0,ltown,703,114811,balanced,1.1220184543019642,42,0.005,False,0.9789501731947775,0.7331730769230769,0.9020618556701031,0.9356267917643992,0.9782971619365609,0.8892405063291139,0.0006026897318229732,0.0007984555331026068,0.9056218118977835,0.7331730769230769,7868,1151,809,1440382,1837,62,17,35685,610,140,304,35279,1575,51,291,35605,1795,71,176,38199,2051,70,21,40335,1256036,757
e0r0,ltown,703,115811,pooled,0.2818382931264455,30,0.0005,True,0.9784860557768924,0.733102253032929,0.9003453379378392,0.9025994362668337,0.9744718309859155,0.9123034336533364,0.00021325849466457373,0.0002924949402534032,0.8978009828000818,0.733102253032929,7745,422,1067,1442338,1842,21,60,36171,423,54,254,27844,1825,18,386,40655,1441,7,304,32818,2214,53,63,43739,1261380,269
e0r0,ltown,703,115811,balanced,0.7943282347242817,39,0.0005,False,0.9802683504340963,0.7595541401273885,0.9137472819521624,0.9191333536771438,0.9718492854049372,0.9014514033997854,0.0004883540249567933,0.0006335079985583188,0.9089104823191455,0.7595541401273885,7981,914,831,1441846,1863,36,39,36156,477,102,200,27796,1891,37,320,40636,1506,26,239,32799,2244,97,33,43695,1261380,616
e0r0,ltown,703,115811,pooled,0.2818382931264455,30,0.005,False,0.9784860557768924,0.733102253032929,0.9003453379378392,0.9025994362668337,0.9744718309859155,0.9123034336533364,0.00021325849466457373,0.0002924949402534032,0.8978009828000818,0.733102253032929,7745,422,1067,1442338,1842,21,60,36171,423,54,254,27844,1825,18,386,40655,1441,7,304,32818,2214,53,63,43739,1261380,269
e0r0,ltown,703,115811,balanced,1.1220184543019642,42,0.005,False,0.977510460251046,0.7503782148260212,0.9158071479971216,0.9218231210383339,0.9711206896551724,0.8903874854900227,0.0006524600041224691,0.0008490670659014666,0.907327926753539,0.7503782148260212,8054,1225,758,1441535,1869,53,33,36139,496,149,181,27749,1909,49,302,40624,1527,41,218,32784,2253,110,24,43682,1261380,823
e0r1,modena,701,40811,pooled,0.5623413251903491,36,0.0005,True,0.9562195969423211,0.9391634980988594,0.7947154471544715,0.8484304932735426,0.967479674796748,0.8837209302325582,0.00028068078672108254,0.00030386569136441695,0.9012017420531885,0.7947154471544715,2394,152,478,500069,688,5,58,13550,247,9,23,10719,391,4,198,10661,473,8,161,12156,595,2,38,11324,441783,124
e0r1,modena,701,40811,balanced,0.8912509381337459,40,0.0005,False,0.9648518263266712,0.9291044776119403,0.8012108980827447,0.8596491228070176,0.9790996784565916,0.8810810810810811,0.00042554828954486707,0.00046579411899940224,0.9067832006569931,0.8012108980827447,2445,233,427,499988,700,5,46,13550,249,17,21,10711,397,5,192,10660,490,16,144,12148,609,2,24,11324,441783,188
e0r1,modena,701,40811,pooled,0.5623413251903491,36,0.005,False,0.9562195969423211,0.9391634980988594,0.7947154471544715,0.8484304932735426,0.967479674796748,0.8837209302325582,0.00028068078672108254,0.00030386569136441695,0.9012017420531885,0.7947154471544715,2394,152,478,500069,688,5,58,13550,247,9,23,10719,391,4,198,10661,473,8,161,12156,595,2,38,11324,441783,124
e0r1,modena,701,40811,balanced,1.1220184543019642,42,0.005,False,0.9669876203576341,0.9276437847866419,0.8084252758274825,0.8606271777003485,0.9815557337610264,0.877561931919444,0.0005115633693464891,0.0005537552401838387,0.9090479184866267,0.8084252758274825,2462,277,410,499944,703,5,43,13550,250,19,20,10709,403,5,186,10660,494,20,140,12144,612,2,21,11324,441783,226
e0r1,modena,701,41811,pooled,0.5623413251903491,36,0.0005,True,0.9326513213981245,0.9413333333333334,0.8814390842191333,0.9032258064516129,0.963254593175853,0.9012263838249918,0.0003557656995960338,0.0003939361823384612,0.9243808277156115,0.8814390842191333,2719,197,399,499884,547,4,75,12064,353,7,37,13288,539,4,141,13116,546,27,90,11454,734,0,56,14437,435680,155
e0r1,modena,701,41811,balanced,0.8912509381337459,40,0.0005,False,0.945424013434089,0.9393139841688655,0.8879935535858179,0.9061488673139159,0.96957928802589,0.8960180557794616,0.0005325009181050312,0.0006119008720587265,0.9296919413057155,0.8879935535858179,2779,306,339,499775,563,6,59,12062,356,12,34,13283,551,10,129,13110,560,40,76,11441,749,6,41,14431,435680,232
e0r1,modena,701,41811,pooled,0.5623413251903491,36,0.005,False,0.9326513213981245,0.9413333333333334,0.8814390842191333,0.9032258064516129,0.963254593175853,0.9012263838249918,0.0003557656995960338,0.0003939361823384612,0.9243808277156115,0.8814390842191333,2719,197,399,499884,547,4,75,12064,353,7,37,13288,539,4,141,13116,546,27,90,11454,734,0,56,14437,435680,155
e0r1,modena,701,41811,balanced,1.1220184543019642,42,0.005,False,0.9507101086048454,0.9331585845347313,0.8929712460063898,0.9069212410501193,0.972972972972973,0.8912147161433556,0.0006495593095850166,0.0007558775478372504,0.9313468306338117,0.8929712460063898,2810,378,308,499703,569,6,53,12062,356,17,34,13278,559,13,121,13107,570,51,66,11430,756,8,34,14429,435680,283
e0r1,modena,701,42811,pooled,0.5623413251903491,36,0.0005,True,0.952018278750952,0.9573643410852714,0.7751646284101599,0.8515864892528148,0.9274691358024691,0.8597048384083691,0.000427887329072668,0.0004830549921027524,0.8927205746603335,0.7751646284101599,2301,241,510,498667,625,3,60,12895,247,9,13,11446,412,10,229,12100,416,17,128,10242,601,14,80,12804,439368,188
e0r1,modena,701,42811,balanced,0.8912509381337459,40,0.0005,False,0.9593373493975904,0.9485714285714286,0.786308973172988,0.8542914171656687,0.9425113464447806,0.8497931282604785,0.0006850749258025164,0.0007736897383886407,0.8982041029504912,0.786308973172988,2362,386,449,498522,637,6,48,12892,249,16,11,11439,425,15,216,12095,428,30,116,10229,623,18,58,12800,439368,301
e0r1,modena,701,42811,pooled,0.5623413251903491,36,0.005,False,0.952018278750952,0.9573643410852714,0.7751646284101599,0.8515864892528148,0.9274691358024691,0.8597048384083691,0.000427887329072668,0.0004830549921027524,0.8927205746603335,0.7751646284101599,2301,241,510,498667,625,3,60,12895,247,9,13,11446,412,10,229,12100,416,17,128,10242,601,14,80,12804,439368,188
e0r1,modena,701,42811,balanced,1.1220184543019642,42,0.005,False,0.9655688622754491,0.9378531073446328,0.7889400921658987,0.8577036310107949,0.9443609022556391,0.8415300546448088,0.0008466706724203856,0.0009520793412813585,0.8988853190104829,0.7889400921658987,2387,475,424,498433,645,6,40,12892,249,22,11,11433,428,16,213,12094,437,38,107,10221,628,21,53,12797,439368,372
e0r1,modena,701,43811,pooled,0.5623413251903491,36,0.0005,True,0.937636761487965,0.957592339261286,0.8323262839879154,0.7952898550724637,0.957688338493292,0.8736047275114904,0.0003138652271945757,0.0003483295197256605,0.8961067156605844,0.7952898550724637,2661,174,596,499353,857,1,113,17101,350,1,30,14744,551,10,212,13661,439,23,203,11810,464,3,38,8866,433307,136
e0r1,modena,701,43811,balanced,0.8912509381337459,40,0.0005,False,0.9503239740820735,0.9551020408163265,0.8452380952380952,0.8154657293497364,0.9674134419551935,0.8740622505985635,0.0004938761663208764,0.0005405113237122317,0.9067086562882851,0.8154657293497364,2738,270,519,499257,880,2,90,17100,351,4,29,14741,568,13,195,13658,464,32,178,11801,475,5,27,8864,433307,214
e0r1,modena,701,43811,pooled,0.5623413251903491,36,0.005,False,0.937636761487965,0.957592339261286,0.8323262839879154,0.7952898550724637,0.957688338493292,0.8736047275114904,0.0003138652271945757,0.0003483295197256605,0.8961067156605844,0.7952898550724637,2661,174,596,499353,857,1,113,17101,350,1,30,14744,551,10,212,13661,439,23,203,11810,464,3,38,8866,433307,136
e0r1,modena,701,43811,balanced,1.1220184543019642,42,0.005,False,0.9549356223175965,0.9554655870445344,0.8516605166051661,0.8234280792420328,0.97165991902834,0.8710233505720106,0.0006277304543891514,0.0006906533580767406,0.9114299448475339,0.8234280792420328,2779,345,478,499182,890,4,80,17098,354,7,26,14738,577,15,186,13656,478,41,164,11792,480,6,22,8863,433307,272
e0r1,modena,701,44811,pooled,0.5623413251903491,36,0.0005,True,0.9392857142857143,0.9295774647887324,0.7711538461538462,0.8529664660361135,0.9712460063897763,0.8673769287288758,0.0003627197134742389,0.0004286180672529788,0.8928458995308365,0.7711538461538462,2361,214,508,499065,526,1,67,10676,330,15,35,14377,401,6,232,11772,496,31,140,12284,608,2,34,11760,438355,159
e0r1,modena,701,44811,balanced,0.8912509381337459,40,0.0005,False,0.9506172839506173,0.9171270718232044,0.7778836987607245,0.8519134775374376,0.9786561264822135,0.86056061417604,0.0005178451255261146,0.0006449299890442017,0.8952395317108394,0.7778836987607245,2410,322,459,498957,539,2,54,10675,332,27,33,14365,408,8,225,11770,512,54,124,12261,619,4,23,11758,438355,227
e0r1,modena,701,44811,pooled,0.5623413251903491,36,0.005,False,0.9392857142857143,0.9295774647887324,0.7711538461538462,0.8529664660361135,0.9712460063897763,0.8673769287288758,0.0003627197134742389,0.0004286180672529788,0.8928458995308365,0.7711538461538462,2361,214,508,499065,526,1,67,10676,330,15,35,14377,401,6,232,11772,496,31,140,12284,608,2,34,11760,438355,159
e0r1,modena,701,44811,balanced,1.1220184543019642,42,0.005,False,0.9507908611599297,0.9140518417462483,0.782608695652174,0.8573770491803279,0.980330448465775,0.8553370786516854,0.0006296266724458487,0.0007831292724108164,0.897031779240891,0.782608695652174,2436,391,433,498888,541,4,52,10673,335,33,30,14359,414,11,219,11767,523,61,113,12254,623,6,19,11756,438355,276
e0r1,modena,701,45811,pooled,0.5623413251903491,36,0.0005,True,0.9402777777777778,0.9452332657200812,0.8365243004418262,0.8530721282279609,0.946843853820598,0.8795683954054995,0.00029252261908298727,0.00030615001350661823,0.9043902651976488,0.8365243004418262,2527,153,539,499602,677,7,79,13562,233,4,23,9948,568,5,217,14720,479,8,157,11755,570,1,63,12172,437573,128
e0r1,modena,701,45811,balanced,0.8912509381337459,40,0.0005,False,0.9463548830811555,0.9414141414141414,0.8444767441860465,0.8691910499139415,0.9564502875924404,0.8762904044677611,0.0004684932571250968,0.0005082490420305949,0.911577421237545,0.8444767441860465,2589,254,477,499501,688,10,68,13559,233,6,23,9946,581,10,204,14715,505,21,131,11742,582,2,51,12171,437573,205
e0r1,modena,701,45811,pooled,0.5623413251903491,36,0.005,False,0.9402777777777778,0.9452332657200812,0.8365243004418262,0.8530721282279609,0.946843853820598,0.8795683954054995,0.00029252261908298727,0.00030615001350661823,0.9043902651976488,0.8365243004418262,2527,153,539,499602,677,7,79,13562,233,4,23,9948,568,5,217,14720,479,8,157,11755,570,1,63,12172,437573,128
e0r1,modena,701,45811,balanced,1.1220184543019642,42,0.005,False,0.9514031485284052,0.9288537549407114,0.848879248011569,0.8682432432432432,0.9617575264442636,0.8703734439834024,0.0005987572359354896,0.0006743304219067343,0.9118273842336384,0.848879248011569,2622,337,444,499418,695,10,61,13559,235,15,21,9937,587,11,198,14714,514,34,122,11729,591,5,42,12168,437573,262
e0r1,modena,702,40811,pooled,0.6309573444801934,37,0.0005,True,0.9596662030598053,0.9393939393939394,0.7947154471544715,0.8460846084608461,0.9749798224374495,0.8854089904200442,0.00028973500564756906,0.0003058648077549723,0.9029680041013023,0.7947154471544715,2403,153,469,500068,690,2,56,13553,248,10,22,10718,391,4,198,10661,470,7,164,12157,604,2,29,11324,441783,128
e0r1,modena,702,40811,balanced,0.8912509381337459,40,0.0005,False,0.9662301860785665,0.9380863039399625,0.8044354838709677,0.8538324420677362,0.9799518845228549,0.8850199492201668,0.00038254074964405604,0.00040382151089218566,0.9085072600960176,0.8044354838709677,2440,202,432,500019,701,4,45,13551,250,13,20,10715,399,4,190,10661,479,9,155,12155,611,3,22,11323,441783,169
e0r1,modena,702,40811,pooled,0.6309573444801934,37,0.005,False,0.9596662030598053,0.9393939393939394,0.7947154471544715,0.8460846084608461,0.9749798224374495,0.8854089904200442,0.00028973500564756906,0.0003058648077549723,0.9029680041013023,0.7947154471544715,2403,153,469,500068,690,2,56,13553,248,10,22,10718,391,4,198,10661,470,7,164,12157,604,2,29,11324,441783,128
e0r1,modena,702,40811,balanced,1.412537544622754,44,0.005,False,0.9740437158469946,0.9244935543278084,0.817910447761194,0.8641542506573181,0.9832402234636871,0.8746478873239436,0.0006202139964643275,0.0006477137105399413,0.9127684384114005,0.817910447761194,2484,324,388,499897,713,5,33,13550,251,22,19,10706,411,5,178,10660,493,14,141,12150,616,4,17,11322,441783,274
e0r1,modena,702,41811,pooled,0.6309573444801934,37,0.0005,True,0.9359521776259607,0.9393139841688655,0.874897792313982,0.9077429983525536,0.9612606697307945,0.8973133344321741,0.0004085567388909291,0.00045392646391284613,0.9238335244384313,0.874897792313982,2722,227,396,499854,548,1,74,12067,356,12,34,13283,535,8,145,13112,551,27,85,11454,732,1,58,14436,435680,178
e0r1,modena,702,41811,balanced,0.8912509381337459,40,0.0005,False,0.9520605550883096,0.938239159001314,0.8847703464947623,0.9056910569105691,0.9694606887589343,0.8964626070101761,0.0005302056555269922,0.0005959034636388905,0.9300443612507779,0.8847703464947623,2775,298,343,499783,566,1,56,12067,357,14,33,13281,549,12,131,13108,557,37,79,11444,746,3,44,14434,435680,231
e0r1,modena,702,41811,pooled,0.6309573444801934,37,0.005,False,0.9359521776259607,0.9393139841688655,0.874897792313982,0.9077429983525536,0.9612606697307945,0.8973133344321741,0.0004085567388909291,0.00045392646391284613,0.9238335244384313,0.874897792313982,2722,227,396,499854,548,1,74,12067,356,12,34,13283,535,8,145,13112,551,27,85,11454,732,1,58,14436,435680,178
e0r1,modena,702,41811,balanced,1.412537544622754,44,0.005,False,0.9592684954280964,0.9272727272727272,0.8924302788844621,0.9099601593625498,0.9775208734746307,0.882297845769591,0.0008400661035622475,0.0009238503362455282,0.9332905068844933,0.8924302788844621,2826,462,292,499619,577,4,45,12064,357,23,33,13272,560,15,120,13105,571,48,65,11433,761,6,29,14431,435680,366
e0r1,modena,702,42811,pooled,0.6309573444801934,37,0.0005,True,0.9544072948328267,0.9473684210526315,0.7743153918791312,0.8376421923474664,0.9369779802581625,0.8550213476888806,0.0004893392327160832,0.0005471950740417071,0.8901422560740437,0.7743153918791312,2303,273,508,498635,628,3,57,12895,243,10,17,11445,410,8,231,12102,405,18,139,10241,617,19,64,12799,439368,215
e0r1,modena,702,42811,balanced,0.8912509381337459,40,0.0005,False,0.9609022556390977,0.9407265774378585,0.7820392890551918,0.848730964467005,0.9393939393939394,0.8497277676950998,0.0006441069900402397,0.0007175671666920555,0.8943586051986184,0.7820392890551918,2341,358,470,498550,639,6,46,12892,246,17,14,11438,418,10,223,12100,418,23,126,10236,620,19,61,12799,439368,283
e0r1,modena,702,42811,pooled,0.6309573444801934,37,0.005,False,0.9544072948328267,0.9473684210526315,0.7743153918791312,0.8376421923474664,0.9369779802581625,0.8550213476888806,0.0004893392327160832,0.0005471950740417071,0.8901422560740437,0.7743153918791312,2303,273,508,498635,628,3,57,12895,243,10,17,11445,410,8,231,12102,405,18,139,10241,617,19,64,12799,439368,215
e0r1,modena,702,42811,balanced,1.412537544622754,44,0.005,False,0.9678864824495892,0.9343339587242027,0.7937384898710865,0.8545994065281899,0.9486988847583643,0.8353945305695872,0.0009718504761384534,0.0010663288622351215,0.8998514444662866,0.7937384898710865,2398,532,413,498376,648,6,37,12892,249,24,11,11431,431,14,210,12096,432,35,112,10224,638,26,43,12792,439368,427
e0r1,modena,702,43811,pooled,0.6309573444801934,37,0.0005,True,0.9416893732970028,0.9579375848032564,0.8320726172465961,0.7919340054995417,0.9611451942740287,0.8746518105849582,0.0003230965574061808,0.00035433520110024084,0.8969557550240852,0.7919340054995417,2669,177,588,499350,864,1,106,17101,353,4,27,14741,550,9,213,13662,432,17,210,11816,470,6,32,8863,433307,140
e0r1,modena,702,43811,balanced,0.8912509381337459,40,0.0005,False,0.9503239740820735,0.9517426273458445,0.8409260642270351,0.8128342245989305,0.9655172413793104,0.8748597981092774,0.00045233518036865317,0.0005084810230478032,0.9042688263266389,0.8128342245989305,2730,254,527,499273,880,2,90,17100,355,11,25,14734,563,13,200,13658,456,24,186,11809,476,8,26,8861,433307,196
e0r1,modena,702,43811,pooled,0.6309573444801934,37,0.005,False,0.9416893732970028,0.9579375848032564,0.8320726172465961,0.7919340054995417,0.9611451942740287,0.8746518105849582,0.0003230965574061808,0.00035433520110024084,0.8969557550240852,0.7919340054995417,2669,177,588,499350,864,1,106,17101,353,4,27,14741,550,9,213,13662,432,17,210,11816,470,6,32,8863,433307,140
e0r1,modena,702,43811,balanced,1.412537544622754,44,0.005,False,0.9611081513052744,0.9468085106382979,0.8577712609970675,0.8117953165654813,0.972972972972973,0.8667493027579796,0.0007131202588464992,0.0008007575166107138,0.9100912424958189,0.8117953165654813,2797,400,460,499127,902,5,68,17097,356,16,24,14729,585,16,178,13655,468,43,174,11790,486,11,16,8858,433307,309
e0r1,modena,702,44811,pooled,0.6309573444801934,37,0.0005,True,0.9403383793410508,0.9241573033707865,0.7695274831243973,0.8456843940714909,0.9746031746031746,0.8658088235294118,0.0003672822255934117,0.0004326238435824459,0.8908621469021799,0.7695274831243973,2355,216,514,499063,528,2,65,10675,329,18,36,14374,399,5,234,11773,485,26,151,12289,614,4,28,11758,438355,161
e0r1,modena,702,44811,balanced,0.8912509381337459,40,0.0005,False,0.9478337754199824,0.9177126917712691,0.7748091603053435,0.8515691263782866,0.9794952681388013,0.8616159798452402,0.00048818879675149136,0.0005888491204316625,0.8942840044027365,0.7748091603053435,2394,294,475,498985,536,2,57,10675,329,23,36,14369,406,9,227,11769,502,41,134,12274,621,5,21,11757,438355,214
e0r1,modena,702,44811,pooled,0.6309573444801934,37,0.005,False,0.9403383793410508,0.9241573033707865,0.7695274831243973,0.8456843940714909,0.9746031746031746,0.8658088235294118,0.0003672822255934117,0.0004326238435824459,0.8908621469021799,0.7695274831243973,2355,216,514,499063,528,2,65,10675,329,18,36,14374,399,5,234,11773,485,26,151,12289,614,4,28,11758,438355,161
e0r1,modena,702,44811,balanced,1.412537544622754,44,0.005,False,0.9536307961504812,0.9065934065934066,0.7867924528301887,0.859504132231405,0.9859154929577465,0.850130548302872,0.0007436894754251691,0.0008692534634943588,0.8984872561526455,0.7867924528301887,2442,434,427,498845,545,5,48,10672,330,33,35,14359,417,10,216,11768,520,54,116,12261,630,6,12,11756,438355,326
e0r1,modena,702,45811,pooled,0.6309573444801934,37,0.0005,True,0.9410949410949411,0.9433198380566802,0.8399412628487518,0.8563829787234043,0.9502487562189055,0.8796536796536797,0.00032451728054518905,0.00033816570119358483,0.9061975553885366,0.8399412628487518,2540,169,526,499586,679,8,77,13561,233,5,23,9947,572,5,213,14720,483,9,153,11754,573,0,60,12173,437573,142
e0r1,modena,702,45811,balanced,0.8912509381337459,40,0.0005,False,0.9470061940812113,0.937625754527163,0.8452554744525548,0.8628472222222222,0.9546578730420445,0.8763395135227079,0.0004433545945476526,0.00047423237386319295,0.9094785036650392,0.8452554744525548,2576,237,490,499518,688,9,68,13560,233,8,23,9944,579,6,206,14719,497,19,139,11744,579,1,54,12172,437573,194
e0r1,modena,702,45811,pooled,0.6309573444801934,37,0.005,False,0.9410949410949411,0.9433198380566802,0.8399412628487518,0.8563829787234043,0.9502487562189055,0.8796536796536797,0.00032451728054518905,0.00033816570119358483,0.9061975553885366,0.8399412628487518,2540,169,526,499586,679,8,77,13561,233,5,23,9947,572,5,213,14720,483,9,153,11754,573,0,60,12173,437573,142
e0r1,modena,702,45811,balanced,1.412537544622754,44,0.005,False,0.95581237253569,0.9194499017681729,0.8571428571428571,0.871404399323181,0.9699431356620634,0.8659895150720839,0.0007427332125153974,0.0007903872897719882,0.9147505332863929,0.8571428571428571,2643,395,423,499360,703,12,53,13557,234,19,22,9933,594,7,191,14718,515,31,121,11732,597,1,36,12172,437573,325
e0r1,modena,703,40811,pooled,0.6309573444801934,37,0.0005,True,0.9554317548746518,0.9358490566037736,0.7947421638018201,0.8448430493273542,0.9683184402924452,0.8769230769230769,0.0003599052023278397,0.00038782857976774266,0.899836892980009,0.7947421638018201,2394,194,478,500027,686,4,60,13551,248,12,22,10716,393,7,196,10658,471,10,163,12154,596,2,37,11324,441783,159
e0r1,modena,703,40811,balanced,0.8912509381337459,40,0.0005,False,0.9604989604989606,0.9288389513108615,0.802407221664995,0.8566402814423922,0.9774557165861514,0.8773194019095658,0.00044818383686108336,0.00048778439929551137,0.9051682263006722,0.802407221664995,2435,244,437,499977,693,4,53,13551,248,16,22,10712,400,8,189,10657,487,16,147,12148,607,2,26,11324,441783,198
e0r1,modena,703,40811,pooled,0.6309573444801934,37,0.005,False,0.9554317548746518,0.9358490566037736,0.7947421638018201,0.8448430493273542,0.9683184402924452,0.8769230769230769,0.0003599052023278397,0.00038782857976774266,0.899836892980009,0.7947421638018201,2394,194,478,500027,686,4,60,13551,248,12,22,10716,393,7,196,10658,471,10,163,12154,596,2,37,11324,441783,159
e0r1,modena,703,40811,balanced,1.1220184543019642,42,0.005,False,0.9683631361760661,0.9168207024029574,0.8107569721115537,0.8606060606060606,0.9807692307692307,0.8737829704372455,0.0005590980187105434,0.0006177269646816107,0.9074632204131736,0.8107569721115537,2468,309,404,499912,704,4,42,13551,248,23,22,10705,407,8,182,10657,497,24,137,12140,612,3,21,11323,441783,247
e0r1,modena,703,41811,pooled,0.6309573444801934,37,0.0005,True,0.9326513213981245,0.9416445623342176,0.8764227642276423,0.9068627450980392,0.9599474720945502,0.8932197838191942,0.0004636430407638634,0.0005219154496971491,0.9235057730305147,0.8764227642276423,2727,261,391,499820,547,4,75,12064,355,9,35,13286,539,11,141,13109,555,33,81,11448,731,2,59,14435,435680,202
e0r1,modena,703,41811,balanced,0.8912509381337459,40,0.0005,False,0.9364944961896697,0.9380764163372859,0.8840579710144928,0.9060240963855422,0.9648894668400521,0.8876043673731535,0.000603654058024238,0.0006918879141579065,0.9259084893534085,0.8840579710144928,2764,346,354,499735,553,6,69,12062,356,13,34,13282,549,13,131,13107,564,45,72,11436,742,6,48,14431,435680,263
e0r1,modena,703,41811,pooled,0.6309573444801934,37,0.005,False,0.9326513213981245,0.9416445623342176,0.8764227642276423,0.9068627450980392,0.9599474720945502,0.8932197838191942,0.0004636430407638634,0.0005219154496971491,0.9235057730305147,0.8764227642276423,2727,261,391,499820,547,4,75,12064,355,9,35,13286,539,11,141,13109,555,33,81,11448,731,2,59,14435,435680,202
e0r1,modena,703,41811,balanced,1.1220184543019642,42,0.005,False,0.948073701842546,0.9361147327249022,0.8927720413026211,0.9049128367670365,0.9684481648422408,0.8835088822512184,0.0007482556004406904,0.0008658597307236227,0.9300642954958693,0.8927720413026211,2810,433,308,499648,566,6,56,12062,359,18,31,13277,562,17,118,13103,571,55,65,11426,752,11,38,14426,435680,326
e0r1,modena,703,42811,pooled,0.6309573444801934,37,0.0005,True,0.952018278750952,0.9423076923076923,0.7760074976569822,0.8553846153846154,0.934351145038168,0.8520906244243875,0.0005553431292219734,0.0006113351559806617,0.8920138458276818,0.7760074976569822,2313,305,498,498603,625,3,60,12895,245,15,15,11440,414,12,227,12098,417,14,127,10245,612,17,69,12801,439368,244
e0r1,modena,703,42811,balanced,0.8912509381337459,40,0.0005,False,0.9576399394856279,0.9389312977099237,0.7859128822984245,0.8565697091273822,0.942684766214178,0.8451462408038758,0.0007396988401522186,0.0008157816671610798,0.8963477189671073,0.7859128822984245,2355,407,456,498501,633,4,52,12894,246,18,14,11437,424,14,217,12096,427,26,117,10233,625,20,56,12798,439368,325
e0r1,modena,703,42811,pooled,0.6309573444801934,37,0.005,False,0.952018278750952,0.9423076923076923,0.7760074976569822,0.8553846153846154,0.934351145038168,0.8520906244243875,0.0005553431292219734,0.0006113351559806617,0.8920138458276818,0.7760074976569822,2313,305,498,498603,625,3,60,12895,245,15,15,11440,414,12,227,12098,417,14,127,10245,612,17,69,12801,439368,244
e0r1,modena,703,42811,balanced,1.1220184543019642,42,0.005,False,0.9655172413793104,0.9340866290018832,0.7897153351698806,0.8591133004926108,0.9445277361319341,0.8380417617125812,0.000901294586770088,0.0010021887802961669,0.8985920484351239,0.7897153351698806,2388,500,423,498408,644,5,41,12893,248,23,12,11432,430,18,211,12092,436,35,108,10224,630,23,51,12795,439368,396
e0r1,modena,703,43811,pooled,0.6309573444801934,37,0.0005,True,0.9371241115363587,0.9578231292517007,0.8293051359516617,0.8035714285714286,0.9588477366255144,0.8701594533029613,0.0003831002037816144,0.00043040716517825866,0.8973343083873327,0.8035714285714286,2674,215,583,499312,857,2,113,17100,352,3,28,14742,549,12,214,13659,450,28,192,11805,466,4,36,8865,433307,166
e0r1,modena,703,43811,balanced,0.8912509381337459,40,0.0005,False,0.9475392103839914,0.9594594594594594,0.8366890380313199,0.8215839860748477,0.9644670050761421,0.8717377466581795,0.0005077231616382842,0.0005765454119597139,0.9059477398051522,0.8215839860748477,2739,288,518,499239,876,3,94,17099,355,5,25,14740,561,17,202,13654,472,35,170,11798,475,8,27,8861,433307,220
e0r1,modena,703,43811,pooled,0.6309573444801934,37,0.005,False,0.9371241115363587,0.9578231292517007,0.8293051359516617,0.8035714285714286,0.9588477366255144,0.8701594533029613,0.0003831002037816144,0.00043040716517825866,0.8973343083873327,0.8035714285714286,2674,215,583,499312,857,2,113,17100,352,3,28,14742,549,12,214,13659,450,28,192,11805,466,4,36,8865,433307,166
e0r1,modena,703,43811,balanced,1.1220184543019642,42,0.005,False,0.953862660944206,0.9544235924932976,0.8472324723247232,0.823731728288908,0.9707955689828801,0.8701095461658842,0.0006208069567304475,0.0007066685084089548,0.9100092046068029,0.823731728288908,2780,353,477,499174,889,5,81,17097,356,10,24,14735,574,18,189,13653,479,42,163,11791,482,9,20,8860,433307,269
e0r1,modena,703,44811,pooled,0.6309573444801934,37,0.0005,True,0.9375,0.9230769230769231,0.7746883988494727,0.8476595744680852,0.9729299363057324,0.8584375566431032,0.00047450126039397293,0.0005608086861253928,0.8911709665400427,0.7746883988494727,2368,280,501,498999,525,2,68,10675,330,20,35,14372,404,6,229,11772,498,41,138,12274,611,3,31,11759,438355,208
e0r1,modena,703,44811,balanced,0.8912509381337459,40,0.0005,False,0.9442970822281167,0.9166666666666666,0.7797902764537655,0.8458367683429514,0.978689818468824,0.8519830028328612,0.0006113766239691574,0.0007470772854456125,0.8930561224320648,0.7797902764537655,2406,373,463,498906,534,4,59,10673,330,25,35,14367,409,7,224,11771,513,64,123,12251,620,5,22,11757,438355,268
e0r1,modena,703,44811,pooled,0.6309573444801934,37,0.005,False,0.9375,0.9230769230769231,0.7746883988494727,0.8476595744680852,0.9729299363057324,0.8584375566431032,0.00047450126039397293,0.0005608086861253928,0.8911709665400427,0.7746883988494727,2368,280,501,498999,525,2,68,10675,330,20,35,14372,404,6,229,11772,498,41,138,12274,611,3,31,11759,438355,208
e0r1,modena,703,44811,balanced,1.1220184543019642,42,0.005,False,0.9535495179666958,0.9128630705394191,0.7821122740247384,0.8504065040650407,0.9811023622047244,0.8497029010835372,0.0007003456102930274,0.0008452188055175563,0.8960067457601237,0.7821122740247384,2431,422,438,498857,544,4,49,10673,330,28,35,14364,411,7,222,11771,523,71,113,12244,623,5,19,11757,438355,307
e0r1,modena,703,45811,pooled,0.6309573444801934,37,0.0005,True,0.9424011103400416,0.943089430894309,0.8421052631578947,0.8646748681898067,0.9511993382961125,0.8791738382099827,0.0003702239397769058,0.00038018629128272854,0.9086940021756329,0.8421052631578947,2554,190,512,499565,679,6,77,13563,232,4,24,9948,576,7,209,14718,492,10,144,11753,575,1,58,12172,437573,162
e0r1,modena,703,45811,balanced,0.8912509381337459,40,0.0005,False,0.9484536082474226,0.9454545454545454,0.8457639391745112,0.8683760683760684,0.9589490968801314,0.875863230587839,0.0004982025856257127,0.000542265710197997,0.9133994516265359,0.8457639391745112,2600,271,466,499484,690,9,66,13560,234,5,22,9947,584,12,201,14713,508,26,128,11737,584,1,49,12172,437573,218
e0r1,modena,703,45811,pooled,0.6309573444801934,37,0.005,False,0.9424011103400416,0.943089430894309,0.8421052631578947,0.8646748681898067,0.9511993382961125,0.8791738382099827,0.0003702239397769058,0.00038018629128272854,0.9086940021756329,0.8421052631578947,2554,190,512,499565,679,6,77,13563,232,4,24,9948,576,7,209,14718,492,10,144,11753,575,1,58,12172,437573,162
e0r1,modena,703,45811,balanced,1.1220184543019642,42,0.005,False,0.9507523939808481,0.93812375249501,0.8511861969805895,0.8730025231286795,0.9624796084828712,0.8709036742800397,0.0006238958985129338,0.0006903382657502176,0.9151088950135996,0.8511861969805895,2631,345,435,499410,695,11,61,13558,235,10,21,9942,592,14,193,14711,519,34,117,11729,590,3,43,12170,437573,273
e0r1,ltown,701,110811,pooled,0.2818382931264455,30,0.0005,True,0.9957567185289957,0.6716754320060105,0.8725529364762286,0.9131075110456554,0.9953970080552359,0.9106624055781523,0.00016091955810090044,0.00017605121288195836,0.8896979212224252,0.6716754320060105,6269,254,976,1442508,1760,6,9,33841,447,16,421,33782,1092,9,310,27240,1240,6,230,27130,1730,10,6,34365,1286357,207
e0r1,ltown,701,110811,balanced,0.8912509381337459,40,0.0005,False,0.9952018063787751,0.7078804347826086,0.8775108310358409,0.9360197949805585,0.9922613929492692,0.8924076891163047,0.00045865961004604475,0.0005295398686685676,0.9017748520254105,0.7078804347826086,6453,764,792,1441998,1763,11,6,33836,521,83,347,33715,1114,23,288,27226,1324,35,146,27101,1731,22,5,34353,1286357,590
e0r1,ltown,701,110811,pooled,0.2818382931264455,30,0.005,False,0.9957567185289957,0.6716754320060105,0.8725529364762286,0.9131075110456554,0.9953970080552359,0.9106624055781523,0.00016091955810090044,0.00017605121288195836,0.8896979212224252,0.6716754320060105,6269,254,976,1442508,1760,6,9,33841,447,16,421,33782,1092,9,310,27240,1240,6,230,27130,1730,10,6,34365,1286357,207
e0r1,ltown,701,110811,balanced,0.8912509381337459,40,0.005,False,0.9952018063787751,0.7078804347826086,0.8775108310358409,0.9360197949805585,0.9922613929492692,0.8924076891163047,0.00045865961004604475,0.0005295398686685676,0.9017748520254105,0.7078804347826086,6453,764,792,1441998,1763,11,6,33836,521,83,347,33715,1114,23,288,27226,1324,35,146,27101,1731,22,5,34353,1286357,590
e0r1,ltown,701,111811,pooled,0.2818382931264455,30,0.0005,True,0.996759941089838,0.7031963470319634,0.900105152471083,0.8751793400286944,0.9926722032242306,0.9090558519185038,0.0001573775677652781,0.00017283792938772337,0.8935825967691617,0.7031963470319634,7072,249,1166,1440407,1692,8,3,32173,539,11,444,38554,1284,10,275,29434,1525,14,421,36101,2032,7,23,39869,1264475,199
e0r1,ltown,701,111811,balanced,0.8912509381337459,40,0.0005,False,0.9947121034077556,0.7278003482298316,0.9012430939226519,0.9123287671232877,0.9924555853005598,0.8987124463519314,0.0004175646019098835,0.0005157372752412789,0.9057079795968173,0.7278003482298316,7329,743,909,1439913,1693,16,2,32165,627,113,356,38452,1305,32,254,29412,1665,39,281,36076,2039,15,16,39861,1264475,528
e0r1,ltown,701,111811,pooled,0.2818382931264455,30,0.005,False,0.996759941089838,0.7031963470319634,0.900105152471083,0.8751793400286944,0.9926722032242306,0.9090558519185038,0.0001573775677652781,0.00017283792938772337,0.8935825967691617,0.7031963470319634,7072,249,1166,1440407,1692,8,3,32173,539,11,444,38554,1284,10,275,29434,1525,14,421,36101,2032,7,23,39869,1264475,199
e0r1,ltown,701,111811,balanced,0.8912509381337459,40,0.005,False,0.9947121034077556,0.7278003482298316,0.9012430939226519,0.9123287671232877,0.9924555853005598,0.8987124463519314,0.0004175646019098835,0.0005157372752412789,0.9057079795968173,0.7278003482298316,7329,743,909,1439913,1693,16,2,32165,627,113,356,38452,1305,32,254,29412,1665,39,281,36076,2039,15,16,39861,1264475,528
e0r1,ltown,701,112811,pooled,0.2818382931264455,30,0.0005,True,0.9954633830200907,0.7152941176470589,0.8365591397849462,0.9057591623036649,0.9948375341633768,0.9070863746958637,0.00015446472566292397,0.0001719437688410158,0.8895826673838275,0.7152941176470589,5965,248,974,1442084,1536,5,9,29183,456,16,347,32764,778,13,291,20882,1557,11,313,34653,1638,3,14,30008,1294794,200
e0r1,ltown,701,112811,balanced,0.8912509381337459,40,0.0005,False,0.9948320413436692,0.7464589235127479,0.8478146392838336,0.9395711500974658,0.9951573849878934,0.895352193995381,0.00042786729008629945,0.0004950316570664729,0.904766827845122,0.7464589235127479,6203,714,736,1441618,1540,11,5,29177,527,82,276,32698,805,25,264,20870,1687,34,183,34630,1644,8,8,30003,1294794,554
e0r1,ltown,701,112811,pooled,0.2818382931264455,30,0.005,False,0.9954633830200907,0.7152941176470589,0.8365591397849462,0.9057591623036649,0.9948375341633768,0.9070863746958637,0.00015446472566292397,0.0001719437688410158,0.8895826673838275,0.7152941176470589,5965,248,974,1442084,1536,5,9,29183,456,16,347,32764,778,13,291,20882,1557,11,313,34653,1638,3,14,30008,1294794,200
e0r1,ltown,701,112811,balanced,0.8912509381337459,40,0.005,False,0.9948320413436692,0.7464589235127479,0.8478146392838336,0.9395711500974658,0.9951573849878934,0.895352193995381,0.00042786729008629945,0.0004950316570664729,0.904766827845122,0.7464589235127479,6203,714,736,1441618,1540,11,5,29177,527,82,276,32698,805,25,264,20870,1687,34,183,34630,1644,8,8,30003,1294794,554
e0r1,ltown,701,113811,pooled,0.2818382931264455,30,0.0005,True,0.992526158445441,0.7078109932497589,0.9234108527131782,0.8937252685132844,0.9950538260110562,0.9261761606644765,0.0001678280684171213,0.00017674053034634905,0.9025054197865436,0.7078109932497589,7471,255,936,1442538,2324,7,28,44736,367,12,291,27577,1489,9,238,31906,1581,10,366,36549,1710,4,13,32827,1269156,213
e0r1,ltown,701,113811,balanced,0.8912509381337459,40,0.0005,False,0.9931914893617021,0.7364746945898778,0.9282880683552029,0.9276298089857412,0.9936305732484076,0.9137951450562463,0.00046960342148640515,0.0005309146911580525,0.9158429269081863,0.7364746945898778,7717,766,690,1442027,2334,14,18,44729,422,66,236,27523,1521,29,206,31886,1724,46,223,36513,1716,15,7,32816,1269156,596
e0r1,ltown,701,113811,pooled,0.2818382931264455,30,0.005,False,0.992526158445441,0.7078109932497589,0.9234108527131782,0.8937252685132844,0.9950538260110562,0.9261761606644765,0.0001678280684171213,0.00017674053034634905,0.9025054197865436,0.7078109932497589,7471,255,936,1442538,2324,7,28,44736,367,12,291,27577,1489,9,238,31906,1581,10,366,36549,1710,4,13,32827,1269156,213
e0r1,ltown,701,113811,balanced,0.8912509381337459,40,0.005,False,0.9931914893617021,0.7364746945898778,0.9282880683552029,0.9276298089857412,0.9936305732484076,0.9137951450562463,0.00046960342148640515,0.0005309146911580525,0.9158429269081863,0.7364746945898778,7717,766,690,1442027,2334,14,18,44729,422,66,236,27523,1521,29,206,31886,1724,46,223,36513,1716,15,7,32816,1269156,596
e0r1,ltown,701,114811,pooled,0.2818382931264455,30,0.0005,True,0.9932414165990808,0.6787709497206704,0.9008215962441315,0.9193460490463216,0.9937076476282671,0.91902026005443,0.00015445417169571572,0.0001803635435331692,0.8971775318476943,0.6787709497206704,7598,260,1079,1441273,1837,8,17,35739,486,32,428,35387,1535,7,331,35649,1687,12,284,38258,2053,7,19,40398,1256036,194
e0r1,ltown,701,114811,balanced,0.8912509381337459,40,0.0005,False,0.9900457358084477,0.731798382078407,0.9131556319862425,0.939576249019095,0.9927675988428158,0.9082626996482731,0.0004450509380304386,0.0005480276899661679,0.9134687195470015,0.731798382078407,7876,790,801,1440743,1840,23,14,35724,588,105,326,35314,1593,30,273,35626,1796,56,175,38214,2059,17,13,40388,1256036,559
e0r1,ltown,701,114811,pooled,0.2818382931264455,30,0.005,False,0.9932414165990808,0.6787709497206704,0.9008215962441315,0.9193460490463216,0.9937076476282671,0.91902026005443,0.00015445417169571572,0.0001803635435331692,0.8971775318476943,0.6787709497206704,7598,260,1079,1441273,1837,8,17,35739,486,32,428,35387,1535,7,331,35649,1687,12,284,38258,2053,7,19,40398,1256036,194
e0r1,ltown,701,114811,balanced,0.8912509381337459,40,0.005,False,0.9900457358084477,0.731798382078407,0.9131556319862425,0.939576249019095,0.9927675988428158,0.9082626996482731,0.0004450509380304386,0.0005480276899661679,0.9134687195470015,0.731798382078407,7876,790,801,1440743,1840,23,14,35724,588,105,326,35314,1593,30,273,35626,1796,56,175,38214,2059,17,13,40388,1256036,559
e0r1,ltown,701,115811,pooled,0.2818382931264455,30,0.0005,True,0.9888653234358431,0.7419635099913119,0.9143835616438356,0.90310442144873,0.993191302437953,0.9260851640261499,0.0001791688468185638,0.00021140037151016108,0.9083016237915349,0.7419635099913119,7862,305,950,1442455,1865,5,37,36187,427,47,250,27851,1869,8,342,40665,1440,4,305,32821,2261,15,16,43777,1261380,226
e0r1,ltown,701,115811,balanced,0.8912509381337459,40,0.0005,False,0.9915478077126255,0.7575057736720554,0.9210019267822736,0.9250913520097442,0.993218114198206,0.9121736181756528,0.00047725506984413893,0.0005628101693975436,0.9176729948749809,0.7575057736720554,8070,812,742,1441948,1877,7,25,36185,492,130,185,27768,1912,29,299,40644,1519,20,226,32805,2270,24,7,43768,1261380,602
e0r1,ltown,701,115811,pooled,0.2818382931264455,30,0.005,False,0.9888653234358431,0.7419635099913119,0.9143835616438356,0.90310442144873,0.993191302437953,0.9260851640261499,0.0001791688468185638,0.00021140037151016108,0.9083016237915349,0.7419635099913119,7862,305,950,1442455,1865,5,37,36187,427,47,250,27851,1869,8,342,40665,1440,4,305,32821,2261,15,16,43777,1261380,226
e0r1,ltown,701,115811,balanced,0.8912509381337459,40,0.005,False,0.9915478077126255,0.7575057736720554,0.9210019267822736,0.9250913520097442,0.993218114198206,0.9121736181756528,0.00047725506984413893,0.0005628101693975436,0.9176729948749809,0.7575057736720554,8070,812,742,1441948,1877,7,25,36185,492,130,185,27768,1912,29,299,40644,1519,20,226,32805,2270,24,7,43768,1261380,602
e0r1,ltown,702,110811,pooled,0.25118864315095807,29,0.0005,True,0.9963224893917964,0.6661665416354089,0.8748500599760096,0.9123711340206185,0.9956859361518551,0.9079585777391557,0.00019201512488368314,0.00020446892834715636,0.8890792322351377,0.6661665416354089,6269,295,976,1442467,1761,5,8,33842,444,21,424,33777,1094,5,308,27244,1239,7,231,27129,1731,10,5,34365,1286357,247
e0r1,ltown,702,110811,balanced,0.7943282347242817,39,0.0005,False,0.995766299745978,0.710124826629681,0.8853102906520032,0.9391365888181175,0.9934002869440459,0.8943798449612403,0.00047109783675915786,0.0005142913384189492,0.904747658557965,0.710124826629681,6461,742,784,1442020,1764,10,5,33837,512,62,356,33736,1127,17,275,27232,1327,29,143,27107,1731,18,5,34357,1286357,606
e0r1,ltown,702,110811,pooled,0.25118864315095807,29,0.005,False,0.9963224893917964,0.6661665416354089,0.8748500599760096,0.9123711340206185,0.9956859361518551,0.9079585777391557,0.00019201512488368314,0.00020446892834715636,0.8890792322351377,0.6661665416354089,6269,295,976,1442467,1761,5,8,33842,444,21,424,33777,1094,5,308,27244,1239,7,231,27129,1731,10,5,34365,1286357,247
e0r1,ltown,702,110811,balanced,0.8912509381337459,40,0.005,False,0.995766299745978,0.7089297886843899,0.8867998433215825,0.9379407616361072,0.9922613929492692,0.8893313195111905,0.0005270698569681667,0.000584989069576271,0.9043396172674655,0.7089297886843899,6477,844,768,1441918,1764,10,5,33837,520,79,348,33719,1132,19,270,27230,1330,36,140,27100,1731,22,5,34353,1286357,678
e0r1,ltown,702,111811,pooled,0.25118864315095807,29,0.0005,True,0.9961708394698086,0.6946417043253712,0.89943741209564,0.8713214079630698,0.99365234375,0.9067883774749292,0.00016291346210878032,0.00018394398107528793,0.8910447415207778,0.6946417043253712,7053,265,1185,1440391,1691,9,4,32172,538,28,445,38537,1279,6,280,29438,1510,10,436,36105,2035,6,20,39870,1264475,206
e0r1,ltown,702,111811,balanced,0.7943282347242817,39,0.0005,False,0.9944199706314244,0.7329411764705882,0.9048113534094843,0.9116355653128431,0.9936739659367396,0.8991715250076711,0.0004325906008422468,0.0005074077364756055,0.907496406352216,0.7329411764705882,7326,731,912,1439925,1693,17,2,32164,623,94,360,38471,1307,23,252,29421,1661,37,285,36078,2042,13,13,39863,1264475,547
e0r1,ltown,702,111811,pooled,0.25118864315095807,29,0.005,False,0.9961708394698086,0.6946417043253712,0.89943741209564,0.8713214079630698,0.99365234375,0.9067883774749292,0.00016291346210878032,0.00018394398107528793,0.8910447415207778,0.6946417043253712,7053,265,1185,1440391,1691,9,4,32172,538,28,445,38537,1279,6,280,29438,1510,10,436,36105,2035,6,20,39870,1264475,206
e0r1,ltown,702,111811,balanced,0.8912509381337459,40,0.005,False,0.9944199706314244,0.7310344827586207,0.9055690072639225,0.9155773420479303,0.993918754560934,0.8965475248127626,0.0004776685976393365,0.0005712675336791018,0.9081039114525664,0.7310344827586207,7362,823,876,1439833,1693,17,2,32164,636,121,347,38444,1309,23,250,29421,1681,45,265,36070,2043,13,12,39863,1264475,604
e0r1,ltown,702,112811,pooled,0.25118864315095807,29,0.0005,True,0.9954633830200907,0.6925515055467512,0.8294277929155314,0.9044697633654689,0.9945421467556095,0.9030880670987419,0.0001629602855743848,0.0001761036987323307,0.8832909183206903,0.6925515055467512,5922,254,1017,1442078,1536,5,9,29183,437,22,366,32758,761,5,308,20890,1548,5,322,34659,1640,6,12,30005,1294794,211
e0r1,ltown,702,112811,balanced,0.7943282347242817,39,0.0005,False,0.9951534733441034,0.7417027417027418,0.8438327157226045,0.9389461945915807,0.9945586457073761,0.8929990607615057,0.00044485840990922106,0.0005005782302548927,0.9028387542136812,0.7417027417027418,6180,722,759,1441610,1540,10,5,29178,514,69,289,32711,797,23,272,20872,1684,33,186,34631,1645,11,7,30000,1294794,576
e0r1,ltown,702,112811,pooled,0.25118864315095807,29,0.005,False,0.9954633830200907,0.6925515055467512,0.8294277929155314,0.9044697633654689,0.9945421467556095,0.9030880670987419,0.0001629602855743848,0.0001761036987323307,0.8832909183206903,0.6925515055467512,5922,254,1017,1442078,1536,5,9,29183,437,22,366,32758,761,5,308,20890,1548,5,322,34659,1640,6,12,30005,1294794,211
e0r1,ltown,702,112811,balanced,0.8912509381337459,40,0.005,False,0.9941897998708844,0.7404795486600846,0.8482613277133825,0.9409481563626282,0.9939577039274925,0.8896527031865378,0.000489653180351469,0.0005643638219217212,0.9035673073068944,0.7404795486600846,6212,814,727,1441518,1540,13,5,29175,525,90,278,32690,805,24,264,20871,1697,40,173,34624,1645,13,7,29998,1294794,634
e0r1,ltown,702,113811,pooled,0.25118864315095807,29,0.0005,True,0.9933887822563446,0.7034883720930233,0.9272670999690499,0.8944837340876944,0.9953434225844005,0.9265543720584593,0.0001772831708631563,0.00018020603094137552,0.9027942821981025,0.7034883720930233,7481,260,926,1442533,2329,8,23,44735,363,11,295,27578,1498,6,229,31909,1581,7,366,36552,1710,3,13,32828,1269156,225
e0r1,ltown,702,113811,balanced,0.7943282347242817,39,0.0005,False,0.994468085106383,0.7350579839429081,0.9314565483476133,0.9283791060850834,0.9959396751740139,0.9160776860485835,0.0004617241694480426,0.0004976458854457985,0.9170602797312004,0.7350579839429081,7712,718,695,1442075,2337,11,15,44732,412,51,246,27538,1522,19,205,31896,1724,43,223,36516,1717,8,6,32823,1269156,586
e0r1,ltown,702,113811,pooled,0.25118864315095807,29,0.005,False,0.9933887822563446,0.7034883720930233,0.9272670999690499,0.8944837340876944,0.9953434225844005,0.9265543720584593,0.0001772831708631563,0.00018020603094137552,0.9027942821981025,0.7034883720930233,7481,260,926,1442533,2329,8,23,44735,363,11,295,27578,1498,6,229,31909,1581,7,366,36552,1710,3,13,32828,1269156,225
e0r1,ltown,702,113811,balanced,0.8912509381337459,40,0.005,False,0.9946819825569028,0.7379491673970202,0.9341061622940817,0.9270777479892761,0.995653433787308,0.9132436260623229,0.0005066359060667089,0.0005544800952042324,0.9178936988049177,0.7379491673970202,7737,800,670,1441993,2338,11,14,44732,421,62,237,27527,1531,20,196,31895,1729,54,218,36505,1718,10,5,32821,1269156,643
e0r1,ltown,702,114811,pooled,0.25118864315095807,29,0.0005,True,0.994054054054054,0.6787963610916725,0.897851045039741,0.9168944778567524,0.9949115580324691,0.9177767013804795,0.00016321188246196764,0.0001803635435331692,0.8965014992149378,0.6787963610916725,7579,260,1098,1441273,1839,7,15,35740,485,30,429,35389,1525,6,341,35650,1677,10,294,38260,2053,2,19,40403,1256036,205
e0r1,ltown,702,114811,balanced,0.7943282347242817,39,0.0005,False,0.991393222162453,0.7332490518331226,0.9102453102453102,0.9375328083989501,0.9951783992285439,0.9088277858176556,0.0004394778493610056,0.0005188920406261944,0.913519758373676,0.7332490518331226,7850,748,827,1440785,1843,21,11,35726,580,88,334,35331,1577,22,289,35634,1786,53,185,38217,2064,12,8,40393,1256036,552
e0r1,ltown,702,114811,pooled,0.25118864315095807,29,0.005,False,0.994054054054054,0.6787963610916725,0.897851045039741,0.9168944778567524,0.9949115580324691,0.9177767013804795,0.00016321188246196764,0.0001803635435331692,0.8965014992149378,0.6787963610916725,7579,260,1098,1441273,1839,7,15,35740,485,30,429,35389,1525,6,341,35650,1677,10,294,38260,2053,2,19,40403,1256036,205
e0r1,ltown,702,114811,balanced,0.8912509381337459,40,0.005,False,0.9913978494623656,0.7384806973848069,0.9115528666090463,0.9369934640522876,0.9944591664659118,0.9063183335251468,0.0004816740921438558,0.0005730011036861452,0.9145768087948836,0.7384806973848069,7875,826,802,1440707,1844,22,10,35725,593,99,321,35320,1582,23,284,35633,1792,62,179,38208,2064,15,8,40390,1256036,605
e0r1,ltown,702,115811,pooled,0.25118864315095807,29,0.0005,True,0.9901934799893983,0.7303754266211604,0.9108327192336035,0.9026993094789705,0.9940698440588623,0.9242450997704397,0.00018551110688293774,0.0002259558069256148,0.905634155876399,0.7303754266211604,7851,326,961,1442434,1868,3,34,36189,428,67,249,27831,1854,6,357,40667,1438,3,307,32822,2263,13,14,43779,1261380,234
e0r1,ltown,702,115811,balanced,0.7943282347242817,39,0.0005,False,0.9920886075949367,0.7527047913446677,0.9229282435370862,0.9248097412480974,0.9932210802536628,0.9138585263634819,0.0004550571596188302,0.0005385511103717874,0.9171504927956902,0.7527047913446677,8068,777,744,1441983,1881,9,21,36183,487,130,190,27768,1910,18,301,40655,1519,21,226,32804,2271,25,6,43767,1261380,574
e0r1,ltown,702,115811,pooled,0.25118864315095807,29,0.005,False,0.9901934799893983,0.7303754266211604,0.9108327192336035,0.9026993094789705,0.9940698440588623,0.9242450997704397,0.00018551110688293774,0.0002259558069256148,0.905634155876399,0.7303754266211604,7851,326,961,1442434,1868,3,34,36189,428,67,249,27831,1854,6,357,40667,1438,3,307,32822,2263,13,14,43779,1261380,234
e0r1,ltown,702,115811,balanced,0.8912509381337459,40,0.005,False,0.9920927780706379,0.7537764350453172,0.9238187078109933,0.926060606060606,0.993224043715847,0.9094687184095249,0.0005272003678510837,0.0006217250270315229,0.9177945141406803,0.7537764350453172,8097,897,715,1441863,1882,10,20,36182,499,148,178,27750,1916,21,295,40652,1528,27,217,32798,2272,26,5,43766,1261380,665
e0r1,ltown,703,110811,pooled,0.2818382931264455,30,0.0005,True,0.995475113122172,0.6732075471698113,0.8724939855653568,0.9151670951156813,0.9953943580886586,0.9055976886962802,0.00022777502668388323,0.00022942106875562288,0.8903476198123361,0.6732075471698113,6269,331,976,1442431,1760,7,9,33840,446,11,422,33787,1088,4,314,27245,1246,7,224,27129,1729,9,7,34366,1286357,293
e0r1,ltown,703,110811,balanced,0.7943282347242817,39,0.0005,False,0.9960474308300395,0.713588850174216,0.8853102906520032,0.9357928343384179,0.992545871559633,0.8935816658588935,0.0004765395609461448,0.000516370683452988,0.904657055510862,0.713588850174216,6453,745,792,1442017,1764,9,5,33838,512,55,356,33743,1127,17,275,27232,1319,30,151,27106,1731,21,5,34354,1286357,613
e0r1,ltown,703,110811,pooled,0.2818382931264455,30,0.005,False,0.995475113122172,0.6732075471698113,0.8724939855653568,0.9151670951156813,0.9953943580886586,0.9055976886962802,0.00022777502668388323,0.00022942106875562288,0.8903476198123361,0.6732075471698113,6269,331,976,1442431,1760,7,9,33840,446,11,422,33787,1088,4,314,27245,1246,7,224,27129,1729,9,7,34366,1286357,293
e0r1,ltown,703,110811,balanced,1.0,41,0.005,False,0.9954853273137697,0.7101932045303131,0.8883666274970623,0.9362451567453328,0.9914089347079038,0.8844529227415179,0.000582264488007606,0.0006529143406882078,0.9043398501588763,0.7101932045303131,6491,942,754,1441820,1764,11,5,33836,533,100,335,33698,1134,17,268,27232,1329,40,141,27096,1731,25,5,34350,1286357,749
e0r1,ltown,703,111811,pooled,0.2818382931264455,30,0.0005,True,0.9964643488509134,0.6986390149060272,0.9005272407732865,0.8810949529512404,0.99365234375,0.9074737650371129,0.00019217461792443504,0.0002075443409113626,0.8940755802462934,0.6986390149060272,7091,299,1147,1440357,1691,8,4,32173,539,21,444,38544,1281,5,278,29439,1545,16,401,36099,2035,6,20,39870,1264475,243
e0r1,ltown,703,111811,balanced,0.7943282347242817,39,0.0005,False,0.9944199706314244,0.7353293413173653,0.9078947368421053,0.9163477310005468,0.9934290581650036,0.9018812246403541,0.0004238913383024575,0.00048103086371763975,0.909484167591289,0.7353293413173653,7335,693,903,1439963,1693,17,2,32164,614,73,369,38492,1311,18,248,29426,1676,36,270,36079,2041,13,14,39863,1264475,536
e0r1,ltown,703,111811,pooled,0.2818382931264455,30,0.005,False,0.9964643488509134,0.6986390149060272,0.9005272407732865,0.8810949529512404,0.99365234375,0.9074737650371129,0.00019217461792443504,0.0002075443409113626,0.8940755802462934,0.6986390149060272,7091,299,1147,1440357,1691,8,4,32173,539,21,444,38544,1281,5,278,29439,1545,16,401,36099,2035,6,20,39870,1264475,243
e0r1,ltown,703,111811,balanced,1.0,41,0.005,False,0.9938362195479894,0.7378531073446327,0.9098445595854923,0.9189042582045023,0.992704280155642,0.8946668279114766,0.0005274916467308566,0.0006261036638864517,0.9106284849676516,0.7378531073446327,7398,902,840,1439754,1693,19,2,32162,653,134,330,38431,1317,19,242,29425,1694,47,252,36068,2041,16,14,39860,1264475,667
e0r1,ltown,703,112811,pooled,0.2818382931264455,30,0.0005,True,0.9957887917071591,0.6968253968253968,0.8310700706137969,0.91293028637547,0.9942336874051594,0.9046317388003037,0.0001776344345123626,0.00018997013170338035,0.8861696465853963,0.6968253968253968,5957,274,982,1442058,1537,5,8,29183,439,18,364,32762,765,7,304,20888,1578,9,292,34655,1638,5,14,30006,1294794,230
e0r1,ltown,703,112811,balanced,0.7943282347242817,39,0.0005,False,0.9948320413436692,0.7541696881798404,0.8460721868365181,0.9383198437063913,0.9957678355501813,0.8967667101638394,0.00042014405380315324,0.00046452550453016366,0.90583231912332,0.7541696881798404,6185,670,754,1441662,1540,11,5,29177,520,56,283,32724,797,18,272,20877,1681,32,189,34632,1647,9,5,30002,1294794,544
e0r1,ltown,703,112811,pooled,0.2818382931264455,30,0.005,False,0.9957887917071591,0.6968253968253968,0.8310700706137969,0.91293028637547,0.9942336874051594,0.9046317388003037,0.0001776344345123626,0.00018997013170338035,0.8861696465853963,0.6968253968253968,5957,274,982,1442058,1537,5,8,29183,439,18,364,32762,765,7,304,20888,1578,9,292,34655,1638,5,14,30006,1294794,230
e0r1,ltown,703,112811,balanced,1.0,41,0.005,False,0.9945108169195996,0.7449896337249482,0.8481012658227848,0.941502633767674,0.9948655995167623,0.8864218616567037,0.0005359925980503462,0.0006135896589689475,0.9047939899503538,0.7449896337249482,6228,885,711,1441447,1540,12,5,29176,539,105,264,32675,804,23,265,20872,1698,39,172,34625,1647,12,5,29999,1294794,694
e0r1,ltown,703,113811,pooled,0.2818382931264455,30,0.0005,True,0.9936034115138592,0.7054263565891473,0.9250309789343246,0.9093444909344491,0.9959231217239372,0.9278846153846154,0.0002009209269782438,0.00020099903451153422,0.9058656719391435,0.7054263565891473,7527,290,880,1442503,2330,8,22,44735,364,10,294,27579,1493,8,234,31907,1630,8,317,36551,1710,1,13,32830,1269156,255
e0r1,ltown,703,113811,balanced,0.7943282347242817,39,0.0005,False,0.9938284741434348,0.7497773820124666,0.9300613496932515,0.9319709599354665,0.99449115685706,0.9155054847316929,0.0004845740003592939,0.0005115078878259043,0.9200258645283359,0.7497773820124666,7720,738,687,1442055,2335,12,17,44731,421,44,237,27545,1516,17,211,31898,1733,39,214,36520,1715,11,8,32820,1269156,615
e0r1,ltown,703,113811,pooled,0.2818382931264455,30,0.005,False,0.9936034115138592,0.7054263565891473,0.9250309789343246,0.9093444909344491,0.9959231217239372,0.9278846153846154,0.0002009209269782438,0.00020099903451153422,0.9058656719391435,0.7054263565891473,7527,290,880,1442503,2330,8,22,44735,364,10,294,27579,1493,8,234,31907,1630,8,317,36551,1710,1,13,32830,1269156,255
e0r1,ltown,703,113811,balanced,1.0,41,0.005,False,0.9940476190476191,0.7469879518072289,0.9315403422982885,0.9329430548163917,0.9930635838150289,0.907571862584716,0.0005988231549155502,0.0006529003121029836,0.9197165103569114,0.7469879518072289,7767,942,640,1441851,2338,14,14,44729,434,70,224,27519,1524,21,203,31894,1753,58,194,36501,1718,19,5,32812,1269156,760
e0r1,ltown,703,114811,pooled,0.2818382931264455,30,0.0005,True,0.993517017828201,0.6780141843971631,0.897851045039741,0.9252437703141928,0.994675701839303,0.9177577988294213,0.00019107732580913285,0.0002018684275698163,0.8978603438837203,0.6780141843971631,7605,291,1072,1441242,1839,9,15,35738,478,18,436,35401,1525,6,341,35650,1708,13,263,38257,2055,5,17,40400,1256036,240
e0r1,ltown,703,114811,balanced,0.7943282347242817,39,0.0005,False,0.9911170928667564,0.7386804657179818,0.9103568320278503,0.9405914682020413,0.994453822040029,0.9095127610208816,0.0004490317156514622,0.0005015493922095436,0.9150399361709317,0.7386804657179818,7840,723,837,1440810,1841,20,13,35727,571,61,343,35358,1569,12,297,35644,1797,53,174,38217,2062,13,10,40392,1256036,564
e0r1,ltown,703,114811,pooled,0.2818382931264455,30,0.005,False,0.993517017828201,0.6780141843971631,0.897851045039741,0.9252437703141928,0.994675701839303,0.9177577988294213,0.00019107732580913285,0.0002018684275698163,0.8978603438837203,0.6780141843971631,7605,291,1072,1441242,1839,9,15,35738,478,18,436,35401,1525,6,341,35650,1708,13,263,38257,2055,5,17,40400,1256036,240
e0r1,ltown,703,114811,balanced,1.0,41,0.005,False,0.9897849462365591,0.7389162561576355,0.9120276896452264,0.9404421326397919,0.993977354854252,0.9021086919252529,0.0005509396227496664,0.0006444528151627469,0.9150296759066932,0.7389162561576355,7893,929,784,1440604,1841,25,13,35722,600,110,314,35309,1581,20,285,35636,1808,66,163,38204,2063,16,9,40389,1256036,692
e0r1,ltown,703,115811,pooled,0.2818382931264455,30,0.0005,True,0.9907333862854117,0.7431597528684908,0.9111931119311193,0.911353032659409,0.9938515590689504,0.924920690870638,0.0002203935372369944,0.00023427319859158834,0.9100581685626763,0.7431597528684908,7872,338,940,1442422,1871,4,31,36188,421,35,256,27863,1852,2,359,40671,1465,5,280,32820,2263,14,14,43778,1261380,278
e0r1,ltown,703,115811,balanced,0.7943282347242817,39,0.0005,False,0.9923503033500396,0.7802108678021087,0.9217728263502059,0.9286365016702095,0.9927900371422329,0.9136837335749887,0.000501831327593588,0.0005392442263439519,0.9231521072629592,0.7802108678021087,8066,778,746,1441982,1881,8,21,36184,481,75,196,27823,1903,15,308,40658,1529,19,216,32806,2272,28,5,43764,1261380,633
e0r1,ltown,703,115811,pooled,0.2818382931264455,30,0.005,False,0.9907333862854117,0.7431597528684908,0.9111931119311193,0.911353032659409,0.9938515590689504,0.924920690870638,0.0002203935372369944,0.00023427319859158834,0.9100581685626763,0.7431597528684908,7872,338,940,1442422,1871,4,31,36188,421,35,256,27863,1852,2,359,40671,1465,5,280,32820,2263,14,14,43778,1261380,278
e0r1,ltown,703,115811,balanced,1.0,41,0.005,False,0.9931470743278862,0.774593338497289,0.9235591994212684,0.9308783579837006,0.9930100480559196,0.9066934853056208,0.0006144064437362255,0.0006737087249438576,0.9230376036572128,0.774593338497289,8114,972,698,1441788,1884,8,18,36184,500,114,177,27784,1915,21,296,40652,1542,26,203,32799,2273,28,4,43764,1261380,775
e1r0,modena,701,40811,pooled,0.25118864315095807,29,0.0005,True,0.9122552574329225,0.5665024630541872,0.750795334040297,0.7655038759689923,0.9280936454849499,0.7983022697914745,0.0001290226197024331,0.0007676606939732638,0.7846301151962698,0.5665024630541872,2163,384,709,499837,629,4,117,13551,230,312,40,10416,354,0,235,10665,395,3,239,12161,555,8,78,11318,441783,57
e1r0,modena,701,40811,balanced,0.11220184543019636,22,0.0005,False,0.8675246025738077,0.660844250363901,0.701212789415656,0.696813977389517,0.8737864077669902,0.7736821244550138,5.6588868290540834e-05,0.00044380383870329317,0.7600364055019744,0.660844250363901,1952,222,920,499999,573,2,173,13553,227,190,43,10538,318,0,271,10665,339,0,295,12164,495,5,138,11321,441783,25
e1r0,modena,701,40811,pooled,0.25118864315095807,29,0.005,False,0.9122552574329225,0.5665024630541872,0.750795334040297,0.7655038759689923,0.9280936454849499,0.7983022697914745,0.0001290226197024331,0.0007676606939732638,0.7846301151962698,0.5665024630541872,2163,384,709,499837,629,4,117,13551,230,312,40,10416,354,0,235,10665,395,3,239,12161,555,8,78,11318,441783,57
e1r0,modena,701,40811,balanced,0.11220184543019636,22,0.005,False,0.8675246025738077,0.660844250363901,0.701212789415656,0.696813977389517,0.8737864077669902,0.7736821244550138,5.6588868290540834e-05,0.00044380383870329317,0.7600364055019744,0.660844250363901,1952,222,920,499999,573,2,173,13553,227,190,43,10538,318,0,271,10665,339,0,295,12164,495,5,138,11321,441783,25
e1r0,modena,701,41811,pooled,0.25118864315095807,29,0.0005,True,0.8941382327209099,0.6377649325626205,0.8540268456375839,0.8556244464127547,0.9252525252525252,0.8306425041186162,0.000190506793977231,0.0008618603786186638,0.8333613965172788,0.6377649325626205,2521,431,597,499650,511,10,111,12058,331,317,59,12978,509,3,171,13117,483,10,153,11471,687,8,103,14429,435680,83
e1r0,modena,701,41811,balanced,0.11220184543019636,22,0.0005,False,0.8474264705882353,0.7262569832402235,0.8184187662901824,0.783349101229896,0.8851303735024665,0.813661298885153,9.410576569959603e-05,0.0004679241962802026,0.8121163389702006,0.7262569832402235,2299,234,819,499847,461,5,161,12063,325,180,65,13115,471,0,209,13120,414,7,222,11474,628,1,162,14436,435680,41
e1r0,modena,701,41811,pooled,0.25118864315095807,29,0.005,False,0.8941382327209099,0.6377649325626205,0.8540268456375839,0.8556244464127547,0.9252525252525252,0.8306425041186162,0.000190506793977231,0.0008618603786186638,0.8333613965172788,0.6377649325626205,2521,431,597,499650,511,10,111,12058,331,317,59,12978,509,3,171,13117,483,10,153,11471,687,8,103,14429,435680,83
e1r0,modena,701,41811,balanced,0.11220184543019636,22,0.005,False,0.8474264705882353,0.7262569832402235,0.8184187662901824,0.783349101229896,0.8851303735024665,0.813661298885153,9.410576569959603e-05,0.0004679241962802026,0.8121163389702006,0.7262569832402235,2299,234,819,499847,461,5,161,12063,325,180,65,13115,471,0,209,13120,414,7,222,11474,628,1,162,14436,435680,41
e1r0,modena,701,42811,pooled,0.25118864315095807,29,0.0005,True,0.8998435054773083,0.661849710982659,0.7533718689788054,0.7776536312849162,0.911093627065303,0.8094602326912074,0.0001570437537553941,0.0006213570437836234,0.8007624687577983,0.661849710982659,2122,310,689,498598,575,18,110,12880,229,203,31,11252,391,6,250,12104,348,3,196,10256,579,11,102,12807,439368,69
e1r0,modena,701,42811,balanced,0.11220184543019636,22,0.0005,False,0.8599670510708401,0.7594501718213058,0.704225352112676,0.7191539365452408,0.8709942481511914,0.7897645854657114,6.145190364341509e-05,0.0002906347462858884,0.7827581519402509,0.704225352112676,1929,145,882,498763,522,7,163,12891,221,101,39,11354,350,3,291,12107,306,1,238,10258,530,6,151,12812,439368,27
e1r0,modena,701,42811,pooled,0.25118864315095807,29,0.005,False,0.8998435054773083,0.661849710982659,0.7533718689788054,0.7776536312849162,0.911093627065303,0.8094602326912074,0.0001570437537553941,0.0006213570437836234,0.8007624687577983,0.661849710982659,2122,310,689,498598,575,18,110,12880,229,203,31,11252,391,6,250,12104,348,3,196,10256,579,11,102,12807,439368,69
e1r0,modena,701,42811,balanced,0.11220184543019636,22,0.005,False,0.8599670510708401,0.7594501718213058,0.704225352112676,0.7191539365452408,0.8709942481511914,0.7897645854657114,6.145190364341509e-05,0.0002906347462858884,0.7827581519402509,0.704225352112676,1929,145,882,498763,522,7,163,12891,221,101,39,11354,350,3,291,12107,306,1,238,10258,530,6,151,12812,439368,27
e1r0,modena,701,43811,pooled,0.25118864315095807,29,0.0005,True,0.8975501113585747,0.6370370370370371,0.8052550231839258,0.6935483870967742,0.9100642398286938,0.7915652879156528,0.00015924044615018914,0.0009368862944345351,0.7886909597010012,0.6370370370370371,2440,468,817,499059,806,20,164,17082,344,356,36,14389,521,10,242,13661,344,6,298,11827,425,7,77,8862,433307,69
e1r0,modena,701,43811,balanced,0.11220184543019636,22,0.0005,False,0.8662420382165605,0.7411504424778761,0.765511684125705,0.6181818181818182,0.8616422947131609,0.7790393013100436,6.692714403413746e-05,0.0004764507223833747,0.7705456555430241,0.6181818181818182,2230,238,1027,499289,748,9,222,17093,335,189,45,14556,475,3,288,13668,289,4,353,11829,383,4,119,8865,433307,29
e1r0,modena,701,43811,pooled,0.25118864315095807,29,0.005,False,0.8975501113585747,0.6370370370370371,0.8052550231839258,0.6935483870967742,0.9100642398286938,0.7915652879156528,0.00015924044615018914,0.0009368862944345351,0.7886909597010012,0.6370370370370371,2440,468,817,499059,806,20,164,17082,344,356,36,14389,521,10,242,13661,344,6,298,11827,425,7,77,8862,433307,69
e1r0,modena,701,43811,balanced,0.11220184543019636,22,0.005,False,0.8662420382165605,0.7411504424778761,0.765511684125705,0.6181818181818182,0.8616422947131609,0.7790393013100436,6.692714403413746e-05,0.0004764507223833747,0.7705456555430241,0.6181818181818182,2230,238,1027,499289,748,9,222,17093,335,189,45,14556,475,3,288,13668,289,4,353,11829,383,4,119,8865,433307,29
e1r0,modena,701,44811,pooled,0.25118864315095807,29,0.0005,True,0.8748841519925857,0.6364551863041289,0.7332667332667333,0.7880485527544351,0.9349794238683128,0.7890380724664336,0.00017793797264773986,0.0008472216936822899,0.7935268096372391,0.6364551863041289,2145,423,724,498856,472,14,121,10663,316,312,49,14080,367,1,266,11777,422,13,214,12302,568,5,74,11757,438355,78
e1r0,modena,701,44811,balanced,0.11220184543019636,22,0.0005,False,0.8416988416988417,0.7094515752625438,0.6900826446280992,0.7408866995073892,0.909704641350211,0.7804590935844614,8.21252181451107e-05,0.00047869027137131744,0.778364880489417,0.6900826446280992,1989,239,880,499040,436,7,157,10670,304,188,61,14204,334,1,299,11777,376,3,260,12312,539,4,103,11758,438355,36
e1r0,modena,701,44811,pooled,0.25118864315095807,29,0.005,False,0.8748841519925857,0.6364551863041289,0.7332667332667333,0.7880485527544351,0.9349794238683128,0.7890380724664336,0.00017793797264773986,0.0008472216936822899,0.7935268096372391,0.6364551863041289,2145,423,724,498856,472,14,121,10663,316,312,49,14080,367,1,266,11777,422,13,214,12302,568,5,74,11757,438355,78
e1r0,modena,701,44811,balanced,0.11220184543019636,22,0.005,False,0.8416988416988417,0.7094515752625438,0.6900826446280992,0.7408866995073892,0.909704641350211,0.7804590935844614,8.21252181451107e-05,0.00047869027137131744,0.778364880489417,0.6900826446280992,1989,239,880,499040,436,7,157,10670,304,188,61,14204,334,1,299,11777,376,3,260,12312,539,4,103,11758,438355,36
e1r0,modena,701,45811,pooled,0.25118864315095807,29,0.0005,True,0.913633119200571,0.677710843373494,0.8063540090771558,0.7909176915799432,0.9151973131821999,0.829002808988764,0.00013940531065673615,0.0005382637492371262,0.8207625952826728,0.677710843373494,2361,269,705,499486,640,5,116,13564,225,183,31,9769,533,4,252,14721,418,3,218,11760,545,13,88,12160,437573,61
e1r0,modena,701,45811,balanced,0.11220184543019636,22,0.0005,False,0.8838235294117647,0.7692307692307693,0.7570977917981072,0.7453294001966568,0.8759894459102903,0.8102162565249813,5.256265811647428e-05,0.0002501225600544267,0.8062941873095177,0.7453294001966568,2173,125,893,499630,601,3,155,13566,215,88,41,9864,480,3,305,14722,379,2,257,11761,498,6,135,12167,437573,23
e1r0,modena,701,45811,pooled,0.25118864315095807,29,0.005,False,0.913633119200571,0.677710843373494,0.8063540090771558,0.7909176915799432,0.9151973131821999,0.829002808988764,0.00013940531065673615,0.0005382637492371262,0.8207625952826728,0.677710843373494,2361,269,705,499486,640,5,116,13564,225,183,31,9769,533,4,252,14721,418,3,218,11760,545,13,88,12160,437573,61
e1r0,modena,701,45811,balanced,0.11220184543019636,22,0.005,False,0.8838235294117647,0.7692307692307693,0.7570977917981072,0.7453294001966568,0.8759894459102903,0.8102162565249813,5.256265811647428e-05,0.0002501225600544267,0.8062941873095177,0.7453294001966568,2173,125,893,499630,601,3,155,13566,215,88,41,9864,480,3,305,14722,379,2,257,11761,498,6,135,12167,437573,23
e1r0,modena,702,40811,pooled,0.25118864315095807,29,0.0005,True,0.9097472924187726,0.5693251533742332,0.7468085106382979,0.7555988315481986,0.9380677126341866,0.7986008836524301,0.00012223195550756818,0.0007816545087071514,0.7839095001227377,0.5693251533742332,2169,391,703,499830,630,9,116,13546,232,313,38,10415,351,0,238,10665,388,5,246,12159,568,10,65,11316,441783,54
e1r0,modena,702,40811,balanced,0.1,21,0.0005,False,0.8764044943820225,0.631432545201669,0.6983425414364641,0.67570385818561,0.8992248062015504,0.7741176470588236,4.75346493640543e-05,0.0005077755632010651,0.7562216490814633,0.631432545201669,1974,254,898,499967,585,4,161,13551,227,222,43,10506,316,0,273,10665,324,1,310,12163,522,6,111,11320,441783,21
e1r0,modena,702,40811,pooled,0.25118864315095807,29,0.005,False,0.9097472924187726,0.5693251533742332,0.7468085106382979,0.7555988315481986,0.9380677126341866,0.7986008836524301,0.00012223195550756818,0.0007816545087071514,0.7839095001227377,0.5693251533742332,2169,391,703,499830,630,9,116,13546,232,313,38,10415,351,0,238,10665,388,5,246,12159,568,10,65,11316,441783,54
e1r0,modena,702,40811,balanced,0.1,21,0.005,False,0.8764044943820225,0.631432545201669,0.6983425414364641,0.67570385818561,0.8992248062015504,0.7741176470588236,4.75346493640543e-05,0.0005077755632010651,0.7562216490814633,0.631432545201669,1974,254,898,499967,585,4,161,13551,227,222,43,10506,316,0,273,10665,324,1,310,12163,522,6,111,11320,441783,21
e1r0,modena,702,41811,pooled,0.25118864315095807,29,0.0005,True,0.9002601908065915,0.6328638497652582,0.8518518518518519,0.852603706972639,0.9468791500664011,0.8358111419702663,0.0001744399559309585,0.0008898558433533768,0.8368917498925483,0.6328638497652582,2558,445,560,499636,519,12,103,12056,337,338,53,12957,506,2,174,13118,483,14,153,11467,713,3,77,14434,435680,76
e1r0,modena,702,41811,balanced,0.1,21,0.0005,False,0.8602540834845736,0.7019027484143763,0.8163620539599652,0.7821122740247384,0.9112181693048864,0.8188317349607672,7.803892765332354e-05,0.000537912858116985,0.814369865837708,0.7019027484143763,2348,269,770,499812,474,6,148,12062,332,224,58,13071,469,0,211,13120,411,4,225,11477,662,1,128,14436,435680,34
e1r0,modena,702,41811,pooled,0.25118864315095807,29,0.005,False,0.9002601908065915,0.6328638497652582,0.8518518518518519,0.852603706972639,0.9468791500664011,0.8358111419702663,0.0001744399559309585,0.0008898558433533768,0.8368917498925483,0.6328638497652582,2558,445,560,499636,519,12,103,12056,337,338,53,12957,506,2,174,13118,483,14,153,11467,713,3,77,14434,435680,76
e1r0,modena,702,41811,balanced,0.1,21,0.005,False,0.8602540834845736,0.7019027484143763,0.8163620539599652,0.7821122740247384,0.9112181693048864,0.8188317349607672,7.803892765332354e-05,0.000537912858116985,0.814369865837708,0.7019027484143763,2348,269,770,499812,474,6,148,12062,332,224,58,13071,469,0,211,13120,411,4,225,11477,662,1,128,14436,435680,34
e1r0,modena,702,42811,pooled,0.25118864315095807,29,0.0005,True,0.9078125,0.627939142461964,0.747104247104247,0.7731843575418994,0.9233176838810642,0.8099581908019764,0.00011379982156187979,0.0006414008193895468,0.7958715861978349,0.627939142461964,2131,320,680,498588,581,14,104,12884,227,236,33,11219,387,8,254,12102,346,5,198,10254,590,7,91,12811,439368,50
e1r0,modena,702,42811,balanced,0.1,21,0.0005,False,0.8729641693811075,0.7090620031796503,0.7036290322580645,0.6968973747016707,0.8960515713134569,0.7914222132308315,3.4139946468563936e-05,0.00035277045066425073,0.7757208301667899,0.6968973747016707,1956,176,855,498732,536,7,149,12891,223,146,37,11309,349,2,292,12108,292,2,252,10257,556,4,125,12814,439368,15
e1r0,modena,702,42811,pooled,0.25118864315095807,29,0.005,False,0.9078125,0.627939142461964,0.747104247104247,0.7731843575418994,0.9233176838810642,0.8099581908019764,0.00011379982156187979,0.0006414008193895468,0.7958715861978349,0.627939142461964,2131,320,680,498588,581,14,104,12884,227,236,33,11219,387,8,254,12102,346,5,198,10254,590,7,91,12811,439368,50
e1r0,modena,702,42811,balanced,0.1,21,0.005,False,0.8729641693811075,0.7090620031796503,0.7036290322580645,0.6968973747016707,0.8960515713134569,0.7914222132308315,3.4139946468563936e-05,0.00035277045066425073,0.7757208301667899,0.6968973747016707,1956,176,855,498732,536,7,149,12891,223,146,37,11309,349,2,292,12108,292,2,252,10257,556,4,125,12814,439368,15
e1r0,modena,702,43811,pooled,0.25118864315095807,29,0.0005,True,0.9065628476084538,0.6284153005464481,0.8049344641480339,0.6923076923076923,0.9085106382978724,0.7928190198932556,0.00014308561827988008,0.0009508995509752225,0.7881461885817,0.6284153005464481,2451,475,806,499052,815,13,155,17089,345,373,35,14372,522,12,241,13659,342,4,300,11829,427,11,75,8858,433307,62
e1r0,modena,702,43811,balanced,0.1,21,0.0005,False,0.8771526980482205,0.7093389296956978,0.7668810289389068,0.6032432432432432,0.8788546255506607,0.7782758620689655,6.461931148123616e-05,0.0005725416243766603,0.7670941050953457,0.6032432432432432,2257,286,1000,499241,764,8,206,17094,338,235,42,14510,477,4,286,13667,279,4,363,11829,399,7,103,8862,433307,28
e1r0,modena,702,43811,pooled,0.25118864315095807,29,0.005,False,0.9065628476084538,0.6284153005464481,0.8049344641480339,0.6923076923076923,0.9085106382978724,0.7928190198932556,0.00014308561827988008,0.0009508995509752225,0.7881461885817,0.6284153005464481,2451,475,806,499052,815,13,155,17089,345,373,35,14372,522,12,241,13659,342,4,300,11829,427,11,75,8858,433307,62
e1r0,modena,702,43811,balanced,0.1,21,0.005,False,0.8771526980482205,0.7093389296956978,0.7668810289389068,0.6032432432432432,0.8788546255506607,0.7782758620689655,6.461931148123616e-05,0.0005725416243766603,0.7670941050953457,0.6032432432432432,2257,286,1000,499241,764,8,206,17094,338,235,42,14510,477,4,286,13667,279,4,363,11829,399,7,103,8862,433307,28
e1r0,modena,702,44811,pooled,0.25118864315095807,29,0.0005,True,0.8929551692589204,0.6140350877192983,0.7332667332667333,0.7845719661335842,0.9455727051177905,0.791894852135816,0.00014600038781353012,0.0008812707924827602,0.7940803322992653,0.6140350877192983,2169,440,700,498839,488,12,105,10665,315,346,50,14046,367,1,266,11777,417,10,219,12305,582,7,60,11755,438355,64
e1r0,modena,702,44811,balanced,0.1,21,0.0005,False,0.8584995251661919,0.6858407079646017,0.6853582554517134,0.7288977159880834,0.9223057644110275,0.7812742812742812,5.4750145430073795e-05,0.0005367740281485903,0.7761803937963235,0.6853582554517134,2011,268,858,499011,452,8,141,10669,310,229,55,14163,330,0,303,11778,367,4,269,12311,552,3,90,11759,438355,24
e1r0,modena,702,44811,pooled,0.25118864315095807,29,0.005,False,0.8929551692589204,0.6140350877192983,0.7332667332667333,0.7845719661335842,0.9455727051177905,0.791894852135816,0.00014600038781353012,0.0008812707924827602,0.7940803322992653,0.6140350877192983,2169,440,700,498839,488,12,105,10665,315,346,50,14046,367,1,266,11777,417,10,219,12305,582,7,60,11755,438355,64
e1r0,modena,702,44811,balanced,0.1,21,0.005,False,0.8584995251661919,0.6858407079646017,0.6853582554517134,0.7288977159880834,0.9223057644110275,0.7812742812742812,5.4750145430073795e-05,0.0005367740281485903,0.7761803937963235,0.6853582554517134,2011,268,858,499011,452,8,141,10669,310,229,55,14163,330,0,303,11778,367,4,269,12311,552,3,90,11759,438355,24
e1r0,modena,702,45811,pooled,0.25118864315095807,29,0.0005,True,0.9193776520509194,0.6521106259097526,0.8081264108352144,0.8003748828491096,0.9215358931552587,0.8310152990264256,0.00013026397881039277,0.0005922902222088824,0.8203050929600509,0.6521106259097526,2390,296,676,499459,650,8,106,13561,224,207,32,9745,537,7,248,14718,427,4,209,11759,552,13,81,12160,437573,57
e1r0,modena,702,45811,balanced,0.1,21,0.0005,False,0.8835164835164835,0.7263681592039801,0.7658574784651527,0.7272727272727273,0.8854166666666666,0.8073157214114169,3.427999442378757e-05,0.00032415883783053695,0.797686303025002,0.7263681592039801,2185,162,881,499593,603,6,153,13563,219,128,37,9824,489,3,296,14722,364,1,272,11762,510,9,123,12164,437573,15
e1r0,modena,702,45811,pooled,0.25118864315095807,29,0.005,False,0.9193776520509194,0.6521106259097526,0.8081264108352144,0.8003748828491096,0.9215358931552587,0.8310152990264256,0.00013026397881039277,0.0005922902222088824,0.8203050929600509,0.6521106259097526,2390,296,676,499459,650,8,106,13561,224,207,32,9745,537,7,248,14718,427,4,209,11759,552,13,81,12160,437573,57
e1r0,modena,702,45811,balanced,0.1,21,0.005,False,0.8835164835164835,0.7263681592039801,0.7658574784651527,0.7272727272727273,0.8854166666666666,0.8073157214114169,3.427999442378757e-05,0.00032415883783053695,0.797686303025002,0.7263681592039801,2185,162,881,499593,603,6,153,13563,219,128,37,9824,489,3,296,14722,364,1,272,11762,510,9,123,12164,437573,15
e1r0,modena,703,40811,pooled,0.35481338923357547,32,0.0005,True,0.9125090383224873,0.5643564356435643,0.76,0.7916666666666666,0.9377593360995851,0.802257829570284,0.000203719925845947,0.0008336315348615911,0.7932582953464606,0.5643564356435643,2203,417,669,499804,631,6,115,13549,228,310,42,10418,361,0,228,10665,418,4,216,12160,565,7,68,11319,441783,90
e1r0,modena,703,40811,balanced,0.11220184543019636,22,0.0005,False,0.8658074298711145,0.6666666666666666,0.701212789415656,0.6994871794871795,0.8812664907651715,0.7767839395746372,5.43253135589192e-05,0.0004098188600638518,0.7628881112411576,0.6666666666666666,1954,205,918,500016,571,2,175,13553,223,176,47,10552,318,0,271,10665,341,0,293,12164,501,3,132,11323,441783,24
e1r0,modena,703,40811,pooled,0.35481338923357547,32,0.005,False,0.9125090383224873,0.5643564356435643,0.76,0.7916666666666666,0.9377593360995851,0.802257829570284,0.000203719925845947,0.0008336315348615911,0.7932582953464606,0.5643564356435643,2203,417,669,499804,631,6,115,13549,228,310,42,10418,361,0,228,10665,418,4,216,12160,565,7,68,11319,441783,90
e1r0,modena,703,40811,balanced,0.11220184543019636,22,0.005,False,0.8658074298711145,0.6666666666666666,0.701212789415656,0.6994871794871795,0.8812664907651715,0.7767839395746372,5.43253135589192e-05,0.0004098188600638518,0.7628881112411576,0.6666666666666666,1954,205,918,500016,571,2,175,13553,223,176,47,10552,318,0,271,10665,341,0,293,12164,501,3,132,11323,441783,24
e1r0,modena,703,41811,pooled,0.35481338923357547,32,0.0005,True,0.9018245004344049,0.6387832699619772,0.8618968386023295,0.8645833333333334,0.9502322495023225,0.8364047849983834,0.00028002203452074916,0.0009618441812426387,0.8434640383668736,0.6387832699619772,2587,481,531,499600,519,10,103,12058,336,326,54,12969,518,4,162,13116,498,18,138,11463,716,1,74,14436,435680,122
e1r0,modena,703,41811,balanced,0.11220184543019636,22,0.0005,False,0.8553230209281165,0.7252747252747253,0.8235294117647058,0.780952380952381,0.9044321329639889,0.8199824715162138,0.00010558207858979067,0.0004959196610149156,0.8179023343767835,0.7252747252747253,2339,248,779,499833,470,7,152,12061,330,190,60,13105,476,0,204,13120,410,4,226,11477,653,1,137,14436,435680,46
e1r0,modena,703,41811,pooled,0.35481338923357547,32,0.005,False,0.9018245004344049,0.6387832699619772,0.8618968386023295,0.8645833333333334,0.9502322495023225,0.8364047849983834,0.00028002203452074916,0.0009618441812426387,0.8434640383668736,0.6387832699619772,2587,481,531,499600,519,10,103,12058,336,326,54,12969,518,4,162,13116,498,18,138,11463,716,1,74,14436,435680,122
e1r0,modena,703,41811,balanced,0.11220184543019636,22,0.005,False,0.8553230209281165,0.7252747252747253,0.8235294117647058,0.780952380952381,0.9044321329639889,0.8199824715162138,0.00010558207858979067,0.0004959196610149156,0.8179023343767835,0.7252747252747253,2339,248,779,499833,470,7,152,12061,330,190,60,13105,476,0,204,13120,410,4,226,11477,653,1,137,14436,435680,46
e1r0,modena,703,42811,pooled,0.35481338923357547,32,0.0005,True,0.9158301158301159,0.6368715083798883,0.7712665406427222,0.8051668460710442,0.9252336448598131,0.8149109792284867,0.00025035960743613554,0.0007696809832674561,0.8108737311567167,0.6368715083798883,2197,384,614,498524,593,17,92,12881,228,228,32,11227,408,9,233,12101,374,11,170,10248,594,9,87,12809,439368,110
e1r0,modena,703,42811,balanced,0.11220184543019636,22,0.0005,False,0.8594905505341003,0.7272727272727273,0.7009063444108762,0.7183098591549296,0.8845528455284553,0.7875584468387884,7.510788223084067e-05,0.0003427485628612891,0.7781064653802178,0.7009063444108762,1937,171,874,498737,523,9,162,12889,216,118,44,11337,348,4,293,12106,306,2,238,10257,544,5,137,12813,439368,33
e1r0,modena,703,42811,pooled,0.35481338923357547,32,0.005,False,0.9158301158301159,0.6368715083798883,0.7712665406427222,0.8051668460710442,0.9252336448598131,0.8149109792284867,0.00025035960743613554,0.0007696809832674561,0.8108737311567167,0.6368715083798883,2197,384,614,498524,593,17,92,12881,228,228,32,11227,408,9,233,12101,374,11,170,10248,594,9,87,12809,439368,110
e1r0,modena,703,42811,balanced,0.11220184543019636,22,0.005,False,0.8594905505341003,0.7272727272727273,0.7009063444108762,0.7183098591549296,0.8845528455284553,0.7875584468387884,7.510788223084067e-05,0.0003427485628612891,0.7781064653802178,0.7009063444108762,1937,171,874,498737,523,9,162,12889,216,118,44,11337,348,4,293,12106,306,2,238,10257,544,5,137,12813,439368,33
e1r0,modena,703,43811,pooled,0.35481338923357547,32,0.0005,True,0.9107929515418502,0.6334256694367497,0.822104466313399,0.7217305801376598,0.9204665959703076,0.7986022871664549,0.00026770857613654984,0.0010509942405515617,0.8017040526799931,0.6334256694367497,2514,525,743,499002,827,19,143,17083,343,360,37,14385,543,15,220,13656,367,8,275,11825,434,7,68,8862,433307,116
e1r0,modena,703,43811,balanced,0.11220184543019636,22,0.0005,False,0.8711727325245523,0.7247007616974973,0.7750200160128102,0.6269925611052072,0.8632286995515696,0.7784886736987723,0.00011769946019796587,0.0005505207926698657,0.7722229541783273,0.6269925611052072,2251,275,1006,499252,754,7,216,17095,333,206,47,14539,484,2,279,13669,295,4,347,11829,385,5,117,8864,433307,51
e1r0,modena,703,43811,pooled,0.35481338923357547,32,0.005,False,0.9107929515418502,0.6334256694367497,0.822104466313399,0.7217305801376598,0.9204665959703076,0.7986022871664549,0.00026770857613654984,0.0010509942405515617,0.8017040526799931,0.6334256694367497,2514,525,743,499002,827,19,143,17083,343,360,37,14385,543,15,220,13656,367,8,275,11825,434,7,68,8862,433307,116
e1r0,modena,703,43811,balanced,0.11220184543019636,22,0.005,False,0.8711727325245523,0.7247007616974973,0.7750200160128102,0.6269925611052072,0.8632286995515696,0.7784886736987723,0.00011769946019796587,0.0005505207926698657,0.7722229541783273,0.6269925611052072,2251,275,1006,499252,754,7,216,17095,333,206,47,14539,484,2,279,13669,295,4,347,11829,385,5,117,8864,433307,51
e1r0,modena,703,44811,pooled,0.35481338923357547,32,0.0005,True,0.8780934922089826,0.6242544731610338,0.7455621301775148,0.8062157221206582,0.9404081632653061,0.7914631940676433,0.00022584434989905442,0.0009453632137542336,0.798906796186699,0.6242544731610338,2188,472,681,498807,479,19,114,10658,314,327,51,14065,378,3,255,11775,441,17,195,12298,576,7,66,11755,438355,99
e1r0,modena,703,44811,balanced,0.11220184543019636,22,0.0005,False,0.8397683397683398,0.7139588100686499,0.6947584789311408,0.73767258382643,0.8936535162950258,0.7767752059631228,7.984396208552429e-05,0.0004987191530186529,0.7759623457779172,0.6947584789311408,1980,249,889,499030,435,8,158,10669,312,197,53,14195,338,2,295,11776,374,4,262,12311,521,3,121,11759,438355,35
e1r0,modena,703,44811,pooled,0.35481338923357547,32,0.005,False,0.8780934922089826,0.6242544731610338,0.7455621301775148,0.8062157221206582,0.9404081632653061,0.7914631940676433,0.00022584434989905442,0.0009453632137542336,0.798906796186699,0.6242544731610338,2188,472,681,498807,479,19,114,10658,314,327,51,14065,378,3,255,11775,441,17,195,12298,576,7,66,11755,438355,99
e1r0,modena,703,44811,balanced,0.11220184543019636,22,0.005,False,0.8397683397683398,0.7139588100686499,0.6947584789311408,0.73767258382643,0.8936535162950258,0.7767752059631228,7.984396208552429e-05,0.0004987191530186529,0.7759623457779172,0.6947584789311408,1980,249,889,499030,435,8,158,10669,312,197,53,14195,338,2,295,11776,374,4,262,12311,521,3,121,11759,438355,35
e1r0,modena,703,45811,pooled,0.35481338923357547,32,0.0005,True,0.9207920792079208,0.6686656671664168,0.8155339805825242,0.8278985507246377,0.9193682460515378,0.8346213292117465,0.00021939196431224048,0.0006543206171023802,0.8304517047466075,0.6686656671664168,2430,327,636,499428,651,7,105,13562,223,188,33,9764,546,8,239,14717,457,11,179,11752,553,17,80,12156,437573,96
e1r0,modena,703,45811,balanced,0.11220184543019636,22,0.0005,False,0.8777614138438881,0.7827648114901257,0.7693510555121188,0.7487781036168133,0.8737864077669902,0.8117450288050548,7.084532180916099e-05,0.00026212844293703913,0.8104883584459872,0.7487781036168133,2184,131,882,499624,596,6,160,13563,218,83,38,9869,492,2,293,14723,383,4,253,11759,495,5,138,12168,437573,31
e1r0,modena,703,45811,pooled,0.35481338923357547,32,0.005,False,0.9207920792079208,0.6686656671664168,0.8155339805825242,0.8278985507246377,0.9193682460515378,0.8346213292117465,0.00021939196431224048,0.0006543206171023802,0.8304517047466075,0.6686656671664168,2430,327,636,499428,651,7,105,13562,223,188,33,9764,546,8,239,14717,457,11,179,11752,553,17,80,12156,437573,96
e1r0,modena,703,45811,balanced,0.11220184543019636,22,0.005,False,0.8777614138438881,0.7827648114901257,0.7693510555121188,0.7487781036168133,0.8737864077669902,0.8117450288050548,7.084532180916099e-05,0.00026212844293703913,0.8104883584459872,0.7487781036168133,2184,131,882,499624,596,6,160,13563,218,83,38,9869,492,2,293,14723,383,4,253,11759,495,5,138,12168,437573,31
e1r0,ltown,701,110811,pooled,0.35481338923357547,32,0.0005,True,0.9856054191363252,0.659308314937454,0.8688,0.9074142382884545,0.9868043602983362,0.8971774193548387,0.00022466547000560497,0.0002862564996860189,0.881586466532114,0.659308314937454,6230,413,1015,1442349,1746,28,23,33819,448,43,420,33755,1086,12,316,27237,1230,11,240,27125,1720,30,16,34345,1286357,289
e1r0,ltown,701,110811,balanced,0.7943282347242817,39,0.0005,False,0.9785096288026793,0.6919945725915875,0.8724409448818897,0.9280114041339986,0.9809929078014185,0.8823042998897465,0.0004539952750286274,0.0005995444848145433,0.8903898916423147,0.6919945725915875,6402,865,843,1441897,1753,61,16,33786,510,96,358,33702,1108,30,294,27219,1302,34,168,27102,1729,60,7,34315,1286357,584
e1r0,ltown,701,110811,pooled,0.35481338923357547,32,0.005,False,0.9856054191363252,0.659308314937454,0.8688,0.9074142382884545,0.9868043602983362,0.8971774193548387,0.00022466547000560497,0.0002862564996860189,0.881586466532114,0.659308314937454,6230,413,1015,1442349,1746,28,23,33819,448,43,420,33755,1086,12,316,27237,1230,11,240,27125,1720,30,16,34345,1286357,289
e1r0,ltown,701,110811,balanced,0.7943282347242817,39,0.005,False,0.9785096288026793,0.6919945725915875,0.8724409448818897,0.9280114041339986,0.9809929078014185,0.8823042998897465,0.0004539952750286274,0.0005995444848145433,0.8903898916423147,0.6919945725915875,6402,865,843,1441897,1753,61,16,33786,510,96,358,33702,1108,30,294,27219,1302,34,168,27102,1729,60,7,34315,1286357,584
e1r0,ltown,701,111811,pooled,0.35481338923357547,32,0.0005,True,0.9885125184094257,0.6850629874025195,0.89937106918239,0.8674559630378285,0.9764243614931237,0.8938931297709923,0.00020640977480772653,0.0003165224730955898,0.8833653799050575,0.6850629874025195,7026,456,1212,1440200,1678,22,17,32159,571,113,412,38452,1287,16,272,29428,1502,15,444,36100,1988,29,67,39847,1264475,261
e1r0,ltown,701,111811,balanced,0.7943282347242817,39,0.0005,False,0.982272595175821,0.6970362239297475,0.9066482948673785,0.8937586685159501,0.9731948804636561,0.8834184293702894,0.00042705470649874455,0.0006573394342577271,0.8905821325905107,0.6970362239297475,7267,947,971,1439709,1690,56,5,32125,635,204,348,38361,1316,28,243,29416,1611,48,335,36067,2015,71,40,39805,1264475,540
e1r0,ltown,701,111811,pooled,0.35481338923357547,32,0.005,False,0.9885125184094257,0.6850629874025195,0.89937106918239,0.8674559630378285,0.9764243614931237,0.8938931297709923,0.00020640977480772653,0.0003165224730955898,0.8833653799050575,0.6850629874025195,7026,456,1212,1440200,1678,22,17,32159,571,113,412,38452,1287,16,272,29428,1502,15,444,36100,1988,29,67,39847,1264475,261
e1r0,ltown,701,111811,balanced,0.7943282347242817,39,0.005,False,0.982272595175821,0.6970362239297475,0.9066482948673785,0.8937586685159501,0.9731948804636561,0.8834184293702894,0.00042705470649874455,0.0006573394342577271,0.8905821325905107,0.6970362239297475,7267,947,971,1439709,1690,56,5,32125,635,204,348,38361,1316,28,243,29416,1611,48,335,36067,2015,71,40,39805,1264475,540
e1r0,ltown,701,112811,pooled,0.35481338923357547,32,0.0005,True,0.9860796374231143,0.6864784546805349,0.8368111289459604,0.8932666862687445,0.9845126024901306,0.8905472636815921,0.00020698273238831813,0.00029119509239204286,0.877429701961697,0.6864784546805349,5907,420,1032,1441912,1523,21,22,29167,462,81,341,32699,782,18,287,20877,1519,12,351,34652,1621,20,31,29991,1294794,268
e1r0,ltown,701,112811,balanced,0.7943282347242817,39,0.0005,False,0.979565772669221,0.7097212780421482,0.8469226722777485,0.9276260208392002,0.9804746170021027,0.8812975455719823,0.000424777995573041,0.000592790009512373,0.888862072166084,0.7097212780421482,6140,855,799,1441477,1534,53,11,29135,522,146,281,32634,805,27,264,20868,1647,34,223,34630,1632,45,20,29966,1294794,550
e1r0,ltown,701,112811,pooled,0.35481338923357547,32,0.005,False,0.9860796374231143,0.6864784546805349,0.8368111289459604,0.8932666862687445,0.9845126024901306,0.8905472636815921,0.00020698273238831813,0.00029119509239204286,0.877429701961697,0.6864784546805349,5907,420,1032,1441912,1523,21,22,29167,462,81,341,32699,782,18,287,20877,1519,12,351,34652,1621,20,31,29991,1294794,268
e1r0,ltown,701,112811,balanced,0.7943282347242817,39,0.005,False,0.979565772669221,0.7097212780421482,0.8469226722777485,0.9276260208392002,0.9804746170021027,0.8812975455719823,0.000424777995573041,0.000592790009512373,0.888862072166084,0.7097212780421482,6140,855,799,1441477,1534,53,11,29135,522,146,281,32634,805,27,264,20868,1647,34,223,34630,1632,45,20,29966,1294794,550
e1r0,ltown,701,113811,pooled,0.35481338923357547,32,0.0005,True,0.9824636441402909,0.6956521739130435,0.9155803848541278,0.8942768536791655,0.9819557625145519,0.9143665088830147,0.0002040726277935888,0.00029318135033923787,0.893985763820236,0.6956521739130435,7437,423,970,1442370,2297,27,55,44716,392,77,266,27512,1475,20,252,31895,1586,14,361,36545,1687,26,36,32805,1269156,259
e1r0,ltown,701,113811,balanced,0.7943282347242817,39,0.0005,False,0.980956411341515,0.7067545304777595,0.9198776758409786,0.9187720728063027,0.9753015508328546,0.9020070838252656,0.00044675359057515387,0.0006189384062717244,0.9003324482598822,0.7067545304777595,7640,893,767,1441900,2318,56,34,44687,429,127,229,27462,1504,39,223,31876,1691,43,256,36516,1698,61,25,32770,1269156,567
e1r0,ltown,701,113811,pooled,0.35481338923357547,32,0.005,False,0.9824636441402909,0.6956521739130435,0.9155803848541278,0.8942768536791655,0.9819557625145519,0.9143665088830147,0.0002040726277935888,0.00029318135033923787,0.893985763820236,0.6956521739130435,7437,423,970,1442370,2297,27,55,44716,392,77,266,27512,1475,20,252,31895,1586,14,361,36545,1687,26,36,32805,1269156,259
e1r0,ltown,701,113811,balanced,0.7943282347242817,39,0.005,False,0.980956411341515,0.7067545304777595,0.9198776758409786,0.9187720728063027,0.9753015508328546,0.9020070838252656,0.00044675359057515387,0.0006189384062717244,0.9003324482598822,0.7067545304777595,7640,893,767,1441900,2318,56,34,44687,429,127,229,27462,1504,39,223,31876,1691,43,256,36516,1698,61,25,32770,1269156,567
e1r0,ltown,701,114811,pooled,0.35481338923357547,32,0.0005,True,0.9808676906494206,0.6753755715218811,0.8923346986541837,0.9144107191687175,0.9781659388646288,0.9051672461335571,0.00019346579238174703,0.0003156362011830461,0.8882309237717664,0.6753755715218811,7550,455,1127,1441078,1820,37,34,35710,517,100,397,35319,1525,27,341,35629,1672,14,299,38256,2016,34,56,40371,1256036,243
e1r0,ltown,701,114811,balanced,0.7943282347242817,39,0.0005,False,0.9771033013844516,0.7101363366923533,0.9015781922525108,0.9308076821888976,0.9772890270141047,0.8984657817617652,0.0003909123623845176,0.0006298849904927601,0.8993829079064636,0.7101363366923533,7818,908,859,1440625,1835,67,19,35680,599,174,315,35245,1571,48,295,35608,1769,61,202,38209,2044,67,28,40338,1256036,491
e1r0,ltown,701,114811,pooled,0.35481338923357547,32,0.005,False,0.9808676906494206,0.6753755715218811,0.8923346986541837,0.9144107191687175,0.9781659388646288,0.9051672461335571,0.00019346579238174703,0.0003156362011830461,0.8882309237717664,0.6753755715218811,7550,455,1127,1441078,1820,37,34,35710,517,100,397,35319,1525,27,341,35629,1672,14,299,38256,2016,34,56,40371,1256036,243
e1r0,ltown,701,114811,balanced,0.7943282347242817,39,0.005,False,0.9771033013844516,0.7101363366923533,0.9015781922525108,0.9308076821888976,0.9772890270141047,0.8984657817617652,0.0003909123623845176,0.0006298849904927601,0.8993829079064636,0.7101363366923533,7818,908,859,1440625,1835,67,19,35680,599,174,315,35245,1571,48,295,35608,1769,61,202,38209,2044,67,28,40338,1256036,491
e1r0,ltown,701,115811,pooled,0.35481338923357547,32,0.0005,True,0.9752856763220834,0.7165419783873649,0.9051913234218865,0.9058016219588272,0.9746528543090147,0.9120834065483512,0.00020691623460019978,0.0003292300867781197,0.8954946908798354,0.7165419783873649,7786,475,1026,1442285,1835,26,67,36166,431,95,246,27803,1857,35,354,40638,1452,9,293,32816,2211,49,66,43743,1261380,261
e1r0,ltown,701,115811,balanced,0.7943282347242817,39,0.0005,False,0.970125786163522,0.723752792256143,0.9064369466379517,0.9234042553191489,0.9716388828750812,0.8987576592276125,0.0004296881193613344,0.0006813330006376667,0.8990717326503693,0.723752792256143,7994,983,818,1441777,1851,63,51,36129,486,180,191,27718,1894,74,317,40599,1519,26,226,32799,2244,98,33,43694,1261380,542
e1r0,ltown,701,115811,pooled,0.35481338923357547,32,0.005,False,0.9752856763220834,0.7165419783873649,0.9051913234218865,0.9058016219588272,0.9746528543090147,0.9120834065483512,0.00020691623460019978,0.0003292300867781197,0.8954946908798354,0.7165419783873649,7786,475,1026,1442285,1835,26,67,36166,431,95,246,27803,1857,35,354,40638,1452,9,293,32816,2211,49,66,43743,1261380,261
e1r0,ltown,701,115811,balanced,0.7943282347242817,39,0.005,False,0.970125786163522,0.723752792256143,0.9064369466379517,0.9234042553191489,0.9716388828750812,0.8987576592276125,0.0004296881193613344,0.0006813330006376667,0.8990717326503693,0.723752792256143,7994,983,818,1441777,1851,63,51,36129,486,180,191,27718,1894,74,317,40599,1519,26,226,32799,2244,98,33,43694,1261380,542
e1r0,ltown,702,110811,pooled,0.35481338923357547,32,0.0005,True,0.9850409257691222,0.6503244412400865,0.866211329851346,0.9129636430407638,0.9870875179340028,0.8937450741563373,0.0002565384259579572,0.00032922963038948904,0.8803255715670643,0.6503244412400865,6237,475,1008,1442287,1745,29,24,33818,451,68,417,33730,1078,9,324,27240,1243,10,227,27126,1720,29,16,34346,1286357,330
e1r0,ltown,702,110811,balanced,0.7943282347242817,39,0.0005,False,0.9753257554754644,0.6810519217801754,0.872684272763106,0.9289267945984364,0.9743445164928108,0.875674936778074,0.0004998612360332318,0.0006792527111193669,0.8864666522219986,0.6810519217801754,6406,980,839,1441782,1759,79,10,33768,505,110,363,33688,1107,28,295,27221,1307,37,163,27099,1728,83,8,34292,1286357,643
e1r0,ltown,702,110811,pooled,0.35481338923357547,32,0.005,False,0.9850409257691222,0.6503244412400865,0.866211329851346,0.9129636430407638,0.9870875179340028,0.8937450741563373,0.0002565384259579572,0.00032922963038948904,0.8803255715670643,0.6503244412400865,6237,475,1008,1442287,1745,29,24,33818,451,68,417,33730,1078,9,324,27240,1243,10,227,27126,1720,29,16,34346,1286357,330
e1r0,ltown,702,110811,balanced,0.7943282347242817,39,0.005,False,0.9753257554754644,0.6810519217801754,0.872684272763106,0.9289267945984364,0.9743445164928108,0.875674936778074,0.0004998612360332318,0.0006792527111193669,0.8864666522219986,0.6810519217801754,6406,980,839,1441782,1759,79,10,33768,505,110,363,33688,1107,28,295,27221,1307,37,163,27099,1728,83,8,34292,1286357,643
e1r0,ltown,702,111811,pooled,0.35481338923357547,32,0.0005,True,0.9897149573905377,0.6801909307875895,0.896914446002805,0.8736358414704193,0.9794117647058823,0.8943563728598605,0.0002190632475928745,0.0003331815506269366,0.8839735880714468,0.6801909307875895,7052,480,1186,1440176,1684,24,11,32157,570,123,413,38442,1279,14,280,29430,1521,15,425,36100,1998,27,57,39849,1264475,277
e1r0,ltown,702,111811,balanced,0.7943282347242817,39,0.0005,False,0.9737978692772818,0.6936986301369863,0.9030927835051547,0.9013465237702666,0.971414845063656,0.8818022588633206,0.0004325906008422468,0.0007073166668517675,0.888670130350669,0.6936986301369863,7300,1019,938,1439637,1691,87,4,32094,633,209,350,38356,1314,37,245,29407,1640,53,306,36062,2022,86,33,39790,1264475,547
e1r0,ltown,702,111811,pooled,0.35481338923357547,32,0.005,False,0.9897149573905377,0.6801909307875895,0.896914446002805,0.8736358414704193,0.9794117647058823,0.8943563728598605,0.0002190632475928745,0.0003331815506269366,0.8839735880714468,0.6801909307875895,7052,480,1186,1440176,1684,24,11,32157,570,123,413,38442,1279,14,280,29430,1521,15,425,36100,1998,27,57,39849,1264475,277
e1r0,ltown,702,111811,balanced,0.7943282347242817,39,0.005,False,0.9737978692772818,0.6936986301369863,0.9030927835051547,0.9013465237702666,0.971414845063656,0.8818022588633206,0.0004325906008422468,0.0007073166668517675,0.888670130350669,0.6936986301369863,7300,1019,938,1439637,1691,87,4,32094,633,209,350,38356,1314,37,245,29407,1640,53,306,36062,2022,86,33,39790,1264475,547
e1r0,ltown,702,112811,pooled,0.35481338923357547,32,0.0005,True,0.9870466321243523,0.6826434277414669,0.8294531672983216,0.9007009345794392,0.9860774818401937,0.8894721055788842,0.0002286077939811275,0.0003230878882254571,0.8771843287167547,0.6826434277414669,5931,466,1008,1441866,1524,19,21,29169,470,104,333,32676,766,12,303,20883,1542,12,328,34652,1629,23,23,29988,1294794,296
e1r0,ltown,702,112811,balanced,0.7943282347242817,39,0.0005,False,0.9727848101265822,0.6969292389853138,0.8392198207696363,0.9266106442577031,0.976424947776783,0.8733034889504725,0.00046107720610382807,0.0006856951104184057,0.8823938923832036,0.6969292389853138,6145,989,794,1441343,1537,78,8,29110,522,173,281,32607,796,32,273,20863,1654,46,216,34618,1636,63,16,29948,1294794,597
e1r0,ltown,702,112811,pooled,0.35481338923357547,32,0.005,False,0.9870466321243523,0.6826434277414669,0.8294531672983216,0.9007009345794392,0.9860774818401937,0.8894721055788842,0.0002286077939811275,0.0003230878882254571,0.8771843287167547,0.6826434277414669,5931,466,1008,1441866,1524,19,21,29169,470,104,333,32676,766,12,303,20883,1542,12,328,34652,1629,23,23,29988,1294794,296
e1r0,ltown,702,112811,balanced,0.7943282347242817,39,0.005,False,0.9727848101265822,0.6969292389853138,0.8392198207696363,0.9266106442577031,0.976424947776783,0.8733034889504725,0.00046107720610382807,0.0006856951104184057,0.8823938923832036,0.6969292389853138,6145,989,794,1441343,1537,78,8,29110,522,173,281,32607,796,32,273,20863,1654,46,216,34618,1636,63,16,29948,1294794,597
e1r0,ltown,702,113811,pooled,0.35481338923357547,32,0.0005,True,0.9837676206749253,0.6836555360281195,0.9174425822470516,0.8973854371661513,0.9848837209302326,0.9124824169775549,0.0002458326635969101,0.0003354604575985606,0.893426979409296,0.6836555360281195,7460,484,947,1442309,2303,27,49,44716,389,91,269,27498,1478,17,249,31898,1596,14,351,36545,1694,23,29,32808,1269156,312
e1r0,ltown,702,113811,balanced,0.7943282347242817,39,0.0005,False,0.9766953600671845,0.6977886977886978,0.9180327868852459,0.9164187178793617,0.9695590327169274,0.8961927598105153,0.0004798464491362764,0.0007138931225754492,0.8956989190674834,0.6977886977886978,7662,1030,745,1441763,2326,85,26,44658,426,137,232,27452,1512,55,215,31860,1694,56,253,36503,1704,88,19,32743,1269156,609
e1r0,ltown,702,113811,pooled,0.35481338923357547,32,0.005,False,0.9837676206749253,0.6836555360281195,0.9174425822470516,0.8973854371661513,0.9848837209302326,0.9124824169775549,0.0002458326635969101,0.0003354604575985606,0.893426979409296,0.6836555360281195,7460,484,947,1442309,2303,27,49,44716,389,91,269,27498,1478,17,249,31898,1596,14,351,36545,1694,23,29,32808,1269156,312
e1r0,ltown,702,113811,balanced,0.7943282347242817,39,0.005,False,0.9766953600671845,0.6977886977886978,0.9180327868852459,0.9164187178793617,0.9695590327169274,0.8961927598105153,0.0004798464491362764,0.0007138931225754492,0.8956989190674834,0.6977886977886978,7662,1030,745,1441763,2326,85,26,44658,426,137,232,27452,1512,55,215,31860,1694,56,253,36503,1704,88,19,32743,1269156,609
e1r0,ltown,702,114811,pooled,0.35481338923357547,32,0.0005,True,0.9830690674549852,0.6736020806241872,0.8950762016412661,0.9201954397394136,0.9809224824921516,0.9068130294714235,0.0002117773694384556,0.00033644737928302716,0.8905730543904008,0.6736020806241872,7600,485,1077,1441048,1829,38,25,35709,518,106,396,35313,1527,19,339,35637,1695,18,276,38252,2031,38,41,40367,1256036,266
e1r0,ltown,702,114811,balanced,0.7943282347242817,39,0.0005,False,0.9714889123548046,0.7077844311377246,0.9037249283667622,0.9326343381389253,0.9729216152019002,0.8954285714285715,0.00041957396125588757,0.000685381465426043,0.8977108450400234,0.7077844311377246,7835,988,842,1440545,1840,94,14,35653,591,165,323,35254,1577,47,289,35609,1779,65,192,38205,2048,90,24,40315,1256036,527
e1r0,ltown,702,114811,pooled,0.35481338923357547,32,0.005,False,0.9830690674549852,0.6736020806241872,0.8950762016412661,0.9201954397394136,0.9809224824921516,0.9068130294714235,0.0002117773694384556,0.00033644737928302716,0.8905730543904008,0.6736020806241872,7600,485,1077,1441048,1829,38,25,35709,518,106,396,35313,1527,19,339,35637,1695,18,276,38252,2031,38,41,40367,1256036,266
e1r0,ltown,702,114811,balanced,0.7943282347242817,39,0.005,False,0.9714889123548046,0.7077844311377246,0.9037249283667622,0.9326343381389253,0.9729216152019002,0.8954285714285715,0.00041957396125588757,0.000685381465426043,0.8977108450400234,0.7077844311377246,7835,988,842,1440545,1840,94,14,35653,591,165,323,35254,1577,47,289,35609,1779,65,192,38205,2048,90,24,40315,1256036,527
e1r0,ltown,702,115811,pooled,0.35481338923357547,32,0.0005,True,0.9758556646325285,0.7049441786283892,0.9074481074481074,0.908695652173913,0.978246539222149,0.9107090919667268,0.00023942031743011622,0.00038190690066261887,0.8950380284210174,0.7049441786283892,7828,551,984,1442209,1839,28,63,36164,442,135,235,27763,1858,26,353,40647,1463,12,282,32813,2226,48,51,43744,1261380,302
e1r0,ltown,702,115811,balanced,0.7943282347242817,39,0.0005,False,0.9677083333333333,0.7125091441111924,0.9101767797419972,0.9225159525979946,0.9690322580645161,0.894701617401004,0.0004724983747958585,0.0007603482214644154,0.8963884935698067,0.7125091441111924,8021,1097,791,1441663,1858,80,44,36112,487,203,190,27695,1905,70,306,40603,1518,28,227,32797,2253,120,24,43672,1261380,596
e1r0,ltown,702,115811,pooled,0.35481338923357547,32,0.005,False,0.9758556646325285,0.7049441786283892,0.9074481074481074,0.908695652173913,0.978246539222149,0.9107090919667268,0.00023942031743011622,0.00038190690066261887,0.8950380284210174,0.7049441786283892,7828,551,984,1442209,1839,28,63,36164,442,135,235,27763,1858,26,353,40647,1463,12,282,32813,2226,48,51,43744,1261380,302
e1r0,ltown,702,115811,balanced,0.7943282347242817,39,0.005,False,0.9677083333333333,0.7125091441111924,0.9101767797419972,0.9225159525979946,0.9690322580645161,0.894701617401004,0.0004724983747958585,0.0007603482214644154,0.8963884935698067,0.7125091441111924,8021,1097,791,1441663,1858,80,44,36112,487,203,190,27695,1905,70,306,40603,1518,28,227,32797,2253,120,24,43672,1261380,596
e1r0,ltown,703,110811,pooled,0.3981071705534973,33,0.0005,True,0.9842164599774521,0.6676384839650146,0.8636911942098915,0.9159356725146199,0.9857061177815895,0.8939545519508361,0.0002744183768580573,0.0003423988156050686,0.8834375856897134,0.6676384839650146,6255,494,990,1442268,1746,33,23,33814,458,46,410,33752,1074,11,328,27238,1253,13,217,27123,1724,38,12,34337,1286357,353
e1r0,ltown,703,110811,balanced,0.7943282347242817,39,0.0005,False,0.9777406789092933,0.6872005475701575,0.8720379146919431,0.9300674476393326,0.9785067873303167,0.8793517819130674,0.0004843134526418405,0.0006342002353818579,0.8891106752282086,0.6872005475701575,6403,915,842,1441847,1757,68,12,33779,502,91,366,33707,1104,26,298,27223,1310,37,160,27099,1730,70,6,34305,1286357,623
e1r0,ltown,703,110811,pooled,0.3981071705534973,33,0.005,False,0.9842164599774521,0.6676384839650146,0.8636911942098915,0.9159356725146199,0.9857061177815895,0.8939545519508361,0.0002744183768580573,0.0003423988156050686,0.8834375856897134,0.6676384839650146,6255,494,990,1442268,1746,33,23,33814,458,46,410,33752,1074,11,328,27238,1253,13,217,27123,1724,38,12,34337,1286357,353
e1r0,ltown,703,110811,balanced,1.0,41,0.005,False,0.9750554323725056,0.6831550802139037,0.8699763593380615,0.928169014084507,0.9738249366732339,0.8690121786197564,0.0005791549313293277,0.0007714370076284239,0.8860361645364423,0.6831550802139037,6422,1113,823,1441649,1759,80,10,33767,511,117,357,33681,1104,32,298,27217,1318,52,152,27084,1730,87,6,34288,1286357,745
e1r0,ltown,703,111811,pooled,0.3981071705534973,33,0.0005,True,0.9885462555066079,0.6948012232415902,0.8983169705469846,0.8731022629619021,0.9801810619035968,0.8949603803486529,0.00024120682496688348,0.00033179329416599103,0.8869895548321363,0.6948012232415902,7059,478,1179,1440178,1683,27,12,32154,568,84,415,38481,1281,12,278,29432,1524,21,422,36094,2003,29,52,39847,1264475,305
e1r0,ltown,703,111811,balanced,0.7943282347242817,39,0.0005,False,0.9802898550724638,0.7149372862029647,0.905829596412556,0.8936757801712234,0.9739507959479016,0.8846692228105411,0.00044366238952925124,0.0006420686131873258,0.8937366627614219,0.7149372862029647,7268,925,970,1439731,1691,64,4,32117,627,144,356,38421,1313,27,246,29417,1618,57,328,36058,2019,72,36,39804,1264475,561
e1r0,ltown,703,111811,pooled,0.3981071705534973,33,0.005,False,0.9885462555066079,0.6948012232415902,0.8983169705469846,0.8731022629619021,0.9801810619035968,0.8949603803486529,0.00024120682496688348,0.00033179329416599103,0.8869895548321363,0.6948012232415902,7059,478,1179,1440178,1683,27,12,32154,568,84,415,38481,1281,12,278,29432,1524,21,422,36094,2003,29,52,39847,1264475,305
e1r0,ltown,703,111811,balanced,1.0,41,0.005,False,0.9746397694524496,0.7140513942044833,0.9039121482498285,0.8976464148877942,0.9709344222916166,0.8764663634187215,0.000536190909270646,0.0007968592085827568,0.8922368298172344,0.7140513942044833,7322,1148,916,1439508,1691,84,4,32097,653,193,330,38372,1317,38,242,29406,1640,68,306,36047,2021,87,34,39789,1264475,678
e1r0,ltown,703,112811,pooled,0.3981071705534973,33,0.0005,True,0.9838709677419355,0.6959818043972706,0.8337816030123723,0.9102453102453102,0.9842615012106537,0.8905153099327857,0.00026490700451191465,0.0003390342861421642,0.8816282373215085,0.6959818043972706,5962,489,977,1441843,1525,30,20,29158,459,57,344,32723,775,15,294,20880,1577,18,293,34646,1626,26,26,29985,1294794,343
e1r0,ltown,703,112811,balanced,0.7943282347242817,39,0.0005,False,0.9792795664647752,0.718816067653277,0.842548709847288,0.9315833566043005,0.9811207671561283,0.8814846660934366,0.0004502646753074234,0.0006004165476464503,0.8906696935451539,0.718816067653277,6151,866,788,1441466,1536,56,9,29132,510,106,293,32674,800,30,269,20865,1668,43,202,34621,1637,48,15,29963,1294794,583
e1r0,ltown,703,112811,pooled,0.3981071705534973,33,0.005,False,0.9838709677419355,0.6959818043972706,0.8337816030123723,0.9102453102453102,0.9842615012106537,0.8905153099327857,0.00026490700451191465,0.0003390342861421642,0.8816282373215085,0.6959818043972706,5962,489,977,1441843,1525,30,20,29158,459,57,344,32723,775,15,294,20880,1577,18,293,34646,1626,26,26,29985,1294794,343
e1r0,ltown,703,112811,balanced,1.0,41,0.005,False,0.9758730158730159,0.7145790554414785,0.8430962343096234,0.9334073251942286,0.9755661501787842,0.8715997181113461,0.0005460328052184363,0.0007397741990054995,0.8885043561994262,0.7145790554414785,6184,1067,755,1441265,1537,68,8,29120,522,136,281,32644,806,37,263,20858,1682,52,188,34612,1637,67,15,29944,1294794,707
e1r0,ltown,703,113811,pooled,0.3981071705534973,33,0.0005,True,0.9835855894265615,0.7069767441860465,0.9195544554455446,0.9006696428571429,0.9808806488991889,0.9129744904186501,0.00027734967175036007,0.00034585695938363993,0.8983334161628969,0.7069767441860465,7480,499,927,1442294,2307,32,45,44711,380,37,278,27552,1486,19,241,31896,1614,23,333,36536,1693,36,30,32795,1269156,352
e1r0,ltown,703,113811,balanced,0.7943282347242817,39,0.0005,False,0.9793423271500843,0.7185314685314685,0.9229828850855746,0.9187279151943463,0.9750930432293158,0.9015464526029985,0.00048063437434011264,0.0006224039068667509,0.9029355278381578,0.7185314685314685,7637,898,770,1441895,2323,69,29,44674,411,75,247,27514,1510,35,217,31880,1690,42,257,36517,1703,67,20,32764,1269156,610
e1r0,ltown,703,113811,pooled,0.3981071705534973,33,0.005,False,0.9835855894265615,0.7069767441860465,0.9195544554455446,0.9006696428571429,0.9808806488991889,0.9129744904186501,0.00027734967175036007,0.00034585695938363993,0.8983334161628969,0.7069767441860465,7480,499,927,1442294,2307,32,45,44711,380,37,278,27552,1486,19,241,31896,1614,23,333,36536,1693,36,30,32795,1269156,352
e1r0,ltown,703,113811,balanced,1.0,41,0.005,False,0.9779643231899265,0.7274261603375527,0.9223771983020013,0.9215844785772029,0.9715099715099715,0.8938047959124427,0.0005940956036925327,0.00077557903316692,0.904172426383331,0.7274261603375527,7697,1119,710,1441674,2330,83,22,44660,431,96,227,27493,1521,50,206,31865,1710,54,237,36505,1705,82,18,32749,1269156,754
e1r0,ltown,703,114811,pooled,0.3981071705534973,33,0.0005,True,0.9814864502280655,0.6887417218543046,0.8942420681551116,0.9220357336220899,0.9797297297297297,0.9066952840875216,0.00023406972411618775,0.0003413033208396894,0.8932471407178602,0.6887417218543046,7604,492,1073,1441041,1829,44,25,35703,520,76,394,35343,1522,16,344,35640,1703,20,268,38250,2030,42,42,40363,1256036,294
e1r0,ltown,703,114811,balanced,0.7943282347242817,39,0.0005,False,0.9781798829164449,0.723114956736712,0.903207165559087,0.9339299815740985,0.9754703500833531,0.8992283772889554,0.00042275858335270644,0.0006111549302027771,0.9027804673739391,0.723114956736712,7808,881,869,1440652,1838,66,16,35681,585,119,329,35300,1563,32,303,35624,1774,54,197,38216,2048,79,24,40326,1256036,531
e1r0,ltown,703,114811,pooled,0.3981071705534973,33,0.005,False,0.9814864502280655,0.6887417218543046,0.8942420681551116,0.9220357336220899,0.9797297297297297,0.9066952840875216,0.00023406972411618775,0.0003413033208396894,0.8932471407178602,0.6887417218543046,7604,492,1073,1441041,1829,44,25,35703,520,76,394,35343,1522,16,344,35640,1703,20,268,38250,2030,42,42,40363,1256036,294
e1r0,ltown,703,114811,balanced,1.0,41,0.005,False,0.9733016124768702,0.7241172950329144,0.9005747126436782,0.9359142035051007,0.970873786407767,0.8909565414728242,0.0005143164686362493,0.0007609954125226408,0.900956322013266,0.7241172950329144,7852,1097,825,1440436,1841,88,13,35659,605,152,309,35267,1567,47,299,35609,1789,63,182,38207,2050,101,22,40304,1256036,646
e1r0,ltown,703,115811,pooled,0.3981071705534973,33,0.0005,True,0.9767072525145579,0.7321578505457599,0.90625,0.9105034182722188,0.9745502413339184,0.9103921796811358,0.00027350996527612613,0.00038190690066261887,0.900033752533291,0.7321578505457599,7823,551,989,1442209,1845,31,57,36161,436,78,241,27820,1856,29,355,40644,1465,8,280,32817,2221,60,56,43732,1261380,345
e1r0,ltown,703,115811,balanced,0.7943282347242817,39,0.0005,False,0.9702194357366771,0.7470634299138607,0.914572864321608,0.9191826776456237,0.9708360337005832,0.899977497749775,0.0004629849846992976,0.0006688569131387064,0.9043748882636706,0.7470634299138607,7999,965,813,1441795,1857,69,45,36123,477,123,200,27775,1911,57,300,40616,1507,27,238,32798,2247,105,30,43687,1261380,584
e1r0,ltown,703,115811,pooled,0.3981071705534973,33,0.005,False,0.9767072525145579,0.7321578505457599,0.90625,0.9105034182722188,0.9745502413339184,0.9103921796811358,0.00027350996527612613,0.00038190690066261887,0.900033752533291,0.7321578505457599,7823,551,989,1442209,1845,31,57,36161,436,78,241,27820,1856,29,355,40644,1465,8,280,32817,2221,60,56,43732,1261380,345
e1r0,ltown,703,115811,balanced,1.0,41,0.005,False,0.9687662675689744,0.7429871114480667,0.9127229488703924,0.9202788723855714,0.9666881581775199,0.8910693497422252,0.0005715961883017013,0.0008248080068757104,0.9022886716901051,0.7429871114480667,8037,1190,775,1441570,1861,79,41,36113,490,152,187,27746,1919,75,292,40598,1518,36,227,32789,2249,127,28,43665,1261380,721
e1r1,modena,701,40811,pooled,0.5623413251903491,36,0.0005,True,0.9502452697967765,0.9184060721062619,0.7955239064089522,0.8122109158186864,0.9668016194331984,0.8711952487008167,0.0003055798887689205,0.0003378506700038583,0.8886375567127752,0.7955239064089522,2347,169,525,500052,678,3,68,13552,242,15,28,10713,391,3,198,10662,439,8,195,12156,597,5,36,11321,441783,135
e1r1,modena,701,40811,balanced,0.8912509381337459,40,0.0005,False,0.9648033126293996,0.9003690036900369,0.7983789260385005,0.8406840684068407,0.9734939759036144,0.8705074950334116,0.00045950161051919153,0.0005097746795916206,0.8955458573336784,0.7983789260385005,2410,255,462,499966,699,4,47,13551,244,28,26,10700,394,4,195,10661,467,10,167,12154,606,6,27,11320,441783,203
e1r1,modena,701,40811,pooled,0.5623413251903491,36,0.005,False,0.9502452697967765,0.9184060721062619,0.7955239064089522,0.8122109158186864,0.9668016194331984,0.8711952487008167,0.0003055798887689205,0.0003378506700038583,0.8886375567127752,0.7955239064089522,2347,169,525,500052,678,3,68,13552,242,15,28,10713,391,3,198,10662,439,8,195,12156,597,5,36,11321,441783,135
e1r1,modena,701,40811,balanced,1.0,41,0.005,False,0.9669421487603306,0.9010989010989011,0.8024193548387096,0.8409703504043127,0.9735364875701684,0.8700808625336928,0.00048666426729865114,0.0005437596582310619,0.8969934485344844,0.8024193548387096,2421,272,451,499949,702,4,44,13551,246,30,24,10698,398,5,191,10660,468,11,166,12153,607,7,26,11319,441783,215
e1r1,modena,701,41811,pooled,0.5623413251903491,36,0.0005,True,0.9361702127659575,0.9416445623342176,0.8756137479541735,0.9006622516556292,0.9585253456221198,0.8946066303809995,0.00042462357693720163,0.0004659245202277231,0.9225232240664196,0.8756137479541735,2712,233,406,499848,550,3,72,12065,355,9,35,13286,535,7,145,13113,544,28,92,11453,728,1,62,14436,435680,185
e1r1,modena,701,41811,balanced,0.8912509381337459,40,0.0005,False,0.9530988274706867,0.9391534391534392,0.8872785829307569,0.8935824532900081,0.9687092568448501,0.8908915352429997,0.0005898824825560044,0.0006558937452132755,0.9283645119379482,0.8872785829307569,2768,328,350,499753,569,3,53,12065,355,11,35,13284,551,11,129,13109,550,45,86,11436,743,1,47,14436,435680,257
e1r1,modena,701,41811,pooled,0.5623413251903491,36,0.005,False,0.9361702127659575,0.9416445623342176,0.8756137479541735,0.9006622516556292,0.9585253456221198,0.8946066303809995,0.00042462357693720163,0.0004659245202277231,0.9225232240664196,0.8756137479541735,2712,233,406,499848,550,3,72,12065,355,9,35,13286,535,7,145,13113,544,28,92,11453,728,1,62,14436,435680,185
e1r1,modena,701,41811,balanced,1.0,41,0.005,False,0.9557226399331662,0.9380764163372859,0.8908507223113965,0.8962188254223652,0.9720597790773229,0.889030612244898,0.0006610356224752112,0.0007318814352074964,0.9305856766163074,0.8908507223113965,2788,366,330,499715,572,3,50,12065,356,13,34,13282,555,11,125,13109,557,50,79,11431,748,1,42,14436,435680,288
e1r1,modena,701,42811,pooled,0.5623413251903491,36,0.0005,True,0.9590909090909091,0.9359223300970874,0.7812206572769953,0.8249744114636642,0.9365928189457601,0.8590054013782827,0.00041650734691648,0.0005051031452692681,0.8875602253748832,0.7812206572769953,2306,252,505,498656,633,2,52,12896,241,14,19,11441,416,8,225,12102,403,30,141,10229,613,15,68,12803,439368,183
e1r1,modena,701,42811,balanced,0.8912509381337459,40,0.0005,False,0.9692883895131086,0.9257142857142857,0.7888372093023256,0.8366141732283464,0.9441087613293051,0.8529677070178604,0.0006099670435716757,0.0007376109422979788,0.8929125638174742,0.7888372093023256,2364,368,447,498540,647,3,38,12895,243,22,17,11433,424,10,217,12100,425,47,119,10212,625,18,56,12800,439368,268
e1r1,modena,701,42811,pooled,0.5623413251903491,36,0.005,False,0.9590909090909091,0.9359223300970874,0.7812206572769953,0.8249744114636642,0.9365928189457601,0.8590054013782827,0.00041650734691648,0.0005051031452692681,0.8875602253748832,0.7812206572769953,2306,252,505,498656,633,2,52,12896,241,14,19,11441,416,8,225,12102,403,30,141,10229,613,15,68,12803,439368,183
e1r1,modena,701,42811,balanced,1.0,41,0.005,False,0.9715994020926756,0.9277566539923955,0.7914735866543096,0.8390243902439024,0.9449886963074604,0.8515666965085049,0.0006600389650589027,0.0007937335139945642,0.8949685458581487,0.7914735866543096,2378,396,433,498512,650,3,35,12895,244,22,16,11433,427,11,214,12099,430,51,114,10208,627,19,54,12799,439368,290
e1r1,modena,701,43811,pooled,0.5623413251903491,36,0.0005,True,0.9427792915531336,0.9522510231923602,0.8353474320241692,0.7685098406747891,0.9577754891864058,0.8725231175693527,0.00029078690166556276,0.00031429732526970516,0.8913326153261716,0.7685098406747891,2642,157,615,499370,865,0,105,17102,349,4,31,14741,553,8,210,13663,410,15,232,11818,465,4,37,8865,433307,126
e1r1,modena,701,43811,balanced,0.8912509381337459,40,0.0005,False,0.9520732364028002,0.9475100942126514,0.841246290801187,0.7877697841726619,0.9695121951219512,0.8729725389433114,0.00042233335718093635,0.0005044772354647496,0.8996223201422504,0.7877697841726619,2718,252,539,499275,884,3,86,17099,352,11,28,14734,567,18,196,13653,438,32,204,11801,477,5,25,8864,433307,183
e1r1,modena,701,43811,pooled,0.5623413251903491,36,0.005,False,0.9427792915531336,0.9522510231923602,0.8353474320241692,0.7685098406747891,0.9577754891864058,0.8725231175693527,0.00029078690166556276,0.00031429732526970516,0.8913326153261716,0.7685098406747891,2642,157,615,499370,865,0,105,17102,349,4,31,14741,553,8,210,13663,410,15,232,11818,465,4,37,8865,433307,126
e1r1,modena,701,43811,balanced,1.0,41,0.005,False,0.9532509403546481,0.9476510067114094,0.8466076696165191,0.7917783735478106,0.9726996966632963,0.8719745222929937,0.00048464483610927123,0.0005705397305851335,0.9023975373787367,0.7917783735478106,2738,285,519,499242,887,4,83,17098,353,12,27,14733,574,19,189,13652,443,34,199,11799,481,6,21,8863,433307,210
e1r1,modena,701,44811,pooled,0.5623413251903491,36,0.0005,True,0.9354838709677419,0.9269662921348315,0.7575462512171373,0.8361086765994742,0.972972972972973,0.8637627432808156,0.0003216571044016836,0.00039256608028777497,0.8858156127784316,0.7575462512171373,2330,196,539,499083,522,1,71,10676,330,17,35,14375,389,5,244,11773,477,28,159,12287,612,4,30,11758,438355,141
e1r1,modena,701,44811,balanced,0.8912509381337459,40,0.0005,False,0.940550133096717,0.9209431345353676,0.7727708533077661,0.8515691263782866,0.9755327545382794,0.8594594594594595,0.000485907540691905,0.0005928548967611295,0.8922732003712832,0.7727708533077661,2385,296,484,498983,530,4,63,10673,332,24,33,14368,403,7,230,11771,502,41,134,12274,618,7,24,11755,438355,213
e1r1,modena,701,44811,pooled,0.5623413251903491,36,0.005,False,0.9354838709677419,0.9269662921348315,0.7575462512171373,0.8361086765994742,0.972972972972973,0.8637627432808156,0.0003216571044016836,0.00039256608028777497,0.8858156127784316,0.7575462512171373,2330,196,539,499083,522,1,71,10676,330,17,35,14375,389,5,244,11773,477,28,159,12287,612,4,30,11758,438355,141
e1r1,modena,701,44811,balanced,1.0,41,0.005,False,0.9452296819787986,0.919889502762431,0.7786259541984732,0.8528174936921783,0.975609756097561,0.8580610605249063,0.0005406576861219787,0.0006589502061973366,0.8944344777458884,0.7786259541984732,2403,329,466,498950,535,4,58,10673,333,26,32,14366,408,7,225,11771,507,46,129,12269,620,9,22,11753,438355,237
e1r1,modena,701,45811,pooled,0.5623413251903491,36,0.0005,True,0.9360222531293463,0.92,0.8395604395604396,0.8444444444444444,0.9582309582309583,0.8720770288858322,0.000381650604584835,0.00042820982281317846,0.8996516190730377,0.8395604395604396,2536,214,530,499541,673,9,83,13560,230,14,26,9938,573,7,212,14718,475,14,161,11749,585,3,48,12170,437573,167
e1r1,modena,701,45811,balanced,0.8912509381337459,40,0.0005,False,0.9439124487004104,0.9130434782608695,0.8492753623188406,0.853448275862069,0.968421052631579,0.8704385671242049,0.0005279119141263286,0.0006163019879741073,0.9056201235547536,0.8492753623188406,2600,308,466,499447,690,16,66,13553,231,19,25,9933,586,9,199,14716,495,29,141,11734,598,4,35,12169,437573,231
e1r1,modena,701,45811,pooled,0.5623413251903491,36,0.005,False,0.9360222531293463,0.92,0.8395604395604396,0.8444444444444444,0.9582309582309583,0.8720770288858322,0.000381650604584835,0.00042820982281317846,0.8996516190730377,0.8395604395604396,2536,214,530,499541,673,9,83,13560,230,14,26,9938,573,7,212,14718,475,14,161,11749,585,3,48,12170,437573,167
e1r1,modena,701,45811,balanced,1.0,41,0.005,False,0.9482993197278912,0.9133858267716536,0.849493487698987,0.8534704370179949,0.9709677419354839,0.8698254364089776,0.0005667625744732879,0.0006663264999849926,0.9071233626304022,0.849493487698987,2616,333,450,499422,697,17,59,13552,232,20,24,9932,587,10,198,14715,498,33,138,11730,602,5,31,12168,437573,248
e1r1,modena,702,40811,pooled,0.707945784384138,38,0.0005,True,0.9597222222222223,0.909433962264151,0.8032290615539859,0.8235294117647058,0.9726688102893891,0.8746559001651679,0.0003531145381329748,0.00038782857976774266,0.8937166936188907,0.8032290615539859,2383,194,489,500027,691,3,55,13552,241,19,29,10709,398,4,191,10661,448,6,186,12158,605,6,28,11320,441783,156
e1r1,modena,702,40811,balanced,0.8912509381337459,40,0.0005,False,0.9640387275242047,0.9097744360902256,0.8092369477911646,0.8369565217391305,0.9743589743589743,0.8751814223512336,0.00042102118008162376,0.00045579853704662537,0.8988731215007398,0.8092369477911646,2412,228,460,499993,697,3,49,13552,242,20,28,10708,403,4,186,10661,462,8,172,12156,608,7,25,11319,441783,186
e1r1,modena,702,40811,pooled,0.707945784384138,38,0.005,False,0.9597222222222223,0.909433962264151,0.8032290615539859,0.8235294117647058,0.9726688102893891,0.8746559001651679,0.0003531145381329748,0.00038782857976774266,0.8937166936188907,0.8032290615539859,2383,194,489,500027,691,3,55,13552,241,19,29,10709,398,4,191,10661,448,6,186,12158,605,6,28,11320,441783,156
e1r1,modena,702,40811,balanced,3.1622776601683795,51,0.005,False,0.9737726967047747,0.8547008547008547,0.830739299610895,0.8541300527240774,0.9756862745098039,0.8281894702096055,0.0012359008834654118,0.001355400912796544,0.8978058356500812,0.830739299610895,2509,678,363,499543,724,17,22,13538,250,65,20,10663,427,12,162,10653,486,18,148,12146,622,20,11,11306,441783,546
e1r1,modena,702,41811,pooled,0.707945784384138,38,0.0005,True,0.9478114478114478,0.9370816599732262,0.8788870703764321,0.8962655601659751,0.9639816633922724,0.8939170355796032,0.0004820051413881748,0.0005099173933822721,0.9248054803438708,0.8788870703764321,2726,255,392,499826,563,3,59,12065,350,7,40,13288,537,5,143,13115,540,29,96,11452,736,1,54,14436,435680,210
e1r1,modena,702,41811,balanced,0.8912509381337459,40,0.0005,False,0.9532554257095158,0.9363395225464191,0.8861788617886179,0.8942148760330578,0.970722186076773,0.8914766294678959,0.0005829966948218876,0.0006178999002161649,0.9281421744308768,0.8861788617886179,2756,309,362,499772,571,5,51,12063,353,11,37,13284,545,5,135,13115,541,33,95,11448,746,1,44,14436,435680,254
e1r1,modena,702,41811,pooled,0.707945784384138,38,0.005,False,0.9478114478114478,0.9370816599732262,0.8788870703764321,0.8962655601659751,0.9639816633922724,0.8939170355796032,0.0004820051413881748,0.0005099173933822721,0.9248054803438708,0.8788870703764321,2726,255,392,499826,563,3,59,12065,350,7,40,13288,537,5,143,13115,540,29,96,11452,736,1,54,14436,435680,210
e1r1,modena,702,41811,balanced,3.1622776601683795,51,0.005,False,0.9692058346839546,0.900126422250316,0.8991399530883503,0.8948194662480377,0.9860759493670886,0.8328751266097526,0.0017283327212633125,0.001829703588018741,0.9298735251275495,0.8948194662480377,2878,915,240,499166,598,14,24,12054,356,45,34,13250,575,24,105,13096,570,68,66,11413,779,11,11,14426,435680,753
e1r1,modena,702,42811,pooled,0.707945784384138,38,0.0005,True,0.963855421686747,0.9548133595284872,0.7835051546391752,0.8209876543209876,0.9415337889141989,0.8632558139534884,0.00041423135048524243,0.0004890681247845294,0.8929390758179192,0.7835051546391752,2320,244,491,498664,640,3,45,12895,243,6,17,11449,418,8,223,12102,399,29,145,10230,620,16,61,12802,439368,182
e1r1,modena,702,42811,balanced,0.8912509381337459,40,0.0005,False,0.9685157421289355,0.9455252918287937,0.7914338919925512,0.8217522658610272,0.9503759398496241,0.8606946983546618,0.0005120991970284591,0.0006113351559806617,0.8955206263321864,0.7914338919925512,2354,305,457,498603,646,3,39,12895,243,11,17,11444,425,8,216,12102,408,41,136,10218,632,17,49,12801,439368,225
e1r1,modena,702,42811,pooled,0.707945784384138,38,0.005,False,0.963855421686747,0.9548133595284872,0.7835051546391752,0.8209876543209876,0.9415337889141989,0.8632558139534884,0.00041423135048524243,0.0004890681247845294,0.8929390758179192,0.7835051546391752,2320,244,491,498664,640,3,45,12895,243,6,17,11449,418,8,223,12102,399,29,145,10230,620,16,61,12802,439368,182
e1r1,modena,702,42811,balanced,3.1622776601683795,51,0.005,False,0.9802197802197802,0.8998178506375227,0.8128342245989305,0.8322274881516588,0.9512017479970867,0.7908842882362381,0.001745689262759236,0.001916184947926271,0.8952602183209958,0.8128342245989305,2464,956,347,497952,669,11,16,12887,247,42,13,11413,456,25,185,12085,439,72,105,10187,653,39,28,12779,439368,767
e1r1,modena,702,43811,pooled,0.707945784384138,38,0.0005,True,0.9485652409312398,0.9574759945130316,0.8403614457831325,0.776230269266481,0.9652351738241309,0.8761061946902655,0.0003300200550648847,0.0003443257321426069,0.8975736248636033,0.776230269266481,2673,172,584,499355,876,1,94,17101,349,0,31,14745,558,7,205,13664,418,17,224,11816,472,4,30,8865,433307,143
e1r1,modena,702,43811,balanced,0.8912509381337459,40,0.0005,False,0.9554003224073079,0.953551912568306,0.8466716529543755,0.7821330902461258,0.9736842105263158,0.8767565821353578,0.0004061785293106273,0.00044041663413589257,0.9022882377404862,0.7821330902461258,2714,220,543,499307,889,2,81,17100,349,3,31,14742,566,8,197,13663,429,26,213,11807,481,5,21,8864,433307,176
e1r1,modena,702,43811,pooled,0.707945784384138,38,0.005,False,0.9485652409312398,0.9574759945130316,0.8403614457831325,0.776230269266481,0.9652351738241309,0.8761061946902655,0.0003300200550648847,0.0003443257321426069,0.8975736248636033,0.776230269266481,2673,172,584,499355,876,1,94,17101,349,0,31,14745,558,7,205,13664,418,17,224,11816,472,4,30,8865,433307,143
e1r1,modena,702,43811,balanced,3.1622776601683795,51,0.005,False,0.9707112970711297,0.9286640726329443,0.868402533427164,0.8013698630136986,0.9734513274336283,0.8316889146836912,0.001391623029399479,0.0015394563256840971,0.9085198187157129,0.8013698630136986,2866,769,391,498758,928,14,42,17088,358,33,22,14712,617,41,146,13630,468,58,174,11775,495,20,7,8849,433307,603
e1r1,modena,702,44811,pooled,0.707945784384138,38,0.0005,True,0.944,0.9211267605633803,0.7553816046966731,0.840630472854641,0.9770387965162312,0.864156515319306,0.0003558759452954797,0.0004166007382645775,0.8876355269261851,0.7553816046966731,2341,208,528,499071,531,1,62,10676,327,18,38,14374,386,3,247,11775,480,26,156,12289,617,4,25,11758,438355,156
e1r1,modena,702,44811,balanced,0.8912509381337459,40,0.0005,False,0.9451327433628318,0.9187675070028011,0.7640232108317214,0.846551724137931,0.976303317535545,0.8611464968152867,0.000435719907381004,0.0005207509228307219,0.890155700574166,0.7640232108317214,2366,260,503,499019,534,3,59,10674,328,21,37,14371,395,6,238,11772,491,33,145,12282,618,6,24,11756,438355,191
e1r1,modena,702,44811,pooled,0.707945784384138,38,0.005,False,0.944,0.9211267605633803,0.7553816046966731,0.840630472854641,0.9770387965162312,0.864156515319306,0.0003558759452954797,0.0004166007382645775,0.8876355269261851,0.7553816046966731,2341,208,528,499071,531,1,62,10676,327,18,38,14374,386,3,247,11775,480,26,156,12289,617,4,25,11758,438355,156
e1r1,modena,702,44811,balanced,3.1622776601683795,51,0.005,False,0.961038961038961,0.888,0.8051235132662397,0.8605962933118453,0.9837083010085338,0.8098637248539909,0.0014508788538969556,0.0016003076436221031,0.8996934137251159,0.8051235132662397,2496,799,373,498480,555,7,38,10670,333,52,32,14340,440,20,193,11758,534,71,102,12244,634,13,8,11749,438355,636
e1r1,modena,702,45811,pooled,0.707945784384138,38,0.0005,True,0.9365517241379311,0.9178356713426854,0.841642228739003,0.8506151142355008,0.9598689598689598,0.8726277996238673,0.0004045039342006934,0.0004622264909805805,0.9013027396648161,0.841642228739003,2552,231,514,499524,679,15,77,13554,229,14,27,9938,574,5,211,14720,484,18,152,11745,586,2,47,12171,437573,177
e1r1,modena,702,45811,balanced,0.8912509381337459,40,0.0005,False,0.9418206707734429,0.9145129224652088,0.8414901387874361,0.8516912402428447,0.9650122050447518,0.8706518068220196,0.00047306392304826854,0.0005562725735610449,0.9029054354627368,0.8414901387874361,2578,278,488,499477,688,17,68,13552,230,17,26,9935,576,8,209,14717,491,26,145,11737,593,3,40,12170,437573,207
e1r1,modena,702,45811,pooled,0.707945784384138,38,0.005,False,0.9365517241379311,0.9178356713426854,0.841642228739003,0.8506151142355008,0.9598689598689598,0.8726277996238673,0.0004045039342006934,0.0004622264909805805,0.9013027396648161,0.841642228739003,2552,231,514,499524,679,15,77,13554,229,14,27,9938,574,5,211,14720,484,18,152,11745,586,2,47,12171,437573,177
e1r1,modena,702,45811,balanced,3.1622776601683795,51,0.005,False,0.948060486522025,0.8655616942909761,0.8629655657062544,0.8687707641196013,0.9748427672955975,0.8123970654289564,0.0016362984004954602,0.001800882432391872,0.9040402555868908,0.8629655657062544,2713,900,353,498855,721,44,35,13525,235,52,21,9900,614,24,171,14701,523,45,113,11718,620,19,13,12154,437573,716
e1r1,modena,703,40811,pooled,0.6309573444801934,37,0.0005,True,0.9450704225352112,0.911487758945386,0.7910295616717635,0.82277318640955,0.9668016194331984,0.8705009276437848,0.00030331633403729883,0.0003438480191755244,0.8874325097990218,0.7910295616717635,2346,172,526,500049,671,3,75,13552,242,19,28,10709,388,4,201,10661,448,7,186,12157,597,5,36,11321,441783,134
e1r1,modena,703,40811,balanced,0.8912509381337459,40,0.0005,False,0.9524475524475524,0.9016697588126159,0.8036253776435045,0.8393501805054152,0.9726688102893891,0.8711321441572625,0.000407439851691894,0.00045779765343718074,0.8939523359396955,0.8036253776435045,2393,229,479,499992,681,3,65,13552,243,26,27,10702,399,5,190,10660,465,9,169,12155,605,6,28,11320,441783,180
e1r1,modena,703,40811,pooled,0.6309573444801934,37,0.005,False,0.9450704225352112,0.911487758945386,0.7910295616717635,0.82277318640955,0.9668016194331984,0.8705009276437848,0.00030331633403729883,0.0003438480191755244,0.8874325097990218,0.7910295616717635,2346,172,526,500049,671,3,75,13552,242,19,28,10709,388,4,201,10661,448,7,186,12157,597,5,36,11321,441783,134
e1r1,modena,703,40811,balanced,1.0,41,0.005,False,0.9560975609756097,0.9,0.8072289156626506,0.8451208594449419,0.9734939759036144,0.8706179978315866,0.0004549745010559483,0.0005057764468105098,0.8963882623973634,0.8072289156626506,2409,253,463,499968,686,3,60,13552,243,27,27,10701,402,5,187,10660,472,11,162,12153,606,6,27,11320,441783,201
e1r1,modena,703,41811,pooled,0.6309573444801934,37,0.0005,True,0.928082191780822,0.9399198931909212,0.8728465955701394,0.8980944490472246,0.9550858652575958,0.8898809523809523,0.0004383951524054352,0.0004779225765426001,0.9188057989693406,0.8728465955701394,2691,239,427,499842,542,4,80,12064,352,7,38,13288,532,7,148,13113,542,29,94,11452,723,1,67,14436,435680,191
e1r1,modena,703,41811,balanced,0.8912509381337459,40,0.0005,False,0.946218487394958,0.9428950863213812,0.8842105263157894,0.893030794165316,0.9640757674722403,0.8879213030156426,0.0005921777451340434,0.0006598930973182345,0.926086132333937,0.8842105263157894,2753,330,365,499751,563,5,59,12063,355,8,35,13287,546,9,134,13111,551,47,85,11434,738,3,52,14434,435680,258
e1r1,modena,703,41811,pooled,0.6309573444801934,37,0.005,False,0.928082191780822,0.9399198931909212,0.8728465955701394,0.8980944490472246,0.9550858652575958,0.8898809523809523,0.0004383951524054352,0.0004779225765426001,0.9188057989693406,0.8728465955701394,2691,239,427,499842,542,4,80,12064,352,7,38,13288,532,7,148,13113,542,29,94,11452,723,1,67,14436,435680,191
e1r1,modena,703,41811,balanced,1.0,41,0.005,False,0.9515050167224081,0.9417989417989417,0.8870967741935484,0.891566265060241,0.9661016949152542,0.8857279846571839,0.0006564450973191333,0.0007358807873124554,0.9276137385380787,0.8870967741935484,2771,368,347,499713,569,5,53,12063,356,10,34,13285,550,10,130,13110,555,54,81,11427,741,3,49,14434,435680,286
e1r1,modena,703,42811,pooled,0.6309573444801934,37,0.0005,True,0.9455938697318008,0.953125,0.779245283018868,0.8242424242424242,0.9244992295839753,0.8519693858502894,0.0004369913147976184,0.0005291556759963761,0.8853411613154136,0.779245283018868,2282,264,529,498644,617,3,68,12895,244,8,16,11447,413,6,228,12104,408,38,136,10221,600,17,81,12801,439368,192
e1r1,modena,703,42811,balanced,0.8912509381337459,40,0.0005,False,0.9559939301972686,0.9459459459459459,0.7839101964452759,0.8295566502463054,0.939209726443769,0.8475930971843778,0.0006122430400029133,0.0007235802993738324,0.8909232898557129,0.7839101964452759,2333,361,478,498547,630,3,55,12895,245,13,15,11442,419,9,222,12101,421,50,123,10209,618,17,63,12801,439368,269
e1r1,modena,703,42811,pooled,0.6309573444801934,37,0.005,False,0.9455938697318008,0.953125,0.779245283018868,0.8242424242424242,0.9244992295839753,0.8519693858502894,0.0004369913147976184,0.0005291556759963761,0.8853411613154136,0.779245283018868,2282,264,529,498644,617,3,68,12895,244,8,16,11447,413,6,228,12104,408,38,136,10221,600,17,81,12801,439368,192
e1r1,modena,703,42811,balanced,1.0,41,0.005,False,0.9591527987897126,0.9461538461538461,0.7854477611940298,0.8265107212475633,0.9393939393939394,0.8451973328527662,0.0006577629686276652,0.0007877203813127871,0.8913318133558181,0.7854477611940298,2345,393,466,498515,634,3,51,12895,246,14,14,11441,421,10,220,12100,424,58,120,10201,620,19,61,12799,439368,289
e1r1,modena,703,43811,pooled,0.6309573444801934,37,0.0005,True,0.9323804288070369,0.9547325102880658,0.8322046651617758,0.7685185185185185,0.9417879417879418,0.8593006074536201,0.0003969471990990222,0.0004344109527613122,0.8859248129126678,0.7685185185185185,2617,217,640,499310,848,1,122,17101,348,1,32,14744,553,13,210,13658,415,23,227,11810,453,7,49,8862,433307,172
e1r1,modena,703,43811,balanced,0.8912509381337459,40,0.0005,False,0.9468546637744034,0.9548563611491108,0.843587842846553,0.7817531305903399,0.9570552147239264,0.865211810012837,0.0004892605012150738,0.0005585283678359728,0.8968214426168666,0.7817531305903399,2696,279,561,499248,873,1,97,17101,349,2,31,14743,569,17,194,13654,437,39,205,11794,468,8,34,8861,433307,212
e1r1,modena,703,43811,pooled,0.6309573444801934,37,0.005,False,0.9323804288070369,0.9547325102880658,0.8322046651617758,0.7685185185185185,0.9417879417879418,0.8593006074536201,0.0003969471990990222,0.0004344109527613122,0.8859248129126678,0.7685185185185185,2617,217,640,499310,848,1,122,17101,348,1,32,14744,553,13,210,13658,415,23,227,11810,453,7,49,8862,433307,172
e1r1,modena,703,43811,balanced,1.0,41,0.005,False,0.9491891891891892,0.9522510231923602,0.8451327433628318,0.7843833185448092,0.9613821138211383,0.864787386526517,0.0005284936546143958,0.0006145813939987228,0.8984676776220656,0.7843833185448092,2715,307,542,499220,878,2,92,17100,349,4,31,14741,573,20,190,13651,442,43,200,11790,473,9,29,8860,433307,229
e1r1,modena,703,44811,pooled,0.6309573444801934,37,0.0005,True,0.9373881932021467,0.9222065063649222,0.7568093385214008,0.8421052631578947,0.9664,0.8598926522302425,0.00036500096953382533,0.00042260940275877816,0.8849818602492728,0.7568093385214008,2323,211,546,499068,524,1,69,10676,326,16,39,14376,389,6,244,11772,480,24,156,12291,604,4,38,11758,438355,160
e1r1,modena,703,44811,balanced,0.8912509381337459,40,0.0005,False,0.9385574354407836,0.9211267605633803,0.7680461982675649,0.8488471391972673,0.9754163362410785,0.8559536735432501,0.0005064388452281826,0.0005848433441021953,0.8903987739420149,0.7680461982675649,2365,292,504,498987,527,3,66,10674,327,18,38,14374,399,7,234,11771,497,38,139,12277,615,4,27,11758,438355,222
e1r1,modena,703,44811,pooled,0.6309573444801934,37,0.005,False,0.9373881932021467,0.9222065063649222,0.7568093385214008,0.8421052631578947,0.9664,0.8598926522302425,0.00036500096953382533,0.00042260940275877816,0.8849818602492728,0.7568093385214008,2323,211,546,499068,524,1,69,10676,326,16,39,14376,389,6,244,11772,480,24,156,12291,604,4,38,11758,438355,160
e1r1,modena,703,44811,balanced,1.0,41,0.005,False,0.9395017793594306,0.919831223628692,0.7689357622243528,0.8501270110076207,0.9770387965162312,0.8540093491549802,0.000547501454300738,0.0006369184363852675,0.8910869145472654,0.7689357622243528,2375,318,494,498961,528,3,65,10674,327,19,38,14373,401,9,232,11769,502,43,134,12272,617,4,25,11758,438355,240
e1r1,modena,703,45811,pooled,0.6309573444801934,37,0.0005,True,0.9240506329113924,0.927710843373494,0.8389458272327965,0.8501314636283961,0.945273631840796,0.8672871423647018,0.0003862212705080067,0.00044021570569579096,0.897222479797375,0.8389458272327965,2516,220,550,499535,657,9,99,13560,231,11,25,9941,573,8,212,14717,485,20,151,11743,570,3,63,12170,437573,169
e1r1,modena,703,45811,balanced,0.8912509381337459,40,0.0005,False,0.9329647546648238,0.924,0.8459302325581395,0.8551842330762639,0.9582992641046607,0.8663299663299663,0.0005187705822799853,0.0006022951246110594,0.9032756968807776,0.8459302325581395,2573,301,493,499454,675,16,81,13553,231,13,25,9939,582,9,203,14716,499,32,137,11731,586,4,47,12169,437573,227
e1r1,modena,703,45811,pooled,0.6309573444801934,37,0.005,False,0.9240506329113924,0.927710843373494,0.8389458272327965,0.8501314636283961,0.945273631840796,0.8672871423647018,0.0003862212705080067,0.00044021570569579096,0.897222479797375,0.8389458272327965,2516,220,550,499535,657,9,99,13560,231,11,25,9941,573,8,212,14717,485,20,151,11743,570,3,63,12170,437573,169
e1r1,modena,703,45811,balanced,1.0,41,0.005,False,0.9366391184573003,0.9243027888446215,0.8467683369644154,0.8554421768707483,0.96,0.8654618473895582,0.0005576212426269446,0.0006483176756610739,0.9046304842274171,0.8467683369644154,2586,324,480,499431,680,16,76,13553,232,14,24,9938,583,9,202,14716,503,37,133,11726,588,4,45,12169,437573,244
e1r1,ltown,701,110811,pooled,0.31622776601683794,31,0.0005,True,0.9940661203729867,0.6530303030303031,0.8755980861244019,0.9140969162995595,0.9936781609195402,0.9066821110548035,0.0001881281790358353,0.00021209319347196558,0.8860939173493583,0.6530303030303031,6262,306,983,1442456,1759,11,10,33836,431,21,437,33777,1098,8,304,27241,1245,9,225,27127,1729,15,7,34360,1286357,242
e1r1,ltown,701,110811,balanced,0.8912509381337459,40,0.0005,False,0.9926760563380281,0.694560669456067,0.8798434442270059,0.9306930693069307,0.9905687339239783,0.8885972788175979,0.0004765395609461448,0.0005551851240883804,0.8976683946504019,0.694560669456067,6433,801,812,1441961,1762,19,7,33828,498,68,370,33730,1124,29,278,27220,1316,42,154,27094,1733,30,3,34345,1286357,613
e1r1,ltown,701,110811,pooled,0.31622776601683794,31,0.005,False,0.9940661203729867,0.6530303030303031,0.8755980861244019,0.9140969162995595,0.9936781609195402,0.9066821110548035,0.0001881281790358353,0.00021209319347196558,0.8860939173493583,0.6530303030303031,6262,306,983,1442456,1759,11,10,33836,431,21,437,33777,1098,8,304,27241,1245,9,225,27127,1729,15,7,34360,1286357,242
e1r1,ltown,701,110811,balanced,0.8912509381337459,40,0.005,False,0.9926760563380281,0.694560669456067,0.8798434442270059,0.9306930693069307,0.9905687339239783,0.8885972788175979,0.0004765395609461448,0.0005551851240883804,0.8976683946504019,0.694560669456067,6433,801,812,1441961,1762,19,7,33828,498,68,370,33730,1124,29,278,27220,1316,42,154,27094,1733,30,3,34345,1286357,613
e1r1,ltown,701,111811,pooled,0.31622776601683794,31,0.0005,True,0.9961663226186965,0.6923076923076923,0.9017138859741168,0.8752873563218391,0.991461332032203,0.9062139654067906,0.00017477609284485655,0.0002075443409113626,0.8913873178509094,0.6923076923076923,7073,299,1165,1440357,1689,7,6,32174,540,37,443,38528,1289,11,270,29433,1523,11,423,36104,2032,12,23,39864,1264475,221
e1r1,ltown,701,111811,balanced,0.8912509381337459,40,0.0005,False,0.9929618768328445,0.7272727272727273,0.9041854029747493,0.9119737561509021,0.9900557846228475,0.8972225620947021,0.00043338144289131855,0.0005379493786164081,0.9052899095708142,0.7272727272727273,7333,775,905,1439881,1693,22,2,32159,624,109,359,38456,1307,25,252,29419,1668,44,278,36071,2041,27,14,39849,1264475,548
e1r1,ltown,701,111811,pooled,0.31622776601683794,31,0.005,False,0.9961663226186965,0.6923076923076923,0.9017138859741168,0.8752873563218391,0.991461332032203,0.9062139654067906,0.00017477609284485655,0.0002075443409113626,0.8913873178509094,0.6923076923076923,7073,299,1165,1440357,1689,7,6,32174,540,37,443,38528,1289,11,270,29433,1523,11,423,36104,2032,12,23,39864,1264475,221
e1r1,ltown,701,111811,balanced,0.8912509381337459,40,0.005,False,0.9929618768328445,0.7272727272727273,0.9041854029747493,0.9119737561509021,0.9900557846228475,0.8972225620947021,0.00043338144289131855,0.0005379493786164081,0.9052899095708142,0.7272727272727273,7333,775,905,1439881,1693,22,2,32159,624,109,359,38456,1307,25,252,29419,1668,44,278,36071,2041,27,14,39849,1264475,548
e1r1,ltown,701,112811,pooled,0.31622776601683794,31,0.0005,True,0.9938451571104633,0.7051383399209487,0.8367567567567568,0.9036950829211522,0.9957575757575757,0.9032943676939427,0.0001814960526539357,0.00019759666983745766,0.8870385824933793,0.7051383399209487,5950,285,989,1442047,1534,8,11,29180,446,16,357,32764,774,7,295,20888,1553,14,317,34650,1643,5,9,30006,1294794,235
e1r1,ltown,701,112811,balanced,0.8912509381337459,40,0.0005,False,0.9922630560928434,0.745269286754003,0.8426610348468849,0.9356627842484747,0.9924630690382876,0.8893684361962307,0.0004703450896436035,0.0005414842075194893,0.9016638461960987,0.745269286754003,6182,781,757,1441551,1539,18,6,29170,512,59,291,32721,798,27,271,20868,1687,49,183,34615,1646,19,6,29992,1294794,609
e1r1,ltown,701,112811,pooled,0.31622776601683794,31,0.005,False,0.9938451571104633,0.7051383399209487,0.8367567567567568,0.9036950829211522,0.9957575757575757,0.9032943676939427,0.0001814960526539357,0.00019759666983745766,0.8870385824933793,0.7051383399209487,5950,285,989,1442047,1534,8,11,29180,446,16,357,32764,774,7,295,20888,1553,14,317,34650,1643,5,9,30006,1294794,235
e1r1,ltown,701,112811,balanced,0.8912509381337459,40,0.005,False,0.9922630560928434,0.745269286754003,0.8426610348468849,0.9356627842484747,0.9924630690382876,0.8893684361962307,0.0004703450896436035,0.0005414842075194893,0.9016638461960987,0.745269286754003,6182,781,757,1441551,1539,18,6,29170,512,59,291,32721,798,27,271,20868,1687,49,183,34615,1646,19,6,29992,1294794,609
e1r1,ltown,701,113811,pooled,0.31622776601683794,31,0.0005,True,0.9936006825938567,0.6935332708528584,0.9263028060437866,0.8999718230487461,0.9944815567818762,0.9259601750816843,0.00018201072208617381,0.0002107024361776083,0.9015780278642248,0.6935332708528584,7510,304,897,1442489,2329,7,23,44736,370,39,288,27550,1502,14,225,31901,1597,5,350,36554,1712,8,11,32823,1269156,231
e1r1,ltown,701,113811,balanced,0.8912509381337459,40,0.0005,False,0.9932088285229203,0.7227891156462585,0.9272450532724505,0.9260951357162053,0.9939288811795317,0.9122558564937747,0.0004680275710787326,0.0005614110963942853,0.9126534028674731,0.7227891156462585,7730,810,677,1441983,2340,20,12,44723,425,93,233,27496,1523,35,204,31880,1723,51,224,36508,1719,17,4,32814,1269156,594
e1r1,ltown,701,113811,pooled,0.31622776601683794,31,0.005,False,0.9936006825938567,0.6935332708528584,0.9263028060437866,0.8999718230487461,0.9944815567818762,0.9259601750816843,0.00018201072208617381,0.0002107024361776083,0.9015780278642248,0.6935332708528584,7510,304,897,1442489,2329,7,23,44736,370,39,288,27550,1502,14,225,31901,1597,5,350,36554,1712,8,11,32823,1269156,231
e1r1,ltown,701,113811,balanced,0.8912509381337459,40,0.005,False,0.9932088285229203,0.7227891156462585,0.9272450532724505,0.9260951357162053,0.9939288811795317,0.9122558564937747,0.0004680275710787326,0.0005614110963942853,0.9126534028674731,0.7227891156462585,7730,810,677,1441983,2340,20,12,44723,425,93,233,27496,1523,35,204,31880,1723,51,224,36508,1719,17,4,32814,1269156,594
e1r1,ltown,701,114811,pooled,0.31622776601683794,31,0.0005,True,0.9927164823307256,0.6732117812061711,0.897240164415737,0.9156429156429157,0.995416164053076,0.9164804637961229,0.0001687849711314007,0.0002039495453798144,0.8948455015297251,0.6732117812061711,7588,294,1089,1441239,1840,13,14,35734,480,32,434,35387,1528,12,338,35644,1677,15,294,38255,2063,10,9,40395,1256036,212
e1r1,ltown,701,114811,balanced,0.8912509381337459,40,0.0005,False,0.9895414320193081,0.7337579617834394,0.9014409221902018,0.9324607329842932,0.9927953890489913,0.9061252819711956,0.00042673936097373005,0.0005403969246628416,0.9099992876052468,0.7337579617834394,7833,779,844,1440754,1845,30,9,35717,576,80,338,35339,1564,40,302,35616,1781,68,190,38202,2067,25,5,40380,1256036,536
e1r1,ltown,701,114811,pooled,0.31622776601683794,31,0.005,False,0.9927164823307256,0.6732117812061711,0.897240164415737,0.9156429156429157,0.995416164053076,0.9164804637961229,0.0001687849711314007,0.0002039495453798144,0.8948455015297251,0.6732117812061711,7588,294,1089,1441239,1840,13,14,35734,480,32,434,35387,1528,12,338,35644,1677,15,294,38255,2063,10,9,40395,1256036,212
e1r1,ltown,701,114811,balanced,0.8912509381337459,40,0.005,False,0.9895414320193081,0.7337579617834394,0.9014409221902018,0.9324607329842932,0.9927953890489913,0.9061252819711956,0.00042673936097373005,0.0005403969246628416,0.9099992876052468,0.7337579617834394,7833,779,844,1440754,1845,30,9,35717,576,80,338,35339,1564,40,302,35616,1781,68,190,38202,2067,25,5,40380,1256036,536
e1r1,ltown,701,115811,pooled,0.31622776601683794,31,0.0005,True,0.9907480835315887,0.7216494845360825,0.9154277358030709,0.9063085571517802,0.9927424675610292,0.924665571462098,0.0001942317144714519,0.00024397682220189082,0.9053752657167102,0.7216494845360825,7880,352,932,1442408,1874,7,28,36185,420,67,257,27831,1878,14,333,40659,1451,6,294,32819,2257,13,20,43779,1261380,245
e1r1,ltown,701,115811,balanced,0.8912509381337459,40,0.0005,False,0.990546218487395,0.7571761055081458,0.919578745811393,0.9275274056029232,0.990829694323144,0.9122391426959955,0.0004685344622556248,0.0005759793728686684,0.9171316339466002,0.7571761055081458,8087,831,725,1441929,1886,20,16,36172,488,124,189,27774,1921,46,290,40627,1523,16,222,32809,2269,34,8,43758,1261380,591
e1r1,ltown,701,115811,pooled,0.31622776601683794,31,0.005,False,0.9907480835315887,0.7216494845360825,0.9154277358030709,0.9063085571517802,0.9927424675610292,0.924665571462098,0.0001942317144714519,0.00024397682220189082,0.9053752657167102,0.7216494845360825,7880,352,932,1442408,1874,7,28,36185,420,67,257,27831,1878,14,333,40659,1451,6,294,32819,2257,13,20,43779,1261380,245
e1r1,ltown,701,115811,balanced,0.8912509381337459,40,0.005,False,0.990546218487395,0.7571761055081458,0.919578745811393,0.9275274056029232,0.990829694323144,0.9122391426959955,0.0004685344622556248,0.0005759793728686684,0.9171316339466002,0.7571761055081458,8087,831,725,1441929,1886,20,16,36172,488,124,189,27774,1921,46,290,40627,1523,16,222,32809,2269,34,8,43758,1261380,591
e1r1,ltown,702,110811,pooled,0.25118864315095807,29,0.0005,True,0.9951909476661952,0.6463878326996197,0.8711360899237254,0.9080162541558922,0.9945323741007194,0.9050734118331153,0.00018268645484884833,0.000198924008256386,0.8830526997092305,0.6463878326996197,6226,287,1019,1442475,1759,7,10,33840,425,22,443,33776,1085,4,317,27245,1229,8,241,27128,1728,11,8,34364,1286357,235
e1r1,ltown,702,110811,balanced,0.7943282347242817,39,0.0005,False,0.9932432432432432,0.6981664315937941,0.8852330591461026,0.9281924301379554,0.9911352587932514,0.8883672764929237,0.000495974290185384,0.000558650699145112,0.8991940845828694,0.6981664315937941,6434,806,811,1441956,1764,19,5,33828,495,55,373,33743,1130,21,272,27228,1312,45,158,27091,1733,28,3,34347,1286357,638
e1r1,ltown,702,110811,pooled,0.25118864315095807,29,0.005,False,0.9951909476661952,0.6463878326996197,0.8711360899237254,0.9080162541558922,0.9945323741007194,0.9050734118331153,0.00018268645484884833,0.000198924008256386,0.8830526997092305,0.6463878326996197,6226,287,1019,1442475,1759,7,10,33840,425,22,443,33776,1085,4,317,27245,1229,8,241,27128,1728,11,8,34364,1286357,235
e1r1,ltown,702,110811,balanced,1.0,41,0.005,False,0.9932508436445444,0.6985645933014354,0.8861154446177847,0.9260427620049071,0.9900028563267638,0.878549110175248,0.0006102504981121104,0.0007000461614597557,0.898795299979087,0.6985645933014354,6467,1010,778,1441752,1766,21,3,33826,511,84,357,33714,1136,26,266,27223,1321,62,149,27074,1733,32,3,34343,1286357,785
e1r1,ltown,702,111811,pooled,0.25118864315095807,29,0.0005,True,0.995875073659399,0.6805736636245111,0.9006669006669007,0.8617980797206867,0.9924297924297925,0.9025693863094855,0.0001739852507957848,0.00019643828922379805,0.886268702020258,0.6805736636245111,7008,283,1230,1440373,1690,9,5,32172,522,29,461,38536,1283,7,276,29437,1481,10,465,36105,2032,8,23,39868,1264475,220
e1r1,ltown,702,111811,balanced,0.7943282347242817,39,0.0005,False,0.9929577464788732,0.7239709443099274,0.9065096952908587,0.9066886870355079,0.9910346498667313,0.8952603143418467,0.0004586883884616145,0.0005268433269288435,0.9042323445963797,0.7239709443099274,7291,759,947,1439897,1692,21,3,32160,598,71,385,38494,1309,20,250,29424,1647,40,299,36075,2045,27,10,39849,1264475,580
e1r1,ltown,702,111811,pooled,0.25118864315095807,29,0.005,False,0.995875073659399,0.6805736636245111,0.9006669006669007,0.8617980797206867,0.9924297924297925,0.9025693863094855,0.0001739852507957848,0.00019643828922379805,0.886268702020258,0.6805736636245111,7008,283,1230,1440373,1690,9,5,32172,522,29,461,38536,1283,7,276,29437,1481,10,465,36105,2032,8,23,39868,1264475,220
e1r1,ltown,702,111811,balanced,1.0,41,0.005,False,0.9915030764723117,0.7264260768335273,0.9070811744386874,0.9106659447753113,0.9912832929782083,0.888701008515007,0.0005607070127918701,0.0006684454859452916,0.9053919130996091,0.7264260768335273,7358,963,880,1439693,1692,26,3,32155,624,111,359,38454,1313,23,246,29421,1682,66,264,36049,2047,28,8,39848,1264475,709
e1r1,ltown,702,112811,pooled,0.25118864315095807,29,0.0005,True,0.9954574951330305,0.6836653386454183,0.8336956521739131,0.8954785672342924,0.9945454545454545,0.8999465771197436,0.00016991119822921637,0.00018581020181206547,0.8805685015464217,0.6836653386454183,5896,268,1043,1442064,1534,3,11,29185,429,23,374,32757,767,4,302,20891,1525,11,345,34653,1641,7,11,30004,1294794,220
e1r1,ltown,702,112811,balanced,0.7943282347242817,39,0.0005,False,0.9935400516795866,0.7292736610418196,0.8538258575197889,0.9345950459226273,0.9927667269439421,0.8903961324770907,0.00045876023521888425,0.0005199912364143623,0.900800268621553,0.7292736610418196,6170,750,769,1441582,1538,13,7,29175,497,63,306,32717,809,17,260,20878,1679,44,191,34620,1647,19,5,29992,1294794,594
e1r1,ltown,702,112811,pooled,0.25118864315095807,29,0.005,False,0.9954574951330305,0.6836653386454183,0.8336956521739131,0.8954785672342924,0.9945454545454545,0.8999465771197436,0.00016991119822921637,0.00018581020181206547,0.8805685015464217,0.6836653386454183,5896,268,1043,1442064,1534,3,11,29185,429,23,374,32757,767,4,302,20891,1525,11,345,34653,1641,7,11,30004,1294794,220
e1r1,ltown,702,112811,balanced,1.0,41,0.005,False,0.9925782510487254,0.7335689045936395,0.8561001042752867,0.9334805409881314,0.9924766777008727,0.8814856818826198,0.0005637962486696725,0.0006593488877734113,0.9016408957213311,0.7335689045936395,6218,951,721,1441381,1538,16,7,29172,519,93,284,32687,821,28,248,20867,1691,62,179,34602,1649,22,3,29989,1294794,730
e1r1,ltown,702,113811,pooled,0.25118864315095807,29,0.0005,True,0.9936170212765958,0.6924528301886792,0.9236499068901304,0.8933635847986386,0.995059575704737,0.925142291512002,0.0001694039188247938,0.00019406803332148133,0.8996285837717561,0.6924528301886792,7477,280,930,1442513,2335,13,17,44730,367,35,291,27554,1488,7,239,31908,1575,4,372,36555,1712,6,11,32825,1269156,215
e1r1,ltown,702,113811,balanced,0.7943282347242817,39,0.0005,False,0.9938494167550371,0.7126637554585152,0.9268441995714723,0.9292820650712557,0.9936416184971099,0.9097558098383862,0.0005105755320858902,0.0005787385993694175,0.9112562110706781,0.7126637554585152,7712,835,695,1441958,2343,20,9,44723,408,79,250,27510,1514,26,213,31889,1728,44,219,36515,1719,18,4,32813,1269156,648
e1r1,ltown,702,113811,pooled,0.25118864315095807,29,0.005,False,0.9936170212765958,0.6924528301886792,0.9236499068901304,0.8933635847986386,0.995059575704737,0.925142291512002,0.0001694039188247938,0.00019406803332148133,0.8996285837717561,0.6924528301886792,7477,280,930,1442513,2335,13,17,44730,367,35,291,27554,1488,7,239,31908,1575,4,372,36555,1712,6,11,32825,1269156,215
e1r1,ltown,702,113811,balanced,1.0,41,0.005,False,0.9932203389830508,0.7117497886728656,0.9273947528981086,0.929637526652452,0.9924942263279446,0.9020840610082664,0.0006153695841961115,0.0007090414217424121,0.9108993267068843,0.7117497886728656,7748,1023,659,1441770,2344,24,8,44719,421,104,237,27485,1520,31,207,31884,1744,61,203,36498,1719,22,4,32809,1269156,781
e1r1,ltown,702,114811,pooled,0.25118864315095807,29,0.0005,True,0.9924283396430503,0.6624203821656051,0.8974056603773585,0.9193020719738277,0.9963741841914431,0.9170400871987404,0.00016400803798617236,0.0001838320732164994,0.8935861276702569,0.6624203821656051,7572,265,1105,1441268,1835,9,19,35738,468,31,446,35388,1522,4,344,35652,1686,11,285,38259,2061,4,11,40401,1256036,206
e1r1,ltown,702,114811,balanced,0.7943282347242817,39,0.0005,False,0.9903381642512077,0.7153094462540717,0.9078301069055187,0.9389671361502347,0.9939918288872867,0.9083318838058793,0.00042196242782850175,0.0005112612753228681,0.909287336489664,0.7153094462540717,7833,737,844,1440796,1845,27,9,35720,549,72,365,35347,1571,24,295,35632,1800,63,171,38207,2068,21,4,40384,1256036,530
e1r1,ltown,702,114811,pooled,0.25118864315095807,29,0.005,False,0.9924283396430503,0.6624203821656051,0.8974056603773585,0.9193020719738277,0.9963741841914431,0.9170400871987404,0.00016400803798617236,0.0001838320732164994,0.8935861276702569,0.6624203821656051,7572,265,1105,1441268,1835,9,19,35738,468,31,446,35388,1522,4,344,35652,1686,11,285,38259,2061,4,11,40401,1256036,206
e1r1,ltown,702,114811,balanced,1.0,41,0.005,False,0.9892761394101877,0.7277321541377132,0.9071510957324106,0.9365777892829407,0.9930372148859544,0.9001086397163932,0.0005413857564592097,0.0006527772864027393,0.9107548786898413,0.7277321541377132,7871,941,806,1440592,1845,31,9,35716,576,93,338,35326,1573,29,293,35627,1809,83,162,38187,2068,25,4,40380,1256036,680
e1r1,ltown,702,115811,pooled,0.25118864315095807,29,0.0005,True,0.9918097754293262,0.7205503009458297,0.9104733872945794,0.9048215403882279,0.993185315453946,0.924398423251162,0.00018154719434270401,0.00022803515484210818,0.9041680639023818,0.7205503009458297,7856,329,956,1442431,1877,6,25,36186,419,67,258,27831,1856,10,355,40663,1445,4,300,32821,2259,13,18,43779,1261380,229
e1r1,ltown,702,115811,balanced,0.7943282347242817,39,0.0005,False,0.991336308742452,0.7541501976284585,0.9211538461538461,0.9270959902794653,0.9912587412587412,0.9128935616980386,0.00046694889723953133,0.0005572652416202279,0.9169990168125928,0.7541501976284585,8075,804,737,1441956,1888,19,14,36173,477,111,200,27787,1916,33,295,40640,1526,21,219,32804,2268,31,9,43761,1261380,589
e1r1,ltown,702,115811,pooled,0.25118864315095807,29,0.005,False,0.9918097754293262,0.7205503009458297,0.9104733872945794,0.9048215403882279,0.993185315453946,0.924398423251162,0.00018154719434270401,0.00022803515484210818,0.9041680639023818,0.7205503009458297,7856,329,956,1442431,1877,6,25,36186,419,67,258,27831,1856,10,355,40663,1445,4,300,32821,2259,13,18,43779,1261380,229
e1r1,ltown,702,115811,balanced,1.0,41,0.005,False,0.991345397324941,0.7459954233409611,0.9208323367615403,0.9266082754454847,0.9914828565188906,0.9047087703637581,0.0005779384483660752,0.0006958884360531205,0.9152528578783636,0.7459954233409611,8108,1004,704,1441756,1890,21,12,36171,489,145,188,27753,1925,45,286,40628,1534,32,211,32793,2270,32,7,43760,1261380,729
e1r1,ltown,703,110811,pooled,0.31622776601683794,31,0.0005,True,0.9949152542372881,0.6590736522399393,0.8662369057211926,0.9195318215069496,0.9942528735632183,0.9034074501876985,0.00023243936170130064,0.00024259025397120246,0.8868021014537175,0.6590736522399393,6257,350,988,1442412,1761,10,8,33837,434,15,434,33783,1075,5,327,27244,1257,7,213,27129,1730,14,6,34361,1286357,299
e1r1,ltown,703,110811,balanced,0.7943282347242817,39,0.0005,False,0.9929597296536187,0.7001414427157001,0.8771236665349664,0.9313031161473088,0.9908466819221968,0.8888734931411943,0.0004804265067939927,0.0005364710187820306,0.8984749273947582,0.7001414427157001,6415,774,830,1441988,1763,19,6,33828,495,51,373,33747,1110,19,292,27230,1315,39,155,27097,1732,28,4,34347,1286357,618
e1r1,ltown,703,110811,pooled,0.31622776601683794,31,0.005,False,0.9949152542372881,0.6590736522399393,0.8662369057211926,0.9195318215069496,0.9942528735632183,0.9034074501876985,0.00023243936170130064,0.00024259025397120246,0.8868021014537175,0.6590736522399393,6257,350,988,1442412,1761,10,8,33837,434,15,434,33783,1075,5,327,27244,1257,7,213,27129,1730,14,6,34361,1286357,299
e1r1,ltown,703,110811,balanced,1.0,41,0.005,False,0.9926842993809791,0.700960219478738,0.8793375394321766,0.9327227897146882,0.9902857142857143,0.8801966004505427,0.0005923705472120103,0.0006633110658584022,0.8991981124584593,0.700960219478738,6447,957,798,1441805,1764,21,5,33826,511,79,357,33719,1115,19,287,27230,1324,45,146,27091,1733,31,3,34344,1286357,762
e1r1,ltown,703,111811,pooled,0.31622776601683794,31,0.0005,True,0.9961708394698086,0.6919060052219321,0.8965030024726245,0.8799313893653516,0.9917113603120429,0.9033124440465533,0.00022143577374008976,0.0002339212136693284,0.8912445193683519,0.6919060052219321,7063,337,1175,1440319,1691,9,4,32172,530,19,453,38546,1269,3,290,29441,1539,13,407,36102,2034,13,21,39863,1264475,280
e1r1,ltown,703,111811,balanced,0.7943282347242817,39,0.0005,False,0.992375366568915,0.7290400972053463,0.9045961002785515,0.9137554585152838,0.991030303030303,0.8976358612219835,0.00044919828387275353,0.0005122666340889151,0.90615946511968,0.7290400972053463,7309,738,929,1439918,1692,23,3,32158,600,63,383,38502,1299,14,260,29430,1674,44,272,36071,2044,26,11,39850,1264475,568
e1r1,ltown,703,111811,pooled,0.31622776601683794,31,0.005,False,0.9961708394698086,0.6919060052219321,0.8965030024726245,0.8799313893653516,0.9917113603120429,0.9033124440465533,0.00022143577374008976,0.0002339212136693284,0.8912445193683519,0.6919060052219321,7063,337,1175,1440319,1691,9,4,32172,530,19,453,38546,1269,3,290,29441,1539,13,407,36102,2034,13,21,39863,1264475,280
e1r1,ltown,703,111811,balanced,1.0,41,0.005,False,0.9917936694021102,0.7328687572590011,0.9037860368183397,0.9167117360735533,0.989835430784124,0.890124501390064,0.0005559619604974396,0.0006552570495663086,0.9069991260674257,0.7328687572590011,7364,944,874,1439712,1692,25,3,32156,631,108,352,38457,1301,19,258,29425,1695,57,251,36058,2045,32,10,39844,1264475,703
e1r1,ltown,703,112811,pooled,0.31622776601683794,31,0.0005,True,0.9938451571104633,0.6953062848050915,0.8311546840958606,0.9118751805836464,0.9954559224477431,0.9029567854435178,0.00019153625982202576,0.000205223207971535,0.885527445808561,0.6953062848050915,5955,296,984,1442036,1534,8,11,29180,437,17,366,32763,763,4,306,20891,1578,13,292,34651,1643,6,9,30005,1294794,248
e1r1,ltown,703,112811,balanced,0.7943282347242817,39,0.0005,False,0.9932192444300937,0.7380073800738007,0.8500264970853206,0.9316977976024533,0.9939649969824985,0.8921405287939153,0.00043636284999776025,0.000490871727175158,0.9013831832348334,0.7380073800738007,6158,708,781,1441624,1538,14,7,29174,500,52,303,32728,802,16,267,20879,1671,46,199,34618,1647,15,5,29996,1294794,565
e1r1,ltown,703,112811,pooled,0.31622776601683794,31,0.005,False,0.9938451571104633,0.6953062848050915,0.8311546840958606,0.9118751805836464,0.9954559224477431,0.9029567854435178,0.00019153625982202576,0.000205223207971535,0.885527445808561,0.6953062848050915,5955,296,984,1442036,1534,8,11,29180,437,17,366,32763,763,4,306,20891,1578,13,292,34651,1643,6,9,30005,1294794,248
e1r1,ltown,703,112811,balanced,1.0,41,0.005,False,0.9919380844888745,0.7412687099073414,0.8518713758566157,0.9342579750346741,0.9927754364840458,0.883551881413911,0.0005437158343334924,0.0006198295538059199,0.9024223163543101,0.7412687099073414,6199,894,740,1441438,1538,18,7,29170,520,80,283,32700,808,20,261,20875,1684,51,186,34613,1649,21,3,29990,1294794,704
e1r1,ltown,703,113811,pooled,0.31622776601683794,31,0.0005,True,0.9936061381074168,0.6962391513982642,0.9260290931600124,0.9020488352511928,0.9950653120464441,0.9237866765085809,0.0002277103839086763,0.00023634714058080403,0.902597705992666,0.6962391513982642,7509,341,898,1442452,2331,9,21,44734,361,18,297,27571,1496,8,231,31907,1607,9,340,36550,1714,8,9,32823,1269156,289
e1r1,ltown,703,113811,balanced,0.7943282347242817,39,0.0005,False,0.994052676295667,0.738898756660746,0.931783420006118,0.922743290864733,0.9939288811795317,0.9123222748815166,0.0004956049532130014,0.0005357663919910895,0.916281405001359,0.738898756660746,7700,773,707,1442020,2340,16,12,44727,416,52,242,27537,1523,19,204,31896,1702,40,245,36519,1719,17,4,32814,1269156,629
e1r1,ltown,703,113811,pooled,0.31622776601683794,31,0.005,False,0.9936061381074168,0.6962391513982642,0.9260290931600124,0.9020488352511928,0.9950653120464441,0.9237866765085809,0.0002277103839086763,0.00023634714058080403,0.902597705992666,0.6962391513982642,7509,341,898,1442452,2331,9,21,44734,361,18,297,27571,1496,8,231,31907,1607,9,340,36550,1714,8,9,32823,1269156,289
e1r1,ltown,703,113811,balanced,1.0,41,0.005,False,0.9934224485465734,0.7387543252595156,0.9316656497864552,0.9269994632313473,0.9933545218145045,0.9043752555639932,0.0006185212850114564,0.000673000215554137,0.9168392817276791,0.7387543252595156,7741,971,666,1441822,2341,20,11,44723,427,71,231,27518,1527,24,200,31891,1727,52,220,36507,1719,19,4,32812,1269156,785
e1r1,ltown,703,114811,pooled,0.31622776601683794,31,0.0005,True,0.992984349703184,0.6732813607370659,0.8976470588235295,0.9280904928629141,0.9963811821471653,0.9176088525378879,0.00020142734762379423,0.0002233733116064634,0.8976768888547717,0.6732813607370659,7629,322,1048,1441211,1840,12,14,35735,475,22,439,35397,1526,8,340,35648,1723,19,248,38251,2065,8,7,40397,1256036,253
e1r1,ltown,703,114811,balanced,0.7943282347242817,39,0.0005,False,0.99140708915145,0.7338129496402878,0.9104088141490287,0.9389033942558747,0.9944698244770378,0.910547396528705,0.00042673936097373005,0.000490450097222887,0.9138004143347359,0.7338129496402878,7843,707,834,1440826,1846,24,8,35723,561,54,353,35365,1570,13,296,35643,1798,61,173,38209,2068,19,4,40386,1256036,536
e1r1,ltown,703,114811,pooled,0.31622776601683794,31,0.005,False,0.992984349703184,0.6732813607370659,0.8976470588235295,0.9280904928629141,0.9963811821471653,0.9176088525378879,0.00020142734762379423,0.0002233733116064634,0.8976768888547717,0.6732813607370659,7629,322,1048,1441211,1840,12,14,35735,475,22,439,35397,1526,8,340,35648,1723,19,248,38251,2065,8,7,40397,1256036,253
e1r1,ltown,703,114811,balanced,1.0,41,0.005,False,0.9906141056583534,0.7406940063091483,0.9101934738665897,0.9387649195640893,0.9935142925774681,0.9035399243899644,0.0005286472680719343,0.0006201731073794357,0.9147561595951297,0.7406940063091483,7887,894,790,1440639,1847,28,7,35719,587,84,327,35335,1576,21,290,35635,1809,74,162,38196,2068,23,4,40382,1256036,664
e1r1,ltown,703,115811,pooled,0.31622776601683794,31,0.0005,True,0.9910195456946645,0.7365684575389948,0.9119882324099043,0.9120298414672054,0.9938407391113067,0.9233200655584173,0.00023942031743011622,0.0002668496492833181,0.9090893632444151,0.7365684575389948,7887,385,925,1442375,1876,8,26,36184,425,52,252,27846,1860,8,351,40665,1467,5,278,32820,2259,10,18,43782,1261380,302
e1r1,ltown,703,115811,balanced,0.7943282347242817,39,0.0005,False,0.9918571053322827,0.7724358974358975,0.9202898550724637,0.928136419001218,0.9914716816094468,0.9145643177050853,0.00046536333222343783,0.000527461254817156,0.9208381916902617,0.7724358974358975,8066,761,746,1441999,1888,17,14,36175,482,89,195,27809,1905,24,306,40649,1524,15,221,32810,2267,29,10,43763,1261380,587
e1r1,ltown,703,115811,pooled,0.31622776601683794,31,0.005,False,0.9910195456946645,0.7365684575389948,0.9119882324099043,0.9120298414672054,0.9938407391113067,0.9233200655584173,0.00023942031743011622,0.0002668496492833181,0.9090893632444151,0.7365684575389948,7887,385,925,1442375,1876,8,26,36184,425,52,252,27846,1860,8,351,40665,1467,5,278,32820,2259,10,18,43782,1261380,302
e1r1,ltown,703,115811,balanced,1.0,41,0.005,False,0.9913408554185253,0.765661252900232,0.9206349206349206,0.9302184466019418,0.991486574983628,0.9073804457386045,0.0005700106232856078,0.0006543014777232527,0.9198684101078495,0.765661252900232,8102,944,710,1441816,1889,20,13,36172,495,121,182,27777,1914,33,297,40640,1533,18,212,32807,2271,33,6,43759,1261380,719
