{
  "GAT": {
    "heads": 4,
    "n_params": 23554,
    "best_epoch": 18,
    "train_time": 76.2289171218872,
    "p_all_mae": 1.7730733156204224,
    "p_all_rmse": 2.203885211053093,
    "p_unobs_mae": 2.122891902923584,
    "p_unobs_rmse": 2.6182107775403916,
    "q_all_mae": 0.009006929583847523,
    "q_all_rmse": 0.017251199839075904,
    "q_unobs_mae": 0.009124482981860638,
    "q_unobs_rmse": 0.01739077599949158
  },
  "GATv2": {
    "heads": 4,
    "n_params": 31746,
    "best_epoch": 73,
    "train_time": 187.37792301177979,
    "p_all_mae": 1.7939438819885254,
    "p_all_rmse": 2.2864080146924035,
    "p_unobs_mae": 2.1074206829071045,
    "p_unobs_rmse": 2.632485932605105,
    "q_all_mae": 0.007818212732672691,
    "q_all_rmse": 0.017246307511317137,
    "q_unobs_mae": 0.007849516347050667,
    "q_unobs_rmse": 0.01715877883853903
  },
  "Transformer": {
    "heads": 4,
    "n_params": 48130,
    "best_epoch": 63,
    "train_time": 137.12144422531128,
    "p_all_mae": 1.0536664724349976,
    "p_all_rmse": 1.542327438544941,
    "p_unobs_mae": 1.3628778457641602,
    "p_unobs_rmse": 1.9534596881207436,
    "q_all_mae": 0.007622943725436926,
    "q_all_rmse": 0.01597826830698547,
    "q_unobs_mae": 0.007758504245430231,
    "q_unobs_rmse": 0.01574061135596668
  },
  "GraphSAGE": {
    "heads": 1,
    "n_params": 30338,
    "best_epoch": 58,
    "train_time": 95.27921080589294,
    "p_all_mae": 1.0780599117279053,
    "p_all_rmse": 1.58961706396523,
    "p_unobs_mae": 1.3303474187850952,
    "p_unobs_rmse": 1.9370458132082606,
    "q_all_mae": 0.007199530955404043,
    "q_all_rmse": 0.015234314841218913,
    "q_unobs_mae": 0.007235091179609299,
    "q_unobs_rmse": 0.015249147229909069
  },
  "GCN": {
    "heads": 1,
    "n_params": 22146,
    "best_epoch": 91,
    "train_time": 139.37559604644775,
    "p_all_mae": 1.3249109983444214,
    "p_all_rmse": 1.7929835100750713,
    "p_unobs_mae": 1.6046631336212158,
    "p_unobs_rmse": 2.2026552822351477,
    "q_all_mae": 0.00821724534034729,
    "q_all_rmse": 0.017268911637910698,
    "q_unobs_mae": 0.00831784587353468,
    "q_unobs_rmse": 0.017259073244206266
  }
}