{
  "30%": {
    "ReconGNN (GAT)": {
      "P_MAE_all": 1.3071922063827515,
      "P_MAE_unobs": 1.5603535175323486,
      "Q_MAE_all": 0.006022130139172077,
      "Q_MAE_unobs": 0.006093279458582401
    },
    "Pseudo-inverse": {
      "P_MAE_all": 6.930655479431152,
      "P_MAE_unobs": 22.119068145751953,
      "Q_MAE_all": 0.16035376489162445,
      "Q_MAE_unobs": 0.15173611044883728
    },
    "WLS": {
      "P_MAE_all": 6.877475738525391,
      "P_MAE_unobs": 18.316238403320312,
      "Q_MAE_all": 0.11130695790052414,
      "Q_MAE_unobs": 0.11303514242172241
    }
  },
  "50%": {
    "ReconGNN (GAT)": {
      "P_MAE_all": 1.8516979217529297,
      "P_MAE_unobs": 2.2279086112976074,
      "Q_MAE_all": 0.009234058670699596,
      "Q_MAE_unobs": 0.009453276172280312
    },
    "Pseudo-inverse": {
      "P_MAE_all": 11.458831787109375,
      "P_MAE_unobs": 22.58711814880371,
      "Q_MAE_all": 0.16143418848514557,
      "Q_MAE_unobs": 0.15863491594791412
    },
    "WLS": {
      "P_MAE_all": 10.341263771057129,
      "P_MAE_unobs": 18.986570358276367,
      "Q_MAE_all": 0.12352538108825684,
      "Q_MAE_unobs": 0.12897160649299622
    }
  }
}