{
  "network": "Net1",
  "node_names": [
    "10",
    "11",
    "12",
    "13",
    "21",
    "22",
    "23",
    "31",
    "32",
    "9",
    "2"
  ],
  "edge_names": [
    "10",
    "11",
    "12",
    "21",
    "22",
    "31",
    "110",
    "111",
    "112",
    "113",
    "121",
    "122",
    "9"
  ],
  "feature_names": [
    "Elevation",
    "Base Demand",
    "Type (Junction)",
    "Type (Reservoir)",
    "Type (Tank)",
    "Pressure Obs",
    "Pressure Mask"
  ],
  "reconstruction": {
    "node_importance": [
      0.9150352534944566,
      0.9181672496694356,
      0.722546289198919,
      0.8824532218976,
      0.8030526102071648,
      0.7039897654800393,
      0.6388168611362366,
      1.0,
      0.9731770759700665,
      0.7667677237437918,
      0.47110344971721546
    ],
    "edge_importance": [
      0.9600877591734525,
      0.6277916100718102,
      0.14822486123433015,
      0.7837139913813737,
      0.6262516360193069,
      0.4263646661576897,
      0.9526396822323754,
      0.37965434924895153,
      0.7106214012441994,
      0.4813541422712148,
      0.6112408945706362,
      0.4789271500966464,
      1.0,
      0.6227549506737159,
      0.3857204362099468,
      0.7115119274848684,
      0.9819080730079215,
      0.8699668541494073,
      0.8086691426278478,
      0.8710024853661333,
      0.8732323346547662,
      0.870637900217403,
      0.710551983856972,
      0.6963537088070154,
      0.38413655253315215,
      0.620106567354519
    ],
    "feature_importance": [
      0.6026321718685147,
      1.0,
      0.8203828010833585,
      0.15199782978214876,
      0.06634514461078037,
      0.4180948086382013,
      0.4445821769408278
    ],
    "n_explained": 20
  },
  "anomaly_detection": {
    "node_importance": [
      0.638851955516979,
      1.0,
      0.9089027258112559,
      0.9181337721014041,
      0.9409419306867334,
      0.9163804741388946,
      0.7438511164731204,
      0.9315828970984897,
      0.893147445708664,
      0.6609253542098227,
      0.8293088373908823
    ],
    "edge_importance": [
      0.791789783506847,
      0.7452487977201524,
      0.77693025959833,
      0.795035331318968,
      0.7706602717915555,
      0.735287919943655,
      0.7986483796663834,
      0.8139534092547343,
      0.6209269146144408,
      0.7892702060820733,
      0.8757941090372379,
      0.8097362431428997,
      0.839307129737972,
      0.7212278943059227,
      0.7466796362868636,
      0.8317294361648845,
      0.8146194750645609,
      0.8743343690361076,
      0.7939249431254558,
      1.0,
      0.7501301681764103,
      0.7547344328509945,
      0.9891158908241267,
      0.8176677960251192,
      0.8810320738799535,
      0.7566050006187077
    ],
    "feature_importance": [
      1.0,
      0.9395251563264261,
      0.9891376792289127,
      0.1002614539718546,
      0.10711600067767774,
      0.7073757082411071,
      0.7360928479314829
    ],
    "n_explained": 20
  }
}