network,method,lambda,path_index,thresholds_selected_on,mean_pooled_f1,model_mean_sd_pooled_f1,source_mean_sd_pooled_f1,mean_random,model_mean_sd_random,source_mean_sd_random,mean_replay,model_mean_sd_replay,source_mean_sd_replay,mean_drift,model_mean_sd_drift,source_mean_sd_drift,mean_noise,model_mean_sd_noise,source_mean_sd_noise,mean_targeted,model_mean_sd_targeted,source_mean_sd_targeted,mean_family_macro_f1,model_mean_sd_family_macro_f1,source_mean_sd_family_macro_f1,mean_worst_family_f1,model_mean_sd_worst_family_f1,source_mean_sd_worst_family_f1,mean_clean_fpr,model_mean_sd_clean_fpr,source_mean_sd_clean_fpr,mean_all_negative_fpr,model_mean_sd_all_negative_fpr,source_mean_sd_all_negative_fpr,mean_evaluation_clean_fpr_percent
modena,hybrid,0.0,0,calibration,0.2678449778344423,0.06819416032179945,0.021336113071893734,0.1544339493589738,0.13381563340751731,0.011361137166648189,0.8689296755728917,0.013883179862320232,0.018594316570796608,0.14680971177355617,0.049888956406079446,0.018649725838880218,0.10607108410646965,0.034704317101195384,0.021274164427866296,0.18165233579540538,0.15354092295981667,0.03375211151858415,0.2915793513214593,0.06437683167691825,0.007190124963772182,0.06433853730501814,0.03828804343790772,0.01255439078863936,1.1391570026907597e-07,2.5669804096206415e-07,1.899196626141762e-07,7.343989679621272e-07,6.055118728845065e-07,1.018796550156546e-06,1.1391570026907596e-05
modena,hybrid,0.01,1,calibration,0.6136652733754443,0.021294957202119835,0.021226722100012915,0.6272589946473731,0.03167257270475774,0.01655989757804939,0.9206579059882538,0.00448482993522226,0.006536520138188357,0.38852335747369415,0.04297686441056181,0.02883381231723951,0.516074318705783,0.007212994585757859,0.06395391887194901,0.6904985168752698,0.029132328071156535,0.04628451987522684,0.6286026187380747,0.02013687651047832,0.01533915790470713,0.38792474174967306,0.042112507075836275,0.028804541748784475,1.4922116309335976e-05,3.733492208547629e-06,4.381510251080588e-06,1.6046824878273717e-05,3.363230076552579e-06,3.850416880880499e-06,0.0014922116309335977
modena,hybrid,0.011220184543019636,2,calibration,0.6274506673454626,0.018139659167837673,0.021206987723777413,0.6444029962818522,0.027840755874112465,0.01540795878374977,0.9223158465471268,0.0039728818427986435,0.006952849486735178,0.4108051585167073,0.03449411937731907,0.029393882833393753,0.5260050355975951,0.007054350937020972,0.0647356742396621,0.706445166269917,0.025950050832606136,0.046710645439295054,0.6419948406426398,0.016942902225107588,0.015538804564470713,0.4100318336252331,0.03346255501690254,0.029299234999941717,1.6179767456213196e-05,3.960287947100046e-06,5.17849877888075e-06,1.7647979917728967e-05,3.635407703177346e-06,4.363089081823941e-06,0.0016179767456213196
modena,hybrid,0.012589254117941675,3,calibration,0.6298362053428062,0.018522853548315166,0.021076808331555653,0.6446869340098556,0.02789211734354276,0.01534117015784771,0.9223523043566411,0.003956354091821869,0.007022498806393221,0.4131453728614557,0.038396023440044696,0.02931929896186965,0.5361458693947098,0.007737443516203041,0.06523705617969847,0.7068410973386818,0.026045235828752684,0.046720501194234536,0.6446343155922687,0.01745913000738438,0.015379948802131727,0.41235601722686316,0.03668328300559583,0.029205024739836542,1.690563590916787e-05,4.2928147852949745e-06,5.219683604180432e-06,1.828177694589448e-05,3.965084813446594e-06,4.239308239435056e-06,0.001690563590916787
modena,hybrid,0.01412537544622754,4,calibration,0.6484690170393335,0.01509643346374758,0.02053990017479604,0.6685113558292503,0.02407971715926488,0.014649621807950616,0.924681788289515,0.003016339726384469,0.008013506332337238,0.44344139168414387,0.029679553632557257,0.02969637741184152,0.5474344612726679,0.007624299164503648,0.06612221544741234,0.7287110067497111,0.020378687307045507,0.04476570886541257,0.6625560007650577,0.014121771011296125,0.015426390248392388,0.4408876548368613,0.027381441159949796,0.029166656564580253,1.926988742527757e-05,4.6132524721483315e-06,5.140039691208068e-06,2.0650191289975495e-05,4.176514245645183e-06,3.9389571884425764e-06,0.001926988742527757
modena,hybrid,0.015848931924611134,5,calibration,0.6628707326648471,0.015656592723174306,0.02106245192067494,0.6848798380144759,0.021828771382800597,0.01328175655727953,0.9259606776700533,0.003211752268748702,0.008658537882681798,0.4691671470500859,0.03317659429317042,0.032636043125768205,0.5592861193964423,0.008339316460142776,0.06809323038531356,0.7435774876406224,0.019633520575341935,0.04426977529948419,0.6765742539543359,0.014771151324775437,0.01649094208496118,0.4637164663274472,0.02915091815307118,0.0325174041770363,2.0834303040119085e-05,4.857438262214095e-06,5.455393838702028e-06,2.225127112852402e-05,4.20480869497692e-06,3.816999896223918e-06,0.0020834303040119084
modena,hybrid,0.01778279410038923,6,calibration,0.6738251319753048,0.016518364715838424,0.020742021755476084,0.6965508664890016,0.023030853485688913,0.012497065001758659,0.9266344707581294,0.0032071884317427077,0.008776011947729897,0.4892429575128538,0.031105951825605462,0.03368726230734285,0.5713430786625102,0.006507521223203116,0.06873024246767138,0.7532946201653458,0.02119758971089099,0.04340360095189243,0.6874131987175682,0.015421092376949566,0.016616918862244395,0.4816101037124037,0.025687227466081403,0.033527522859587204,2.2891292496686097e-05,5.411967711867713e-06,5.342620731831962e-06,2.4352961439975163e-05,4.645982558447668e-06,3.880497492764545e-06,0.0022891292496686096
modena,hybrid,0.0199526231496888,7,calibration,0.683642616946609,0.01563833251014141,0.021303743150107614,0.7069261171254703,0.020059717680091967,0.01247764589857929,0.9273876917013121,0.002749003297528227,0.008949045104390457,0.5081379949060907,0.03280904191743835,0.03538076934713128,0.5809326462384573,0.006753948242172792,0.07006609002036096,0.7623693423696655,0.019706631037749122,0.04326689355330394,0.6971507584681991,0.014788493323203214,0.017457932094013917,0.4987070684814088,0.026798640718613403,0.035929875598525486,2.4835086233581472e-05,5.957977895346353e-06,5.3214637208345565e-06,2.615419874648229e-05,5.1351549984690004e-06,3.6334044373430192e-06,0.0024835086233581474
modena,hybrid,0.0223872113856834,8,calibration,0.692479193752511,0.015020249048464489,0.021581511134713138,0.716800159013128,0.017441928485128644,0.012229244499977518,0.9277963782657821,0.0027375400449184306,0.009098669049688294,0.5229005303361066,0.037330178606330415,0.0369793970394569,0.5904346146297442,0.006039990745146994,0.07150270546267391,0.7707585830596572,0.017064052094834675,0.04282026423130691,0.7057380530608837,0.014470212505530024,0.018023516139766098,0.5121029992687377,0.03097659985002931,0.03810937098382444,2.681078082411266e-05,6.616782095369262e-06,5.651213652293461e-06,2.8222532148434603e-05,5.618468858281216e-06,4.479405137158165e-06,0.0026810780824112657
modena,hybrid,0.025118864315095794,9,calibration,0.6998877594426242,0.015694552869420713,0.021861587308170446,0.7236799411225501,0.018211030727413816,0.011646318345811623,0.9279637613026092,0.002917101100822235,0.009341097006322959,0.5361347019625614,0.03811144980818541,0.038274192816615656,0.6021921722136182,0.006860908787322944,0.07154552326804023,0.7763550546722595,0.01751122784949318,0.042705532830948106,0.7132651262547198,0.01510798482291301,0.01837413496836999,0.5251206456666184,0.031746336815988284,0.03916329594754719,2.982736621059207e-05,7.609385028398657e-06,6.356295727641296e-06,3.112445255906362e-05,6.459860592837181e-06,4.169380138663073e-06,0.0029827366210592073
modena,hybrid,0.028183829312644536,10,calibration,0.7090634712463085,0.015062595254989108,0.022276309199813254,0.7319569098216384,0.01766443572420338,0.012284244015469792,0.9283859902796501,0.0024491689834922788,0.009454559310962264,0.5553787445379037,0.03645251241691446,0.03814441938619827,0.614127214655816,0.005561564636643287,0.07205527835336048,0.7831089553571383,0.016869618310700867,0.04298268592835526,0.7225915629304291,0.014381545578042608,0.018878086312438917,0.5429930748519527,0.030401739627490924,0.04077697538927259,3.279958262675062e-05,8.245741906853792e-06,6.475510014837108e-06,3.3959758353261757e-05,7.027407505404063e-06,3.963899118533105e-06,0.0032799582626750617
modena,hybrid,0.03162277660168379,11,calibration,0.7232667163456078,0.016226531795791047,0.022466426394495538,0.7476732391721477,0.019912503453705887,0.012014878503363063,0.9295251560768291,0.0022587418334436,0.009757405323102727,0.5836417897243494,0.03616699967874833,0.04137007154917393,0.625318295919515,0.006973305274169231,0.07301607311099866,0.7959262709424915,0.0179494297039719,0.041345049316839806,0.7364169503670666,0.015265604991434282,0.01963205837834131,0.5667543232882036,0.02887713306289136,0.0464094709224902,3.6538191894876374e-05,8.935403859904694e-06,6.878983107634801e-06,3.7795915077619344e-05,7.712512011368758e-06,3.7414774115192384e-06,0.0036538191894876374
modena,hybrid,0.03548133892335755,12,calibration,0.7319124028232887,0.01514473808904414,0.022649028270852935,0.7555947115518324,0.0185507726136983,0.011970615614920254,0.9298865584536717,0.0021338684279211006,0.009610475968334722,0.6000440290126067,0.033501610962872574,0.042363722051433635,0.6364449259231346,0.005172303094125582,0.07388184199006922,0.8031664109811201,0.01667633925339945,0.04119173696620052,0.7450273271844731,0.014227928155420736,0.019889953653686537,0.5817024905199856,0.026404781419990257,0.04879372367027008,3.9089627753307274e-05,9.921839538944386e-06,7.3614728505582186e-06,4.0298035341620275e-05,8.712073025309382e-06,4.492942333860408e-06,0.003908962775330728
modena,hybrid,0.039810717055349734,13,calibration,0.742027171724629,0.013916374018163593,0.022583855497126857,0.7649022077977106,0.01760137564669169,0.012234582365081884,0.9306550801617846,0.0019122527364514538,0.009831811041911397,0.6200881215684416,0.02963643776200439,0.0432377078285486,0.6487643171525156,0.005254719442160735,0.07346662338745254,0.8116675486958047,0.01661539016329699,0.040930388263931285,0.7552154550752515,0.012912124255895333,0.020117981105275462,0.6001322210309155,0.023009518540740206,0.0514063753778282,4.412277272493694e-05,1.1579664548822533e-05,8.801396350745678e-06,4.536761736868259e-05,9.800696967224219e-06,4.2222156932594285e-06,0.004412277272493694
modena,hybrid,0.0446683592150963,14,calibration,0.7503091652942362,0.012510334598660697,0.02245530698501092,0.772895545940585,0.016724027771348335,0.012074774523721148,0.9310012303908207,0.002016197046076204,0.010171088119625856,0.63517520673942,0.025518576070720292,0.04350851974063102,0.6598590173575657,0.004641745887904432,0.07290524351432152,0.8185959831047993,0.015320075861651664,0.03981666634980974,0.7635053967066381,0.011416389681946762,0.02010781990635481,0.6144860176350321,0.018323868062064735,0.05259596060013322,4.789198268733273e-05,1.147338310145246e-05,8.151741754576786e-06,4.923710256487267e-05,9.682010017392094e-06,3.906906403687185e-06,0.004789198268733273
modena,hybrid,0.05011872336272725,15,calibration,0.7585086457036078,0.012035840943510404,0.022656520727047793,0.7818785276810272,0.016356857215096034,0.012265016669692092,0.9313277806423633,0.00179443810097977,0.010396190176417084,0.6494432284838209,0.023757494092431337,0.044737221602166546,0.6706705387357367,0.004629826689383926,0.07303154274078587,0.8252171678145616,0.015213197800871455,0.039153187537863496,0.771707448671502,0.010880958794656104,0.020494938793164007,0.6283623266720977,0.017030741364643606,0.05531577510719932,5.2274929088339074e-05,1.2727607922196643e-05,8.508392000515524e-06,5.337368636133839e-05,1.0682145462483757e-05,3.990807594084827e-06,0.005227492908833908
modena,hybrid,0.05623413251903491,16,calibration,0.768100332888255,0.012195216622796054,0.022726188367866343,0.7927605535557813,0.017375388917689104,0.011991727831833589,0.9317725341205777,0.0016883007699321003,0.010949028826921472,0.6649413363077967,0.022302613770417312,0.04482767422602186,0.6812072017159772,0.005851858061157019,0.0733460263991455,0.8347543936548885,0.015491606706026369,0.03782669524611453,0.7810872038710044,0.011026619026051858,0.020739467863232625,0.6426191691126605,0.01556852535914198,0.05711722504544623,5.7728247863709795e-05,1.3713000508126489e-05,1.0030982094606326e-05,5.924408890555551e-05,1.1846736929404004e-05,4.179346558895897e-06,0.00577282478637098
modena,hybrid,0.06309573444801933,17,calibration,0.776673212104476,0.010678922035272794,0.02254782171962443,0.8020380597920487,0.01512198866874532,0.012141367841272455,0.9320942017596059,0.0018396598804238204,0.010893758504113837,0.6788017989471804,0.01994934636473505,0.044775439889823763,0.692405143421261,0.005202457181694757,0.0730979466282534,0.8425706624443517,0.014016330762208264,0.036282984691152306,0.7895819732728895,0.009697191190336045,0.0206638214375703,0.6563969969850664,0.014289333079623483,0.057847323381392333,6.317643791277038e-05,1.4925577074454052e-05,1.1192800829450485e-05,6.508107909323973e-05,1.283429966660497e-05,4.637348669578182e-06,0.006317643791277038
modena,hybrid,0.0707945784384138,18,calibration,0.7853705355271756,0.010415262098873897,0.021942024643277498,0.8122508956566641,0.015512330496131734,0.012368879766849075,0.9324464175278915,0.0017909474985736043,0.010801325768880108,0.6926020573098525,0.01886087283017375,0.04453994971795495,0.7025749845645123,0.004183677384806564,0.07254747128560746,0.8510024094874644,0.013821880379211659,0.03424998069828831,0.798175352909277,0.009479125614391492,0.020337172000215266,0.6700967296108933,0.01314648353288001,0.05887836973991439,6.992061133753838e-05,1.5037291787214372e-05,1.2248674427144996e-05,7.178561088372395e-05,1.3014899963676928e-05,5.208334272885372e-06,0.006992061133753838
modena,hybrid,0.07943282347242814,19,calibration,0.793411915232568,0.009140691015581558,0.02170535289762521,0.8213928859184807,0.014571996077842804,0.0119877339478316,0.9332967732909765,0.0019702256104837793,0.010873544675799684,0.703570121500259,0.01742855625829521,0.045219785363204354,0.7137941880438995,0.004317432714406535,0.07146973503986905,0.8590181349643556,0.012124627852603388,0.03272939428690186,0.8062144207435942,0.008488404008695535,0.02027943584492273,0.6815617189940204,0.01262927641111883,0.05921091760238879,7.689069432546694e-05,1.757293536135424e-05,1.2714740438252924e-05,7.879082026222877e-05,1.558165446291239e-05,5.20643408898495e-06,0.007689069432546694
modena,hybrid,0.08912509381337459,20,calibration,0.8012204766452832,0.008946110030610424,0.021198312087560546,0.8311376674902529,0.014948165377384056,0.011624730666436956,0.933405819848675,0.001897913310331327,0.010957709331885016,0.7147173204001068,0.015166404287368788,0.044357404142326314,0.7248050281555236,0.005663209181617522,0.06977922303800221,0.8661380586171216,0.01220357294931619,0.03162540816886428,0.8140407789023362,0.008133558315370971,0.019913051373253273,0.69361529413001,0.010576835992898881,0.05851274945510117,8.450962570414336e-05,1.7832209450936224e-05,1.2734917349807149e-05,8.63640227511333e-05,1.5786578531667015e-05,4.9915254469006355e-06,0.008450962570414337
modena,hybrid,0.1,21,calibration,0.8087281218975247,0.007874952598669879,0.020535123237677824,0.8403297455282357,0.01371036040996007,0.011211082252358283,0.9339466491903871,0.001989110168557218,0.011265139858827796,0.7248334024619666,0.01364687884218118,0.04333668353862009,0.7352226029409342,0.004691053898422881,0.0684968176162902,0.8738356156985895,0.010867079785272515,0.030502419551954138,0.8216336031640227,0.007283357285251068,0.019391473114576483,0.7046147998846289,0.00883794926961185,0.0572321842751008,9.288579889393862e-05,1.9419172352493715e-05,1.2684838050812651e-05,9.467042586948073e-05,1.6897028832320504e-05,4.69363539814179e-06,0.009288579889393862
modena,hybrid,0.11220184543019636,22,calibration,0.8152565826182996,0.007968152298067776,0.019784625699652145,0.8490166876597532,0.014012764810939046,0.010925383576397423,0.9342559438416557,0.0018493620410716023,0.01123552482975271,0.7325373821929021,0.013292807752019891,0.043367100302492884,0.7450948194549998,0.003966522655387456,0.0664199271994731,0.8800345699895964,0.011152558644010522,0.028770133941918973,0.8281878806277815,0.007465454977193287,0.018847133640311882,0.7136325091554551,0.009288663209255275,0.05598953816997409,9.996460121979864e-05,2.1301914300977293e-05,1.2234929602509455e-05,0.00010220942047345537,1.8916348672005273e-05,4.4201867829101e-06,0.009996460121979864
modena,hybrid,0.12589254117941676,23,calibration,0.8222429583856037,0.007904460166412408,0.018983028667555957,0.8584538438358956,0.014146793594287761,0.010817369552570073,0.9347297629446378,0.0018563022581419245,0.01110479525996783,0.7419342312399143,0.01259685485112471,0.04276071861513614,0.7539154101396522,0.003972442621929025,0.06530803052086587,0.8871696102309989,0.0103527846193151,0.026786346236020765,0.8352405716782197,0.007193248032221134,0.018312448073248107,0.7234898610971855,0.008989503954378673,0.055166495236603386,0.00010921484165835393,2.119881163326885e-05,1.2943364760272057e-05,0.00011188439734366788,1.9476744493026375e-05,6.162491875447452e-06,0.010921484165835393
modena,hybrid,0.14125375446227548,24,calibration,0.8280842788047755,0.007414268409739187,0.01849499491476456,0.8668412010438331,0.013776192108942837,0.010713726274643329,0.9354002560611895,0.002041773973682653,0.011271714439872979,0.7493149780764455,0.011562162024183508,0.04283996896713975,0.7623395344280018,0.00432330288780705,0.0648692464871677,0.8931784515463733,0.009386516983265933,0.025101242440254738,0.8414148842311687,0.006689895014248805,0.018030869858303024,0.731208480241315,0.00827313329212225,0.054813412344668556,0.00012094233345807515,2.2379779660354483e-05,1.3507960996991012e-05,0.00012396055603923416,2.0525355359925355e-05,7.35279071675326e-06,0.012094233345807516
modena,hybrid,0.15848931924611143,25,calibration,0.833270415758636,0.007154515464870333,0.01807379522098287,0.8743127641018453,0.013128207329745026,0.010212556336145038,0.935709978013237,0.0022862160370220766,0.011590003656769382,0.7548440035529675,0.010568164966230418,0.04262361791423416,0.7706102653538546,0.0046101031028739185,0.06354200490055446,0.8991378974067542,0.009708377490142457,0.022605019015559984,0.8469229816857318,0.006254599059861639,0.017707683880155867,0.7377859589774588,0.00748966223866542,0.05356909056626362,0.0001322480235116955,2.3221640094916043e-05,1.3719848318431525e-05,0.00013647057546698467,2.126726616759089e-05,8.809226353010625e-06,0.01322480235116955
modena,hybrid,0.1778279410038923,26,calibration,0.8395922354809574,0.007081778476130216,0.017293931033472803,0.8834988458852198,0.012889264448836223,0.00965916362925471,0.9360676571892756,0.0021481730929743515,0.011742581979598841,0.7625416197687815,0.010238614272822563,0.042564291314878475,0.7781039114428299,0.004760641029051115,0.061489038205846405,0.9070466818345846,0.010179403142767956,0.021436061965334055,0.8534517432241383,0.006249095924141276,0.017134626902057876,0.7460410920117972,0.007406571014781355,0.05251080300630684,0.00014462789854709877,2.6133052674757848e-05,1.4610645695885307e-05,0.00015038092520690627,2.3505845533356275e-05,9.819967566058543e-06,0.014462789854709878
modena,hybrid,0.19952623149688797,27,calibration,0.8444890013716125,0.006503837379524065,0.01667745562995712,0.8907356623530576,0.011671024360020649,0.008815043787864787,0.9360392435532779,0.0025527968404524455,0.011917992589898996,0.7686631947098892,0.010381875710211107,0.04322088249309581,0.7853600087831516,0.004550028560439113,0.05993305743312987,0.9128126782328613,0.009751927392386917,0.020544657008490126,0.8587221575264474,0.0058253927157977175,0.016837171916528025,0.7530198791535275,0.007954456549420891,0.05212745129758584,0.00015719715768351325,2.9153933766062163e-05,1.687457270973844e-05,0.0001645922315528617,2.6362089456735848e-05,1.3481165890740176e-05,0.015719715768351326
modena,hybrid,0.223872113856834,28,calibration,0.8494098134562067,0.006526942017436138,0.016377921330930252,0.8990607795074592,0.012373628809773775,0.007922143374849115,0.9361730190292356,0.0024166605950298715,0.012104017846215077,0.7755210969887713,0.009895244060775512,0.044030198842864576,0.7914167299545689,0.005208050226306485,0.05853984305650687,0.919043572225654,0.009443871835383274,0.01898870317492829,0.8642430395411378,0.005852260211999866,0.016739668483968823,0.7603355535516053,0.007239687487043386,0.05233336058596244,0.00017387669187360057,3.1222314345222405e-05,1.7606221854967777e-05,0.00018324135676899494,2.8257418587245937e-05,1.6598537026658595e-05,0.017387669187360056
modena,hybrid,0.25118864315095807,29,calibration,0.8539563774305521,0.005740236960350352,0.015930983154278745,0.906262595227522,0.011155910560132579,0.00722942478749741,0.9366963401256366,0.002139103982124157,0.011842868990611271,0.7819139614273818,0.008873135523683073,0.04423124654967465,0.7974152450488837,0.0043793909921497065,0.056827262258607715,0.9250140232178388,0.008520911334767579,0.017638099819573573,0.8694604330094524,0.005130826567893512,0.016487427528703205,0.7670441373169065,0.006003848329214984,0.05164770533615726,0.00019013949427176886,3.1777879594538255e-05,1.813756815603951e-05,0.0002019893862640505,2.900076619567141e-05,1.8827017846975187e-05,0.019013949427176886
modena,hybrid,0.2818382931264455,30,calibration,0.8573485415594266,0.004925540104441699,0.015345526802927124,0.9122442228946489,0.009914943871704784,0.007096536462053783,0.9368478567077866,0.0022558428711747756,0.011801594978357626,0.786552351240664,0.008211568443393847,0.0438010631104219,0.802915683847909,0.004727422397653958,0.055552845416786414,0.929934825239115,0.007511726086492547,0.017230849754547594,0.8736989879860247,0.004652890510794319,0.016064345533075168,0.7720328086529271,0.0052139701754067135,0.05041110427381526,0.00020852831521304724,3.733607388755503e-05,2.094629067353235e-05,0.0002227721748559607,3.422301170449548e-05,2.290918328554554e-05,0.020852831521304724
modena,hybrid,0.31622776601683794,31,calibration,0.8611862494312394,0.004363540905875738,0.014906043094254735,0.9190410181763858,0.008489778493275498,0.007020136644050853,0.9366333450043777,0.0017689235636409873,0.01227761967977072,0.7923173445746372,0.007471855470532462,0.04446196831950436,0.8085434297793906,0.004568210636235161,0.05334219131392579,0.9356410634569821,0.006944984419825,0.01612053547383228,0.8784352401983546,0.004249094620996189,0.015701033440459117,0.7785666725160723,0.005475484402166474,0.05005042800821839,0.0002291295754002185,4.090068911232347e-05,2.2941633930071488e-05,0.00024622448757753306,3.702954145412307e-05,2.660104481470537e-05,0.02291295754002185
modena,hybrid,0.35481338923357547,32,calibration,0.8635875259560916,0.003808448832515273,0.014187314965628552,0.9241656823765937,0.007329571521695569,0.0072518749593732685,0.936323077878757,0.0016055718037878805,0.012696012078167236,0.7961844187306454,0.007038369231161795,0.04485371274931013,0.8134468992631775,0.004682891888422802,0.05120769898496725,0.9398311878929583,0.0069256719371563755,0.015526922991077056,0.8819902532284264,0.0039501233379629005,0.015152262027149192,0.7827455454382103,0.005317994967594107,0.049210921103489055,0.0002518160884099993,4.095337790530151e-05,2.5578123640121156e-05,0.0002730790435684317,3.7284065877355414e-05,3.1744813274353284e-05,0.02518160884099993
modena,hybrid,0.3981071705534973,33,calibration,0.8659524865042842,0.0034537650540224147,0.013728880844075912,0.929241279127372,0.006102735096168218,0.007038945315122849,0.9359731969353351,0.001614354336767097,0.013042722637018696,0.8010499596544031,0.006561220823934406,0.045361373376150066,0.8178748822765814,0.004309446892019446,0.04903826192869177,0.9440645536371048,0.006452764640914345,0.014917671899373904,0.8856407743261593,0.0035799562809081184,0.01484949177459307,0.7878992271885863,0.005000139521901216,0.048827329381854384,0.0002767689968206693,4.0431126860974524e-05,3.032410900721878e-05,0.0003026032573571152,3.6945292454677716e-05,3.7591151886094874e-05,0.02767689968206693
modena,hybrid,0.44668359215096326,34,calibration,0.8678693695212713,0.0032038870048607844,0.01313149281515385,0.9333531741099723,0.005781174660684799,0.007330762558420452,0.9360240358795308,0.0014333851436312156,0.012783100163622928,0.804898768548624,0.005774904720265295,0.04451482216313809,0.822595054037686,0.004322320470423767,0.04699061440992856,0.9483789264256821,0.005769390073044667,0.014310489903582552,0.8890499918002991,0.0032561946362285937,0.014379687493408398,0.7926378573452737,0.004967550257979363,0.04712751171112913,0.0003024284317087028,4.1575303388568975e-05,3.549311917359838e-05,0.00033326081110207867,3.840966783401202e-05,4.392051015419789e-05,0.030242843170870278
modena,hybrid,0.5011872336272725,35,calibration,0.8690744002640667,0.0028856650459159775,0.0127735028584308,0.9370019130411562,0.005198827052235338,0.007534240251872168,0.9354909819722294,0.0015361674706811876,0.013289138317008349,0.8084903861532614,0.005693081391378887,0.04404386897455458,0.8265122402507167,0.004373421057831708,0.04486047674552618,0.9520492006448544,0.005545046686134191,0.01369814685806509,0.8919089444124436,0.003147900350988922,0.014004790418662096,0.7968594698284276,0.004973365275360841,0.046174676416445605,0.00033107128165776916,4.749090057093755e-05,3.9779279921668276e-05,0.0003682892729155542,4.4163753582082434e-05,4.957316861259743e-05,0.03310712816577691
modena,hybrid,0.5623413251903491,36,calibration,0.8702290717091632,0.0026130424270008772,0.012216220747387013,0.9409576800790626,0.005091228931633144,0.007842053579889216,0.9350800586812568,0.0015488203726979164,0.013872807890539901,0.8124195490804521,0.0057292653711471485,0.04358643044191429,0.8296903215952737,0.0037883507281557165,0.04329761228812695,0.9555595777143626,0.005052967686555964,0.013213426256755558,0.8947414374300815,0.0028961292630668325,0.013513870460527228,0.8005881960250167,0.005044582224541139,0.04529882077617689,0.00036096468315653397,5.07039388717195e-05,4.572388719369738e-05,0.00040375017914825816,4.866835247514158e-05,5.637832493985707e-05,0.0360964683156534
modena,hybrid,0.6309573444801934,37,calibration,0.8706138186805635,0.0023949587403144144,0.012130170028808654,0.9440996797450053,0.0047171742005414595,0.007873150486438977,0.9341662373139493,0.001327909282919784,0.014656097200429125,0.8154456310801534,0.006168012825136318,0.043219329009185056,0.8333332883725204,0.003893608663876538,0.041536541863376256,0.9588921321950437,0.004527242502074445,0.012228713233288403,0.8971873937413343,0.0028972064209497146,0.013315073271830326,0.8041407793055786,0.005368158758603525,0.044370456502454615,0.0003966777393657392,5.7426820497361685e-05,4.8469369288266206e-05,0.00044464872765636335,5.475442222129615e-05,6.0844764695854865e-05,0.03966777393657392
modena,hybrid,0.707945784384138,38,calibration,0.870344769664601,0.002485627032898948,0.011914522923919393,0.9471163268318968,0.0045750901489212846,0.008711977864270056,0.9327611906624733,0.0013210684561079425,0.016256842470220998,0.8183581923885164,0.0058803003187537645,0.04269959391807678,0.8365327633923284,0.0037242245654091483,0.03960195432455918,0.9619333643245024,0.0036641253577050087,0.011883294643269374,0.8993403675199435,0.0026416585494912397,0.01299449574276425,0.807363287165758,0.005015067703486414,0.043586123274694515,0.00043806771088253523,6.153060387529008e-05,5.406582879708649e-05,0.0004934540732865673,5.9363302527119527e-05,6.747168791611766e-05,0.043806771088253524
modena,hybrid,0.7943282347242817,39,calibration,0.8699213481871145,0.0025745156922105977,0.011877231725337676,0.9498634585191278,0.004509417034607024,0.009145367589248284,0.931902348657606,0.0015483535246443281,0.01684103869693891,0.8210721886960434,0.005557323367312273,0.04283258773380803,0.8394875232080224,0.003903847127498677,0.03799488604765721,0.964293370455167,0.0032825627222035692,0.011524504702376336,0.9013237779071933,0.0025630895724386552,0.01290150293838601,0.81035996491272,0.004673934774606385,0.04350637405539702,0.00047850809069633043,6.657626603569378e-05,5.943656729559319e-05,0.0005417590759747051,6.423042303138442e-05,7.292176045898483e-05,0.047850809069633043
modena,hybrid,0.8912509381337459,40,calibration,0.8687509255544261,0.002939890919515112,0.011886046754245969,0.9526482027446563,0.0043412532306093205,0.00940309998564488,0.9300035709083331,0.002336753931744342,0.017919334432253534,0.824389291486865,0.005630451029179629,0.04253018698830052,0.8418040822591453,0.0039010253289490354,0.03620632638648757,0.9664367762247902,0.002781394074830552,0.011029231026509462,0.903056384724758,0.0025417105859344815,0.012842843006594442,0.8137954221174227,0.004581337761769043,0.0431882408221885,0.0005285464174273553,7.645708958807016e-05,7.029371357114789e-05,0.000601473863800451,7.528980243679395e-05,8.340901072628093e-05,0.052854641742735534
modena,hybrid,1.0,41,calibration,0.8669409104245588,0.003443101271447035,0.011784612749171742,0.954947208921896,0.0040900302824447505,0.009500325163248046,0.928269981274849,0.002202850775074649,0.018387647213328306,0.827376774268237,0.005567821083828354,0.04219275286928231,0.8438711183456954,0.003196485087566548,0.03492763018051667,0.9680178781561325,0.002537235890107812,0.010930133227651635,0.9044965921933621,0.0024121669734729575,0.012641821171985769,0.8167098570252602,0.004214042795950831,0.04266918628483997,0.0005841602739507679,8.386508610162308e-05,7.736474806463992e-05,0.0006667241008980375,8.314611058726033e-05,9.248733903136959e-05,0.05841602739507679
modena,hybrid,1.1220184543019642,42,calibration,0.8646876686147117,0.003923894393326841,0.01195205955839739,0.9573039263816333,0.0037206115077274516,0.009618418285692893,0.925720507745699,0.0022482605890979846,0.01900609216322412,0.8296695381736383,0.005730409145945399,0.04203697000958764,0.846108062919411,0.0020745544782706277,0.033390021839142296,0.9695745069654743,0.0023073968026375603,0.010656788016808671,0.9056753084371711,0.0022122420846194205,0.012572056763760393,0.8191384409646197,0.0036335403302026584,0.042149632648391805,0.0006446861102926807,8.936445121028057e-05,8.597428807659291e-05,0.0007383485386815347,8.961082616069288e-05,0.00010278704198205736,0.06446861102926807
modena,hybrid,1.2589254117941675,43,calibration,0.861478830962875,0.004532045455386571,0.012318958026170711,0.9589316502382687,0.003636836454625967,0.009874496483070294,0.9223911800974083,0.0025477527064721502,0.019989088855492967,0.8317080853938066,0.005785452202928894,0.041174501016662035,0.8473430880820038,0.0017052634162583067,0.03163958865421944,0.9708501865358692,0.0020544739381372057,0.01066379401181781,0.9062448380694711,0.0023250265768779825,0.012417142164288781,0.8215183700698334,0.003522205324348955,0.040913496780501164,0.0007117526022226652,0.00010467722249771691,9.444080130049916e-05,0.0008181802453165131,0.00010427233113009629,0.00011382129719392157,0.07117526022226653
modena,hybrid,1.412537544622754,44,calibration,0.8577062024942141,0.005640479276852791,0.012516960614549303,0.9606021807429239,0.003097966765355264,0.009985808727877004,0.9188285997613189,0.0025083345170815543,0.02038148491396938,0.8337177019081815,0.005670792828814951,0.04010890571653833,0.8478548137563748,0.001908975197860382,0.030276677014235392,0.9718695200185974,0.0017625384988561791,0.010789093950138209,0.9065745632374792,0.0022409679115452355,0.012205942206232535,0.8235955215458002,0.003297188378805737,0.03941971408106842,0.0007859566852087537,0.00011860713060496248,0.00010215963733327343,0.0009071181001169924,0.00011975072247184438,0.00012285470358384007,0.07859566852087536
modena,hybrid,1.584893192461114,45,calibration,0.8533880990049743,0.006513541926097739,0.012719276999151128,0.9623430448698211,0.0024963445394380343,0.00965715783119092,0.9147292106720263,0.003216432230479538,0.020603101551739177,0.8360916074664341,0.00528846097486045,0.03983441243352409,0.8481864229310779,0.0021425245536063346,0.028307353665477587,0.9726878784420657,0.0014647368219596062,0.010520564161951903,0.9068076328762851,0.0020328868432030454,0.01204140972993523,0.8254885082258061,0.003145616655125368,0.03780853626558143,0.000869601658352973,0.0001313991558423684,0.00011507294982842134,0.0010054614369648612,0.0001328424191299845,0.00013729211707675052,0.0869601658352973
modena,hybrid,1.7782794100389228,46,calibration,0.8480652822714585,0.006949911698496604,0.013156504621612171,0.9635243162141384,0.0018845858844687366,0.009466050954375813,0.9106675458495036,0.0028418759525659144,0.022061360808905563,0.8380310055952803,0.005196793484336756,0.039104218925014735,0.8470206939178087,0.00332674939616327,0.0267870957623988,0.9728657303275711,0.0011903375288314045,0.010678872046840142,0.9064218583808602,0.0020564235970318852,0.011761238907889946,0.8263205400120136,0.0033910512348077756,0.03542641511585126,0.0009606673620960463,0.0001375366650568046,0.00012495109720214354,0.0011131803074790091,0.0001416841287033916,0.00015084922353624625,0.09606673620960463
modena,hybrid,1.9952623149688808,47,calibration,0.8420869427171612,0.007786685949894464,0.013507853108902092,0.9645984116740732,0.0016019843741818692,0.009332789658496191,0.9059486341632799,0.0030886822782551894,0.02301456270925263,0.8395453865387077,0.005004751739913249,0.038195444044134885,0.8457022452446002,0.004773620039465445,0.026176549725321,0.973344873842134,0.0011202685482901802,0.011034908228998662,0.9058279102925589,0.0021745018925954443,0.011560575386270755,0.8271666046071406,0.004354733625723872,0.033999537628413755,0.0010625623479116992,0.0001542307916244946,0.00013508273693515726,0.001232073818714476,0.00015791523867585117,0.00016261147322268045,0.10625623479116993
modena,hybrid,2.23872113856834,48,calibration,0.8350607360997686,0.008759413796890632,0.014095151540589407,0.9653479533118163,0.001088482392223052,0.009276979806470867,0.9008998553301432,0.0037453752900239046,0.02461288154467806,0.8407697754943538,0.0045244498298974345,0.037595969249344115,0.844509235566854,0.00553781454338161,0.026020705739089475,0.9734042023516073,0.001049910579918896,0.010826702073677546,0.904986204410955,0.0021296193071902642,0.011342400345046367,0.8272915288485251,0.004742161917898239,0.03281132351735944,0.0011811310221275125,0.000170583874375332,0.00014994661975417645,0.0013677826387919376,0.00017582253969232808,0.00017919865206025154,0.11811310221275124
modena,hybrid,2.5118864315095824,49,calibration,0.8273420887712576,0.00980492203913461,0.01490600833935728,0.9664151796471607,0.0009345355877810417,0.00978648960724726,0.8954563831182316,0.004651191620703625,0.025882576180744153,0.8421814948790501,0.0038642932502116964,0.0366117207442985,0.8427966518781426,0.0075308629203589385,0.02588178411001665,0.9731895400218822,0.0009538622219012496,0.011021265134509605,0.9040078499088933,0.002511051481238297,0.01130287005311681,0.8274423139499554,0.005396618038115358,0.03127971287608792,0.0013133803535125854,0.00018942351480876192,0.00016625700646047002,0.0015166034695860147,0.00019555586528012553,0.000196839911248255,0.13133803535125854
modena,hybrid,2.818382931264455,50,calibration,0.8184428427013538,0.010737600950322449,0.015971627075300747,0.9669413599746084,0.000830472046569925,0.010080196644841033,0.8896641014816165,0.005384898625213971,0.026542083317866862,0.8436735931761419,0.0037742069933097296,0.03548935866606945,0.8410115721279731,0.009245832527340713,0.026073894300909898,0.972880151518021,0.0009614573692848476,0.011112749925482899,0.902834155655672,0.0029514764278125998,0.01118081032052698,0.8276265530617377,0.005973895224319953,0.02988075535556461,0.0014681475538566714,0.00020984443497179675,0.00018915491279276664,0.0016879763400706595,0.00021674508158374292,0.00021868602012954397,0.14681475538566713
modena,hybrid,3.1622776601683795,51,calibration,0.8086195970443276,0.011640027757697595,0.016965570578003745,0.9671102583513503,0.0009752597830795568,0.010465318797742283,0.882894226758566,0.005558561775492455,0.026714026113366054,0.8442856753964627,0.0034153912022573158,0.03459347469966674,0.8386986281472276,0.011564045655854368,0.026035842804870837,0.972452019109884,0.0012311933964358533,0.011635303995752683,0.9010881615526981,0.003373001163112883,0.011252199130326025,0.826597163340201,0.007140171194094509,0.028276524037695372,0.001635714178796874,0.00023108079794928053,0.00021110087105376735,0.0018730593379984214,0.0002370448258960362,0.000240131429179277,0.1635714178796874
modena,hybrid,3.548133892335757,52,calibration,0.7975227784563704,0.012493028057178274,0.01795532927325094,0.9668342885470693,0.0009916446285737025,0.010538420760740382,0.8760885685068508,0.0068358221663082025,0.02774073027263229,0.8451452790839787,0.0032802646789256216,0.033695807568389094,0.8362450748041862,0.014327305830528103,0.026101394841577127,0.9718914036350267,0.0017244217622846866,0.011676291976257315,0.8992409229154223,0.003935071178530982,0.011197078899960062,0.8252544202291024,0.00869253345436534,0.026544938211149754,0.0018307054269415784,0.0002535178240494907,0.00023630742678682395,0.0020840275096369824,0.0002580535875650449,0.00026207344676460294,0.18307054269415785
modena,hybrid,3.981071705534973,53,calibration,0.7857860148236768,0.013428766218061484,0.0189375750141261,0.9662561574497002,0.0013551504181346678,0.010726230176618655,0.8686266196766386,0.005972941436590461,0.029198391843629698,0.845540003931594,0.003681068136005764,0.032986541345780544,0.8331611160868089,0.017070634770414785,0.0260598986119756,0.9708809452904209,0.0017416169183750785,0.012023807942148869,0.8968929684870325,0.004359162030664675,0.01105780916401146,0.8219635585358099,0.009434910494214686,0.024784870213375266,0.0020382363599745837,0.0002805752239640056,0.00026138496335575707,0.0023100092082753948,0.0002841103771173334,0.0002868584922841618,0.20382363599745837
modena,hybrid,4.4668359215096345,54,calibration,0.772222884682754,0.014591580789901394,0.019781039670438608,0.9651152891065197,0.0016984638201545505,0.01131417666779313,0.8613503506145944,0.005759851019596553,0.029134053517958076,0.8457405543426318,0.0037650828903996025,0.03200840164074462,0.8294010706446858,0.020086889640292017,0.026122833769915584,0.969575681518576,0.0026209670344177274,0.01249941525980486,0.8942365892454015,0.004899765507354504,0.010743352229812505,0.817871671496984,0.011503710865700241,0.02308777903788526,0.002285729529451802,0.00031359205421777,0.00029010826787960215,0.0025782852024126652,0.0003183792172880192,0.00031596054555318466,0.2285729529451802
modena,hybrid,5.011872336272725,55,calibration,0.7565424387529062,0.014947641747551551,0.020605528729693838,0.9630796271457401,0.002047141646578013,0.01205173263835705,0.8539357039545096,0.0059856107194213625,0.0297452061709848,0.8450804210699865,0.003895439608525893,0.03136748861028811,0.8253847909687481,0.023297720968715612,0.02622970650798131,0.9677007543902859,0.002956736464123636,0.012785230600739909,0.8910362595058542,0.005502851683997718,0.010592420952507718,0.8125672607851129,0.013656852625748775,0.022001924163015447,0.0025789282564752354,0.0003353155405387753,0.00031464313850133657,0.0028931345850732363,0.0003380673555985248,0.0003378376524250705,0.2578928256475235
modena,hybrid,5.623413251903491,56,calibration,0.6337132321136764,0.004412340240755392,0.021683407393312478,0.9377429448621677,0.002059997705514451,0.013786159172481667,0.84333777745166,0.00622670341709936,0.030794822683583457,0.8254925475757537,0.0065283469858397405,0.029539649566520994,0.8077394768110047,0.02326684407307557,0.02581687361488617,0.9401705312169083,0.0008309726146743324,0.014871786667941467,0.8708966555834988,0.005738889449889679,0.010945328878123368,0.796767801848361,0.014761205769538798,0.023675547486551308,0.005426478143215369,0.00010233991914074478,0.00045927392549979074,0.005712031499639225,0.00017692521412930034,0.00048455191229764325,0.5426478143215369
modena,hybrid,6.309573444801936,57,calibration,0.5329689520457416,0.003706421873781079,0.02126297954073078,0.9106979419449817,0.00267528973386798,0.017209684818193897,0.8322048449293291,0.00626701635616175,0.031655523112924175,0.8017942723509947,0.006571289878168224,0.029196805199631564,0.7879533970418969,0.02101160484313731,0.02505190323914989,0.9098645346092338,0.001108223003783371,0.016169822346013395,0.8485029981752874,0.00555604593996949,0.011336653144270483,0.7793419738393038,0.013961773231263337,0.024965453443254668,0.008772389341720477,0.0001286830971646284,0.0006300784571220704,0.00902206426839635,0.00020093604242272397,0.0006625373238865938,0.8772389341720477
modena,hybrid,7.07945784384138,58,calibration,0.4523968294386051,0.002988758359204981,0.019550480087159993,0.88139594875432,0.0025815219226503427,0.019460855275233346,0.8202192034782405,0.00628749091690799,0.03277310409989642,0.776608857329823,0.006403213376999831,0.026619158613964966,0.7682773958911129,0.019470506512132394,0.02488471678134378,0.8780023330572131,0.0015555231648566258,0.016189940164484915,0.8249007477021418,0.005422311147251629,0.011531851353140703,0.7605395240418569,0.013095162389515901,0.02516482803926971,0.012548729646984285,0.0001277715031598657,0.0007832722245841612,0.012754032161818233,0.00022451757679824378,0.0008232434239164231,1.2548729646984285
modena,hybrid,7.943282347242821,59,calibration,0.38773460609269716,0.0026850342585984805,0.017643764998657375,0.8511916267253271,0.0028363014403943567,0.023004691384268694,0.8092204475155871,0.007120158323072141,0.034229041187302835,0.7501958017099991,0.005931378088831201,0.02477617469285017,0.7464525070370467,0.017729436032872758,0.02459659955794827,0.84549042709351,0.0018879688547634862,0.01649197502183732,0.8005101620162939,0.005126255019769888,0.012074112938162853,0.7394063435254173,0.012208400247371035,0.024804108904374046,0.01673744361372455,0.00015187264763682354,0.0009366686361766737,0.01689265311895255,0.00023263962522981254,0.0009848215178485155,1.6737443613724552
modena,hybrid,8.91250938133746,60,calibration,0.33453050481623664,0.00210805723746168,0.015982992288813485,0.8187983524483642,0.003473286409571352,0.02641077455037696,0.7973075708295584,0.006661540604768076,0.03602504032573473,0.7233005602715906,0.005449755541970199,0.024608961397327166,0.723443575070376,0.01641996024983201,0.025174739532851376,0.8130172418837228,0.0022812198458850032,0.015242596190615468,0.7751734601007223,0.004711051452322241,0.012675431428857955,0.716168010974312,0.01087779841873807,0.024919996353407716,0.02142487402617006,0.00014624684044911804,0.0011500798986499193,0.02151631985561264,0.00023092817898323124,0.001191148663444859,2.142487402617006
modena,hybrid,10.0,61,calibration,0.29034780733213383,0.001534883624400495,0.014357866187991425,0.7851780693229532,0.0024309116387114813,0.028221771427681952,0.7837443794960947,0.006241410877335154,0.03820855087198855,0.6944123097205279,0.004852779316401687,0.02528503200242026,0.69985293758695,0.014066436833651719,0.02458494187751231,0.7798415084757421,0.0017879799407697482,0.01574447809395075,0.7486058409204533,0.004155878451643028,0.013242819946452688,0.6906302763713448,0.00816554244114221,0.02403744222491024,0.026644332329108386,0.0001252722655745111,0.0013423861198693446,0.026671209375197732,0.00020372793094010705,0.001379034091655968,2.6644332329108384
modena,hybrid,11.220184543019641,62,calibration,0.2528297098370719,0.0016277227588428838,0.012696211704932098,0.7506237383302072,0.002308504684332663,0.029156535327305486,0.7698794299356343,0.00656281856755869,0.04120660436041885,0.6657127878439154,0.0043468429153776635,0.025996118449017835,0.6730966306490915,0.012358095607999806,0.02452931981557931,0.7463089437026139,0.0014719337714292023,0.015984836779448345,0.7211243060922925,0.0040354464793818665,0.01351748536360243,0.6627968441171419,0.006276268976973923,0.02378046564199002,0.03254617014664754,0.00019161385985783043,0.001501780433423648,0.032497683887057295,0.00023584322849280517,0.0015346602661170169,3.254617014664754
modena,hybrid,12.589254117941675,63,calibration,0.22088234017244662,0.0015424593561470378,0.011131587398899937,0.7153216108920752,0.0024199697571813264,0.02957224177057394,0.7552513690204562,0.006736696286328329,0.04357667050575612,0.6357968894944701,0.004166522432063604,0.026421929708905417,0.6456824368045674,0.011163276382957851,0.0238042370764501,0.712150023809406,0.0009993235426594006,0.01615070936841729,0.692840466004195,0.003826311129380504,0.01353208200819606,0.6330224587542841,0.0049236123536390225,0.02287840186036432,0.03917066568518339,0.0002643199518283913,0.0016599230361646039,0.03903271092737282,0.00030751366367357306,0.0016849892213034897,3.917066568518339
modena,hybrid,14.125375446227554,64,calibration,0.19379280423042278,0.0013737072204587858,0.00979679789450871,0.6808236869007044,0.0029125804811530108,0.03019237676866012,0.7397933198673331,0.007802321314924516,0.045293837134920266,0.6058146901242695,0.0041807958212108235,0.02667304570693808,0.6165355822428115,0.009714756968780627,0.02334179522486978,0.6773827088721638,0.0018140369743565186,0.01756913063624718,0.6640699976014565,0.00386716669167927,0.01365133526410091,0.6031258792822701,0.00437067377789606,0.021912177823439304,0.046533613768426525,0.0003061928626563311,0.0018445077386565303,0.04629871831349332,0.00034787872053884954,0.001867824112128933,4.6533613768426525
modena,hybrid,15.848931924611142,65,calibration,0.17046164802558758,0.0013177758972942012,0.00864781648287966,0.646760202659188,0.0029718870560752997,0.030974750254755615,0.72327744192512,0.008044609102796113,0.04608158678745436,0.5745214331562366,0.0037133607499601515,0.027146494727221176,0.5867219480037382,0.008020884249085817,0.0239126854267882,0.641517466279007,0.002021962162438434,0.017823388156745026,0.6345596984046581,0.00384833639339099,0.013686496935153248,0.5716973954602788,0.003689619132390176,0.021431924782338175,0.05476346462557518,0.0003844137234892718,0.0020531436329046106,0.05442596562454501,0.00040933422827089955,0.0020652537473246344,5.476346462557518
modena,hybrid,17.78279410038923,66,calibration,0.1503832531311171,0.001178375623695666,0.007787552606395218,0.6127506805240915,0.002900672355728092,0.030338413856500955,0.7069054446070175,0.008276186463194323,0.047448485793690764,0.5441068306022859,0.00296030253583942,0.02819790867214215,0.5570869464767677,0.006688308265920217,0.022749767166717626,0.6053282471900714,0.00259116029354285,0.017746964351353506,0.6052356298800468,0.0035768577712349146,0.013564585665549286,0.5407053225432518,0.003138855247058714,0.02132804395185372,0.06395557170720505,0.00048762728182037376,0.0022610470277922537,0.06349418882972974,0.0005051498819457186,0.0022632063705940947,6.395557170720505
modena,hybrid,19.952623149688808,67,calibration,0.13293913754059197,0.0011462828170877922,0.0069683240661947985,0.5785068753544157,0.0028353531545539934,0.029250117869870935,0.6905274069337314,0.008033662353161422,0.04891165436310864,0.5132145014983307,0.0026313739650816403,0.02795466807925704,0.5277818249968461,0.006115492116745582,0.021372451610716922,0.5692644799986596,0.001678958049913476,0.017014408427801383,0.5758590177563967,0.003021187729383467,0.013161260665327154,0.510292567535251,0.002447151205249543,0.02190105442778891,0.07424076976780908,0.0006292594399112997,0.0024438142482076384,0.07364299932500755,0.0006114917008225933,0.0024600375032557804,7.424076976780908
modena,hybrid,22.3872113856834,68,calibration,0.11764983972288526,0.0011604204703382357,0.006271284945708228,0.5439300119578347,0.0026784428040400213,0.027727375073705086,0.6724148809222695,0.007889318966582834,0.05140353620517222,0.48266157966788825,0.003252707242855061,0.026979310336936554,0.4982384082078863,0.005129846567239532,0.020150775410493857,0.5340837641584504,0.002352441188462112,0.01530530946011054,0.5462657289828659,0.003274221316947118,0.012394073256669672,0.4803616452401214,0.0029127086715015353,0.02220243283839694,0.0857876403019631,0.000810756277788402,0.0026055169216179053,0.0850311607641223,0.0007905973155300899,0.00263374389400519,8.57876403019631
modena,hybrid,25.11886431509582,69,calibration,0.10419758484041051,0.0010955264327717161,0.00569303523422272,0.5087333906005398,0.0027550318708816058,0.025522492714211212,0.6548043558024692,0.007389251983005422,0.05218010326021504,0.4532112429845423,0.003044459260012437,0.026115404674937122,0.46791627109227046,0.004520673500452567,0.019892492099318836,0.4993984173165001,0.0023249441766155098,0.013933426231340156,0.5168127355592644,0.002987885344851062,0.01215026393222426,0.45098349807362,0.002698960933817126,0.02143382511051097,0.09876504324922436,0.0010380647168706312,0.0027751487526614543,0.09783560220378296,0.0010079342967507174,0.002813318849081081,9.876504324922436
modena,hybrid,28.18382931264455,70,calibration,0.0925110071212206,0.0009832921699233332,0.005193954262141052,0.4747645538995522,0.002519953154327099,0.023120654458077285,0.6353892603548191,0.006888807265524882,0.05356584895782055,0.42426548277378445,0.003125562497246533,0.024868442920465594,0.4383849914010242,0.004294227205259225,0.019253400682866555,0.4660435845765338,0.0024093421746942145,0.012801933461616241,0.4877695746011428,0.0028161629467330783,0.012311718509587968,0.4222227872611956,0.0030538643366133872,0.020481498088376446,0.1131374521137715,0.0011754397202218953,0.002888648176946707,0.11202341910254666,0.0011467748722812615,0.002971992915020113,11.313745211377151
modena,hybrid,31.622776601683793,71,calibration,0.08230797152175787,0.0009372825325045779,0.004680502514945345,0.4417086896340399,0.0025296977226053202,0.021406964288915375,0.6159898541059873,0.0068128524788591445,0.05300471961388471,0.39666178344263603,0.0035302778949417,0.023380501261059138,0.4099866527316421,0.00390201102093648,0.01790887649143996,0.43387609567621166,0.0024694108321773826,0.011368566580568824,0.4596446151181034,0.0029348341421178616,0.012129497926349774,0.394343280324539,0.0031398191192256665,0.01829085864507674,0.12907894681943116,0.001424651432253407,0.002999899282625007,0.12775534021796453,0.0013934877506378565,0.0031007122790130794,12.907894681943116
modena,hybrid,35.48133892335757,72,calibration,0.07330388998656853,0.0008689565196189335,0.00424477840167169,0.4098566571785968,0.002803031146500323,0.01910065659533632,0.5960530215586267,0.006308818143032115,0.05305382590117477,0.36937884981047003,0.0031333009252774878,0.021127110738507322,0.3822617429470501,0.0037161870446628773,0.017021696748530574,0.4025552090324377,0.002614253453817268,0.010595731849267645,0.43202109610543626,0.0029135925156222034,0.01223853386399153,0.3669673808108919,0.003011858721869188,0.0158037375929107,0.14691141068135244,0.001698217739263018,0.0031513333049533773,0.14536734298654405,0.001654945223068449,0.0032688385020078546,14.691141068135243
modena,hybrid,39.810717055349734,73,calibration,0.06534773594918762,0.0008287943258399701,0.003833781125356818,0.37916620037210336,0.002663098943950869,0.016952483718558668,0.5749642914724077,0.006064528745507523,0.05307734952226072,0.3436333693103207,0.0032707979309207565,0.01967280587294855,0.35498807734482785,0.0038217103356830194,0.015696580340824502,0.37212778276572406,0.002789783263069598,0.010333118290633266,0.4049759442530767,0.0029810121116433334,0.012272184747628619,0.34067893093311086,0.003185125866664523,0.013345882486588972,0.16680279262773035,0.0020661897647069128,0.0032799441643603794,0.1650263312385106,0.002020748782731045,0.0034081558515540074,16.680279262773034
modena,hybrid,44.668359215096345,74,calibration,0.05829142731024801,0.0007626609056836097,0.0034633348829710814,0.3492381320330933,0.0030755326605652763,0.014612806990055918,0.5542902199531795,0.005450245353398811,0.05308799105774805,0.3187467330862697,0.002618118853394188,0.01699739631874831,0.3289006254074119,0.0036651823813764334,0.014314836026033733,0.3424013868516223,0.0028945068225745517,0.01027388463437885,0.3787154194663154,0.002903778648934351,0.012200061438295532,0.31595681628689287,0.0028559317654554763,0.011148428230431768,0.18909164638188913,0.002425262036255164,0.0034760506368525933,0.18708272857906091,0.0023730613131181487,0.003632595614328376,18.909164638188912
modena,hybrid,50.11872336272725,75,calibration,0.05202332983059879,0.0007063801854270335,0.0031311991287184364,0.32138389063210027,0.002997567575287026,0.012469715096227504,0.5327011596232859,0.005159891909501139,0.05295117005894184,0.2946189107055711,0.002617379381302206,0.014835216507514981,0.30430985056100174,0.0034431938496477157,0.013301125798945001,0.3147362560493941,0.002865073734388896,0.009386871073326154,0.35355001351427057,0.002826329383042294,0.012080880545717003,0.2921840121055967,0.0027055670341589668,0.009994214178193801,0.21402852072712053,0.0028440994513374354,0.003700434130117578,0.21173026580329665,0.002783652939579298,0.003866872964091228,21.402852072712054
modena,hybrid,56.23413251903491,76,calibration,0.046456862244340646,0.0006428751570246503,0.002838222069561833,0.29530851621689386,0.0027203081899150653,0.010391562470203015,0.5116812967939876,0.0055167681327179694,0.05326332199989743,0.271744313670708,0.002638930104043949,0.01316536335067164,0.28067421570844275,0.003233742204037979,0.01263862656177208,0.288963764848542,0.0028345561105760585,0.00836385364332548,0.32967442144771486,0.002824658706247054,0.012240861383621094,0.2697940295087947,0.002602439785451349,0.009396800790127478,0.24191385790609654,0.0033131456668412593,0.003904199058189712,0.2392752883979418,0.00324346161844045,0.004128593475017547,24.191385790609655
modena,hybrid,63.095734448019364,77,calibration,0.041497938393570744,0.0005892966480617899,0.0025647604235201076,0.27077346711910943,0.0025130365756019556,0.009174349096279117,0.4903135977285043,0.005477736179828516,0.05346353897016139,0.25027003288988214,0.0026616549338682495,0.01163332483257626,0.2580878902227235,0.002808219455624495,0.011948744225454663,0.2650772083977427,0.0025392786351263875,0.007239407045141543,0.30690443927159244,0.0027373629518921494,0.01228322882017459,0.24847021243345557,0.002638601113136326,0.008488766753039697,0.2731077378543817,0.0038492232449539084,0.004058437379300046,0.27007373440192045,0.003754076535025594,0.0043647278838973924,27.31077378543817
modena,hybrid,70.79457843841381,78,calibration,0.03707576472924532,0.0005333189680793279,0.0023090494211790674,0.24778058240055978,0.002438383459212432,0.008125115758519591,0.4690273739708771,0.004561515051871887,0.05374351541189099,0.2301302052064486,0.0024935162218492853,0.009727248187184267,0.23703082039507456,0.00274134786944675,0.011110495934884525,0.24232972022357535,0.002176886755116229,0.006624821189956772,0.28525974043930713,0.0023789888581402865,0.012294322969854814,0.2285290873094455,0.002490608505985589,0.007186357889322372,0.3080699090264021,0.004398233921291465,0.004221531142137535,0.3045803297339621,0.004273721806523078,0.00460958289625973,30.80699090264021
modena,hybrid,79.43282347242821,79,calibration,0.03313113771389335,0.0004848013567914102,0.0020696160794776448,0.2262693078378671,0.0022905534833054814,0.007147554990488964,0.44811580951440105,0.00493605634423957,0.0533331150819979,0.21157668970909363,0.0024082614549690027,0.007998841689826827,0.21720791279684726,0.002587764103975867,0.010201823554839359,0.22139541442955454,0.002128338834930684,0.00601033177778315,0.2649130268575527,0.002296533825201781,0.012148493149803078,0.20991780441094965,0.002324621463429763,0.005966147805716084,0.34723378136531413,0.005021337086251928,0.004294135901044474,0.34318180170428875,0.0048794377601160165,0.00474073915171759,34.723378136531416
modena,hybrid,89.12509381337459,80,calibration,0.029611085677662963,0.00045132469412579673,0.001848793254863203,0.20619856971080294,0.002171009854820687,0.006136938553596345,0.42671999693267965,0.005289034110438115,0.05288088163733723,0.1939704185058776,0.002284330963344613,0.006476492150355808,0.1988227958193415,0.0024501579343612044,0.008896815201066778,0.2020563781495892,0.0022577522325103075,0.005497004094758571,0.24555363182365816,0.0023291210988285326,0.011971378235094206,0.19261907646378618,0.002219862889377159,0.004894248297642395,0.39109781433286694,0.005913550431119998,0.004298090915534981,0.38640283373334783,0.0057468497733003865,0.0047772890587093305,39.10978143328669
modena,hybrid,100.0,81,calibration,0.026471797853623927,0.00041307301510905276,0.0016430722719030484,0.1873237541960927,0.002214259282273266,0.00535681552368862,0.40510335200922437,0.005250238080178134,0.05258263054336694,0.17744376787193977,0.0022777341456868337,0.005286176954753272,0.18142485904344421,0.002189824175465852,0.007490560260307142,0.1841649918102215,0.0020215163228662673,0.004896685529381538,0.22709214498618455,0.002245534823212772,0.011747814925023236,0.1762953696013822,0.0020622251402782096,0.004206678843867955,0.4400275119543185,0.006808107251921186,0.0042720422825706416,0.4346561290403146,0.006613498150601699,0.004793099546043281,44.00275119543185
modena,lightgbm_3h,0.0,0,calibration,0.6944168400522679,0.038210554432239544,0.0122519098619039,0.8316082425930467,0.0390202182555795,0.015519051854531795,0.8627331611117144,0.030717819808823467,0.015068196829018136,0.5082931011609415,0.04255377734420842,0.06109055344793207,0.3135993895249813,0.04066197010428528,0.06873365427176098,0.8544429105080255,0.03697920966598829,0.023173208559016598,0.6741353609797418,0.03701244075991719,0.017034158599202473,0.3135993895249813,0.04066197010428528,0.06873365427176098,4.187017433011006e-07,4.187656404267515e-07,4.426465658943181e-07,5.673455898697756e-07,6.104458927646974e-07,4.973679284338925e-07,4.187017433011006e-05
modena,lightgbm_3h,0.01,1,calibration,0.8151483929468409,0.0094140693008813,0.01388573518639066,0.9428792578393118,0.007521924896199904,0.00960295239268975,0.9442503353840473,0.0014666743395036447,0.012646582798965729,0.6669297242811175,0.01316140610497571,0.055895716053840624,0.49357521562266615,0.02598210203085648,0.08151813488841488,0.9548738173006635,0.006270703238755063,0.01037146931032551,0.8005016700855611,0.01042680079949443,0.018719113602270007,0.49357521562266615,0.02598210203085648,0.08151813488841488,4.89675052015332e-05,2.302351652209207e-06,1.9065296724246205e-05,6.355263340196098e-05,4.810851885146165e-06,1.753520176346697e-05,0.004896750520153321
modena,lightgbm_3h,0.011220184543019636,2,calibration,0.8181952609949499,0.009560883329565518,0.014073076048082701,0.9454349706334122,0.007517111627646027,0.009627052797379144,0.9437522567051492,0.0017443065665347715,0.012844485121615042,0.6724408020731995,0.013497629609564622,0.05590932155886627,0.5024352486353741,0.026462899470665577,0.0816184722615131,0.9570928663239933,0.006305031442618742,0.01012715202173279,0.8042312288742256,0.010558363934183156,0.0188278410270046,0.5024352486353741,0.026462899470665577,0.0816184722615131,5.548134130562004e-05,2.22951603265558e-06,2.1322075642453e-05,7.21604090440733e-05,3.7722538269856883e-06,1.959876902503751e-05,0.005548134130562004
modena,lightgbm_3h,0.012589254117941675,3,calibration,0.8211185961066362,0.009737401680255414,0.014296439383112985,0.9479306542936545,0.007341903041682307,0.00929383528984335,0.9430466450100137,0.0017435515811939771,0.012808844799223253,0.6780426372682825,0.014188507913292472,0.05541112766481166,0.5121018993873533,0.028308916986946934,0.08125589515410533,0.9588953455008498,0.0062313140516478205,0.009780691448871061,0.8080034362920308,0.01091256471947127,0.01912889254831792,0.5121018993873533,0.028308916986946934,0.08125589515410533,6.310136019729115e-05,3.927070391442029e-06,2.181643159487703e-05,8.18012612005436e-05,4.970370994316308e-06,2.0168756282851452e-05,0.006310136019729115
modena,lightgbm_3h,0.01412537544622754,4,calibration,0.8243465999612757,0.009696355480419498,0.01434877688023597,0.9504414822026839,0.007285057553538572,0.009211080556739465,0.9424588461067854,0.0018095941743090443,0.013218497411929578,0.6839456376808332,0.014269836034696717,0.05557887024126405,0.5228655429174194,0.028851576008636488,0.08065952859465074,0.9613867639678556,0.005878173135907903,0.009639965336597346,0.8122196545751154,0.010991061669343272,0.01909587548366755,0.5228655429174194,0.028851576008636488,0.08065952859465074,7.197144503042539e-05,4.554537812918741e-06,2.2952540241012522e-05,9.26099915268569e-05,6.6286730426452434e-06,2.1344131827274067e-05,0.007197144503042539
modena,lightgbm_3h,0.015848931924611134,5,calibration,0.8272770323221686,0.009780135430048012,0.014651506079883088,0.9529574668686418,0.007136119311797164,0.009214799657912881,0.9412017833442383,0.0016632154901558174,0.013486360464745384,0.6897717377484605,0.01393317090081303,0.055435842653785906,0.5330397056182341,0.030348083391492732,0.08122075320716103,0.9632057721318927,0.005622975362042166,0.00955442694806629,0.8160352931422935,0.011192886381860884,0.01942801478688813,0.5330397056182341,0.030348083391492732,0.08122075320716103,8.09170972629314e-05,5.419521299958839e-06,2.4018309292244955e-05,0.00010418698182147167,7.108316271458884e-06,2.2862034404546773e-05,0.008091709726293141
modena,lightgbm_3h,0.01778279410038923,6,calibration,0.8301440233209848,0.009703352258293631,0.014733243435380312,0.9553877933104588,0.006715494008375351,0.008825814588981908,0.9403401826255415,0.0022714829307851994,0.01368499944891838,0.6956117664233655,0.014709598182314298,0.05422189715443889,0.5444318045464117,0.031158234777423917,0.08128626105698762,0.9649745122492165,0.005102328504195752,0.009228578268767332,0.8201492118309986,0.011308121470598188,0.01950701694274331,0.5444318045464117,0.031158234777423917,0.08128626105698762,9.299138326809261e-05,6.524706609968966e-06,2.641789004187314e-05,0.00011833208275169035,8.817735480847427e-06,2.484918943871685e-05,0.009299138326809262
modena,lightgbm_3h,0.0199526231496888,7,calibration,0.8337209142832384,0.009151894207409956,0.014597646833376771,0.9581434783377176,0.005722446830839941,0.008771195931423293,0.9390880022298049,0.0026337881841299133,0.013879202077164974,0.7027474367198981,0.014160600137802888,0.05256024478624561,0.5588920148421892,0.030028043737701196,0.0810942954356585,0.9671636367442498,0.004371572587154193,0.00911563890798644,0.8252069137747718,0.010624823303522947,0.019242349934315783,0.5588920148421892,0.030028043737701196,0.0810942954356585,0.00010647513101660193,7.286001800386889e-06,2.834742432015557e-05,0.00013421247745606547,9.857961097452192e-06,2.757854736623993e-05,0.010647513101660193
modena,lightgbm_3h,0.0223872113856834,8,calibration,0.8369698459098552,0.008924573595326654,0.01468378357209596,0.9607520385714207,0.005402375775704734,0.009007141331539174,0.9371538396925865,0.003046994553425866,0.014179318299711247,0.7094303969728555,0.014718370847821032,0.051779591334895375,0.5732304282284325,0.030256500445457104,0.08017119817628357,0.9693256590720812,0.0038345144842726474,0.008982161357497699,0.8299784725074753,0.010509327507460395,0.01908038849637087,0.5732304282284325,0.030256500445457104,0.08017119817628357,0.00012185789151560772,1.034577802591657e-05,3.0440419842280167e-05,0.0001529619035874159,1.3425117666874218e-05,3.093828054233308e-05,0.012185789151560773
modena,lightgbm_3h,0.025118864315095794,9,calibration,0.8398737760926743,0.008106376253180652,0.014535530297928695,0.9630359138104801,0.004453649060768388,0.008976801353441598,0.9354536798165399,0.0031524687620546497,0.014344892351759604,0.7166300369136694,0.013024763656108284,0.05097601627143165,0.5854360464850459,0.027579467540394132,0.0798099662512222,0.9707665650354915,0.00372907982773909,0.00874290451566238,0.8342644484122455,0.009541565798342679,0.01893866795893464,0.5854360464850459,0.027579467540394132,0.0798099662512222,0.0001359884439062807,9.245198413017589e-06,3.2117472378602845e-05,0.00017094310213468524,1.1609774404323692e-05,3.3742690466318184e-05,0.01359884439062807
modena,lightgbm_3h,0.028183829312644536,10,calibration,0.8426195390538795,0.007629025459835227,0.014655949591406443,0.9652401949551342,0.003973584770456418,0.008798761886595835,0.9330433449437733,0.00413464173620482,0.014591881564304047,0.7235875693197724,0.012534537630945346,0.04967078782230762,0.5986358923594151,0.025962909476883615,0.07918127361572722,0.9725870996785214,0.0034257433909409894,0.009036463886196569,0.8386188202513234,0.00899429915339879,0.018865642729252785,0.5986358923594151,0.025962909476883615,0.07918127361572722,0.0001535761758527143,9.357761621295953e-06,3.464852999507249e-05,0.0001925944240896006,1.1584403232412326e-05,3.6913122068229064e-05,0.01535761758527143
modena,lightgbm_3h,0.03162277660168379,11,calibration,0.8446604600155554,0.0070260655955296574,0.014672422307424153,0.9670075644223537,0.0036756866371826873,0.008693282876218369,0.929682134819908,0.005328277357846192,0.01405667872463244,0.7292729671806889,0.012450077629123823,0.049546355392383334,0.6106875359599144,0.02347263950638084,0.07867890679934199,0.9741125205249987,0.0031328858325467223,0.008948449549267228,0.8421525445815726,0.008453344211253567,0.018845593301353703,0.6106875359599144,0.02347263950638084,0.07867890679934199,0.00017143508329328639,9.500052264965819e-06,3.662775057787984e-05,0.00021551276052422618,1.2647746291207303e-05,3.924816412655996e-05,0.01714350832932864
modena,lightgbm_3h,0.03548133892335755,12,calibration,0.846714223150148,0.006476941407377579,0.014563085771771032,0.9685574618453019,0.003127874638843963,0.008512744726751452,0.9268901428778195,0.005950078653701381,0.013917997949739582,0.7360966822110036,0.011618673115948209,0.048407838069936024,0.6229740086372487,0.02041330224156105,0.07726197917902203,0.9752046551165007,0.0029188995105203625,0.008810624952291814,0.8459445901375747,0.007782213841468413,0.01843035312899781,0.6229740086372487,0.02041330224156105,0.07726197917902203,0.00019111513680393185,9.977517387670509e-06,3.920786887945531e-05,0.0002400002493701856,1.4052819950519161e-05,4.201902607327833e-05,0.019111513680393183
modena,lightgbm_3h,0.039810717055349734,13,calibration,0.8483450859797251,0.005923926854962847,0.014485196979544892,0.9700229287553164,0.002782043706832335,0.00860630151443756,0.9226548777026913,0.008222924477624774,0.014693143705391454,0.7422268683424741,0.010742272359994325,0.04685896038030289,0.6359575637725691,0.018435727257413752,0.07482851095915521,0.9763787587685365,0.002439636703471844,0.009209893186605816,0.8494481994683175,0.007127404457948405,0.018030868063070127,0.6359575637725691,0.018435727257413752,0.07482851095915521,0.00021438433210379065,1.2494898097087722e-05,4.215222583287447e-05,0.0002700247699987791,1.894615977207061e-05,4.5988279157676204e-05,0.021438433210379065
modena,lightgbm_3h,0.0446683592150963,14,calibration,0.8494538224606583,0.0053880444566869,0.014479517333173507,0.9712192493098335,0.0025256237994809526,0.008558736839933608,0.9182317659668947,0.010141356698106741,0.014883124626140462,0.7482783824463795,0.010193163315855559,0.04569542371783392,0.6472579868097937,0.016225641458275823,0.07343023478887484,0.9772760434074134,0.001941027963471989,0.009027619281584276,0.852452685588063,0.006654185996432729,0.01777074126867354,0.6472579868097937,0.016225641458275823,0.07343023478887484,0.0002396725928040568,1.135769103649503e-05,4.5329658844525736e-05,0.0003014177910830651,1.9330477001082072e-05,4.981403251642795e-05,0.023967259280405682
modena,lightgbm_3h,0.05011872336272725,15,calibration,0.850272302019778,0.005348022208211721,0.014396914077109895,0.9724311572872374,0.002208758044550235,0.008650086642573095,0.9133433166669259,0.011913239948267736,0.014987476068461505,0.7543063328552879,0.009603900946515613,0.04506402402418136,0.6577553058998569,0.014616802461482812,0.07161051128670999,0.9783103593104604,0.0018089609022246284,0.00900092760448297,0.8552292944039538,0.006450710635626804,0.01748035685339264,0.6577553058998569,0.014616802461482812,0.07161051128670999,0.0002680438730385313,1.308236212813027e-05,4.7093287926266127e-05,0.00033677906459074404,2.2865757797875654e-05,5.2013674615130555e-05,0.026804387303853133
modena,lightgbm_3h,0.05623413251903491,16,calibration,0.850896920660401,0.0053796789041909735,0.014348224338643144,0.9735725825821919,0.0019149098749583235,0.008719455047831158,0.90814180326489,0.013116910855153421,0.014787476549905356,0.7597164703376087,0.009087592466932262,0.0440545076834701,0.6686485520979397,0.014401274412740387,0.0706197166253646,0.979214474672586,0.002052433364208954,0.009098354109466638,0.8578587765910431,0.006512788646422531,0.017238252111244707,0.6686485520979397,0.014401274412740387,0.0706197166253646,0.0002968182966859997,1.2705892747910155e-05,4.945205858930428e-05,0.0003729414097855044,2.3196325211968178e-05,5.6042965558978695e-05,0.029681829668599967
modena,lightgbm_3h,0.06309573444801933,17,calibration,0.8511403885094019,0.005191619940696921,0.014541663030376165,0.9743278773796454,0.001662680851909146,0.008940588075075218,0.9034119797533398,0.01431041077857747,0.01450619623525669,0.7654117125429349,0.008054395821118603,0.0436437535901163,0.6790602189164083,0.013095701788436264,0.06965309201080679,0.9798283452271331,0.0021118620366269722,0.009587155901464917,0.860408026763892,0.0063722704327383,0.017153933483224672,0.6790602189164083,0.013095701788436264,0.06965309201080679,0.00032983369034886404,1.3131827272659027e-05,5.248511236924323e-05,0.0004124414994613022,2.5449407683364657e-05,5.974358952424167e-05,0.032983369034886405
modena,lightgbm_3h,0.0707945784384138,18,calibration,0.8506899173674621,0.005015601935872847,0.014526185123338607,0.9751734434472017,0.0018055194106808854,0.00939664608249778,0.8974022339457276,0.015181761765350639,0.014662027598730986,0.7704197025232221,0.007212715669051018,0.04248234594485367,0.6898157788973622,0.01210459403780426,0.06725521699171333,0.9805734377673677,0.0020367639578019467,0.009785943326199779,0.8626769193161764,0.006382010289660995,0.016672376887599274,0.6898157788973622,0.01210459403780426,0.06725521699171333,0.00037102746649260877,1.1954158749763866e-05,5.515610222365448e-05,0.0004615145650986085,2.5081639838898646e-05,6.334068768471969e-05,0.03710274664926087
modena,lightgbm_3h,0.07943282347242814,19,calibration,0.8499495503995754,0.00468005260810443,0.01492009186553596,0.9757468786129284,0.0017681678518125053,0.009498008400994368,0.8916929767820514,0.016364788845070352,0.014886737332098722,0.7752115455882096,0.00672758250731477,0.042583273411552644,0.6991235841093235,0.010898781561346181,0.0659019004084628,0.9811097056605934,0.001843050367789885,0.010058176054698989,0.8645769381506212,0.006108773485717538,0.01669438985201848,0.6990455268446283,0.010797731366396685,0.0658757933262035,0.00041224120254635576,1.201133181551087e-05,6.121563941880294e-05,0.0005097547992716207,2.723188105907522e-05,6.914968689970203e-05,0.04122412025463557
modena,lightgbm_3h,0.08912509381337459,20,calibration,0.8486536562296628,0.004483889456997858,0.015190685397101321,0.9762741786128467,0.0016414285792079757,0.009758585537843945,0.8845459481955859,0.0168029433362539,0.014325670007895351,0.7797060218412513,0.006064209283155644,0.04264816610453786,0.7089817137573647,0.010677427226197873,0.06387293548662563,0.981575474693724,0.001726943020823036,0.010319801350851506,0.8662166674201545,0.006057820616989148,0.016462189116682183,0.7088218144433561,0.010434333163595402,0.0638268085938983,0.00045931308670633594,1.2255323113058125e-05,6.177171282522586e-05,0.000566633350708305,2.600991305583839e-05,6.985250112639385e-05,0.045931308670633594
modena,lightgbm_3h,0.1,21,calibration,0.8468847835413341,0.0043100353920884115,0.01511641223848474,0.976936455047793,0.0015608732602630925,0.009907302367113235,0.8771792351008941,0.016771837553587278,0.01395917697792252,0.7846492087292957,0.006067609781852276,0.04190417746170859,0.718857133883347,0.00964327544879012,0.06174436490684076,0.9823883283940216,0.0013841367109319067,0.010483503465416223,0.8680020722310703,0.0058982282822957555,0.0161796336050489,0.7186687772949032,0.009399588286777692,0.06169452349629369,0.0005167327574646483,1.4550147262657658e-05,6.596687618603797e-05,0.0006334860691136807,2.883344012616919e-05,7.360814953273818e-05,0.05167327574646483
modena,lightgbm_3h,0.11220184543019636,22,calibration,0.844757565100658,0.004075134637216182,0.015182697115535167,0.9775741444220055,0.0015247507008028518,0.010153243897494625,0.8709601492180454,0.017265309038461633,0.014442397191805163,0.788769685903737,0.005473239654284268,0.04143936771367533,0.7276972870808253,0.009788638665482555,0.060724348467549635,0.9826535253308986,0.0012047034787057227,0.010637435330717331,0.8695309583911023,0.005781117891581819,0.015877127001071467,0.7272062777423965,0.009512375481139024,0.06061357048198172,0.0005759955280986249,1.4515881014162116e-05,7.087961970926452e-05,0.0007015058110137878,2.9309748921159172e-05,7.819367263012793e-05,0.05759955280986249
modena,lightgbm_3h,0.12589254117941676,23,calibration,0.8417948787520954,0.004123997756696898,0.015317671681043643,0.978035673323186,0.0016031216195337274,0.010399934563966847,0.863120206477971,0.017922098474737354,0.014781442018821624,0.7933940488791957,0.005726241855690635,0.04097519261623592,0.7364119198478419,0.009213584492053012,0.05990629537449624,0.982891377342497,0.0012428147167712436,0.010867391889186907,0.8707706451741385,0.005906209765359464,0.01563336809181767,0.7354393560070969,0.008970631677601173,0.05970919716592588,0.0006469980902416132,1.6950526329481926e-05,7.542441043344351e-05,0.0007835696583609337,3.0386059628231955e-05,8.304588906426043e-05,0.06469980902416132
modena,lightgbm_3h,0.14125375446227548,24,calibration,0.8381970600397229,0.004109606290504809,0.015514533202790172,0.9785959010318168,0.001244354124062192,0.010604355405022034,0.8554719863118617,0.01866031259735701,0.01465441622387362,0.7980745119986802,0.0056312641634432715,0.04067067411181337,0.7457958384003401,0.008505871177264505,0.05807620517322376,0.9828581482505433,0.0012996838377774319,0.011081838095605914,0.8721592771986483,0.005762040707595864,0.015331050403169757,0.7443977236108805,0.00827617831770701,0.057870820974664755,0.0007305125616590165,1.866476417718867e-05,8.286662416796136e-05,0.0008763101165296867,3.5390104620173925e-05,9.118677120504377e-05,0.07305125616590165
modena,lightgbm_3h,0.15848931924611143,25,calibration,0.8340767436686362,0.0039799052315999455,0.015982660971722306,0.9790339304326056,0.0010168324987798283,0.010856610398300158,0.8475017304374214,0.019187781866742384,0.014588088282560287,0.8026958307135351,0.005645750133263894,0.039883722249418566,0.753705065477042,0.007977172191943483,0.05762413476815275,0.9828165565033317,0.001618156160381693,0.011491991877704076,0.8731506227127871,0.005853966835136907,0.01519708124210353,0.7514455520293042,0.0078479204851632,0.05615964547770434,0.0008191886840406712,1.972892309950092e-05,9.198607858295242e-05,0.000976155501541082,3.507535031068205e-05,9.873023697228117e-05,0.08191886840406712
modena,lightgbm_3h,0.1778279410038923,26,calibration,0.8294047073104394,0.003945248627913605,0.016278899672722915,0.978922716863999,0.0012546593544483363,0.010978126047538521,0.8387073463234542,0.018385688525269596,0.014804031839107923,0.807284650666161,0.005242548566620667,0.03908886538713931,0.7623937025708211,0.007356262602120309,0.055778757108558424,0.9827988175379545,0.0014617019694531292,0.011395248365598677,0.874021446792478,0.005641035706618478,0.014995684837241946,0.7584638433177558,0.007425285239784343,0.05164011558679598,0.0009172046797652466,1.8018228036963616e-05,0.0001013384090235482,0.0010860748409086385,3.5340544126456265e-05,0.00010725180882632583,0.09172046797652467
modena,lightgbm_3h,0.19952623149688797,27,calibration,0.8239163211993958,0.0035525053412158,0.016481532571222805,0.9788820285894058,0.0009484021370241443,0.011098239296357525,0.8298582259441952,0.018378898717336098,0.014883910343955501,0.8121276136908854,0.004412676135675434,0.038137569419273924,0.7713926343761488,0.007205346944340334,0.054162225414776874,0.9824439292660849,0.0014627079101006341,0.011858246475813324,0.8749408863733442,0.005422924958891711,0.014711116940547752,0.7643021917080861,0.008008022009538358,0.04559424193325334,0.0010316657208448454,1.3509971752803588e-05,0.00011033447919749445,0.001211805363517635,3.1186154481202775e-05,0.00011680559828708673,0.10316657208448454
modena,lightgbm_3h,0.223872113856834,28,calibration,0.8175158312690253,0.0032850830653662557,0.016889130212652512,0.9785131085796006,0.0008028733259250804,0.011215279545721674,0.8205774822848634,0.01793115491644327,0.014733736097562728,0.81697820834578,0.004336871110507007,0.03723260710453776,0.7801120998805491,0.006995434229069092,0.05293351784839797,0.9822835349692433,0.0011198379915854549,0.012171872367352093,0.8756928868120073,0.005212911132222627,0.014486082188388878,0.7689339366059459,0.008578257166378032,0.03960588854042072,0.0011628406641587279,1.6356416584117734e-05,0.00012427759574125464,0.001354719835462328,3.268029406793151e-05,0.0001296428337959505,0.11628406641587279
modena,lightgbm_3h,0.25118864315095807,29,calibration,0.8103118845594153,0.0031226248088020297,0.01726454425111003,0.9780064024288078,0.0006360309021880709,0.011056770329303736,0.8107650200314045,0.01714053520407852,0.015645737852722223,0.8205577845811103,0.004039641079856919,0.036805229450371346,0.7888003828923401,0.006677926452232928,0.05124431458440639,0.9814090032015169,0.00127457452152417,0.012564625594203621,0.8759077186270358,0.004933560871614936,0.014159874490417652,0.7717062064526475,0.008837667336532084,0.03203571176673194,0.001302655751472146,2.4840722788695597e-05,0.0001339701564534638,0.001507605114077088,3.7069355933131805e-05,0.00013850690194629206,0.1302655751472146
modena,lightgbm_3h,0.2818382931264455,30,calibration,0.802025210318026,0.0029953632818203717,0.017851287410307913,0.9773854226830496,0.0006593105270328656,0.011338483147014135,0.8006837649393187,0.01566300673662865,0.0166584471132465,0.8245609187112822,0.0034318408327676173,0.035717601791163844,0.7972763210482114,0.006269727212561365,0.04914603476491447,0.980347986521794,0.0012123393025234052,0.01293330928153116,0.8760508827807311,0.00440671898994921,0.014011955898779906,0.7736897230652386,0.008624572888239033,0.024814787104311963,0.001466236005450911,2.1194581461150042e-05,0.00014929828277762667,0.0016862450680991015,3.5372419727156696e-05,0.00015090526501188796,0.1466236005450911
modena,lightgbm_3h,0.31622776601683794,31,calibration,0.7928367540467219,0.0029253756670641682,0.018282738303747333,0.9762942369959436,0.0007470742859507816,0.011468099585357381,0.7907070721708915,0.014441392365388883,0.017466444050274758,0.8277749783004843,0.00314388505365481,0.03577815188681179,0.8058189542633278,0.0059112003198965365,0.04714459732065036,0.9789741828153592,0.001088253592301886,0.013442373759252235,0.8759138849092012,0.003973790762903747,0.01388119209136205,0.7736332793273982,0.008900498021077,0.01942239234321196,0.0016466457134806359,2.8634642628771497e-05,0.00015994504686749208,0.0018819953141294963,3.9785535130062e-05,0.00016047680626435202,0.1646645713480636
modena,lightgbm_3h,0.35481338923357547,32,calibration,0.782730508107538,0.0026195673708346422,0.018828571966681754,0.9747489220689712,0.0008284148939257598,0.011831347232309572,0.7811673428093164,0.013099262380506944,0.017791535708646146,0.8304737925669279,0.0028189976300432317,0.03567183529731683,0.8123518326180587,0.005391151997603508,0.045571777659219236,0.9775820073793666,0.0008192591033414952,0.013791670017271268,0.8752647794885282,0.0036198358705925647,0.01405175978160721,0.769952895003889,0.009638684877852119,0.016208608538978053,0.00184190820159283,2.902663837337324e-05,0.0001757202046541553,0.0020924604811355134,3.666397943572746e-05,0.00017308862305557087,0.184190820159283
modena,lightgbm_3h,0.3981071705534973,33,calibration,0.7715557603181443,0.0024642375478081432,0.01975575614751998,0.9734311312245857,0.000943460334206156,0.012241489229780878,0.771857756249347,0.012643600455644617,0.019096508083078757,0.8325062614078332,0.0023281330143130087,0.03543437382434823,0.8183167330540061,0.005051773108761131,0.044426836194655,0.9753857605455643,0.0009633451584201168,0.014065651180072627,0.8742995284962674,0.0034241568254697935,0.014195308165281384,0.7639373949538928,0.010408825507341016,0.013881458346895923,0.002059350717859958,3.00523691519039e-05,0.00019369587869696935,0.0023244428470319306,3.7235332450938935e-05,0.00018711161914941593,0.2059350717859958
modena,lightgbm_3h,0.44668359215096326,34,calibration,0.7590988920051471,0.0026983262832682973,0.02024844447789929,0.9713237339850861,0.0011664281326768478,0.012594791230684443,0.7616269787529315,0.010961515530266646,0.019903596955490082,0.834808773293318,0.002130724967975109,0.03501487563011051,0.8239952556743916,0.003887133132180817,0.04333316319216062,0.9732246378002727,0.0008860080412687023,0.014184902028738225,0.8729958759012,0.0028536032259072236,0.014267815521503323,0.7565846511662825,0.009819233838801232,0.013784270158076727,0.002307192877832837,3.383301891821244e-05,0.00020643025718954236,0.0025888466103029203,4.2467779032260276e-05,0.00019920920486832784,0.23071928778328368
modena,lightgbm_3h,0.5011872336272725,35,calibration,0.7453809931871179,0.0024124620277287895,0.020772500659133,0.9692128769238273,0.001163010509215729,0.012995688583494714,0.7517970266592998,0.009210066290507066,0.020936043156075442,0.8363252299791052,0.001747876654383989,0.03487102142464068,0.8292800424414429,0.0037388733769467184,0.042417974967285756,0.9704342684421234,0.0009216284116838526,0.01451115848380296,0.8714098888891597,0.0024191543053357105,0.014224632370070892,0.7487288554244113,0.008034133357374197,0.016116252400764808,0.0025877557449924763,3.161380031889915e-05,0.00022157204533556065,0.002886642055530806,3.989942719735296e-05,0.00021276742502280912,0.25877557449924765
modena,lightgbm_3h,0.5623413251903491,36,calibration,0.7299653813717374,0.0017945874441890493,0.021243796686281857,0.966642074973203,0.0010728870051613139,0.013157518119825629,0.7406556603883534,0.008160824505494869,0.021954866010203286,0.8373828627817198,0.0018179404124170166,0.03441324474492389,0.8338674163968907,0.003505089162913738,0.040634832375857834,0.9672685467494947,0.0009006475113139127,0.014701807773197925,0.8691633122579324,0.002213226018916349,0.014233606309420851,0.7398191805612904,0.007313240632601154,0.02046301087868758,0.0029107132939282586,1.781814322605507e-05,0.00023537564724700305,0.003230402848854416,2.73316722848997e-05,0.00022525279125859072,0.2910713293928259
modena,lightgbm_3h,0.6309573444801934,37,calibration,0.7138039318816448,0.0021901774863730492,0.02124620120042187,0.9637617509650177,0.0008356137700537054,0.013386015943406215,0.729824622606636,0.007842536388147836,0.023716373325796264,0.8376066677781995,0.0020781151783308043,0.03366092247832454,0.8374715127608918,0.0032874459928527973,0.03914180154989556,0.9637533390722041,0.0009477865178299629,0.01493790279041804,0.8664835786365898,0.0021202348856107296,0.014124203945328786,0.7297209182132939,0.007608010336531829,0.023524473764201314,0.0032603455106318038,2.9188020273069982e-05,0.0002525798213944344,0.003600580885443022,3.77408769547674e-05,0.00024025574430551561,0.32603455106318036
modena,lightgbm_3h,0.707945784384138,38,calibration,0.6965516060501374,0.001997314242376894,0.0214914155132642,0.960092651964269,0.001286833723825573,0.013871857488314614,0.7192250682895185,0.006698932301340823,0.02466751441762423,0.8380288409451936,0.0020761434171565722,0.03271919410066263,0.8408891159715137,0.002379658348386926,0.037558953577275955,0.9598779784391758,0.0009522832175700494,0.015380534410816245,0.863622731121934,0.0016698127122260606,0.013964171311450264,0.7192250682895185,0.006698932301340823,0.02466751441762423,0.003654743815246477,3.495352756403996e-05,0.00027803220517925607,0.004015759239799564,3.697432131368643e-05,0.0002596977704551964,0.3654743815246477
modena,lightgbm_3h,0.7943282347242817,39,calibration,0.6781761698626649,0.0022143682211453325,0.02206763619861602,0.9557414303833919,0.0018162006020116823,0.014652464512157628,0.707976468168963,0.0059211136365128,0.026480978867137836,0.8374949166394098,0.002237410055525283,0.032013202920903566,0.8428210511008657,0.0024098971992085397,0.0354871912897628,0.9554605789910318,0.0008300025046343958,0.01568313573984012,0.8598988890567324,0.0015199157301461058,0.013665236470179571,0.707976468168963,0.0059211136365128,0.026480978867137836,0.0040884212466387815,4.490999740728132e-05,0.0003169451248816565,0.004474339752835063,4.9167489124679966e-05,0.00029145919894765646,0.40884212466387815
modena,lightgbm_3h,0.8912509381337459,40,calibration,0.6586354940340655,0.0022226092659692505,0.022344596816456282,0.9508606602049627,0.0018890716866653814,0.015609927925693247,0.6963997030192498,0.0063927129663692425,0.027721823955070234,0.8366619829894442,0.0018688580655410732,0.03079393050572904,0.8448696897134929,0.0017618423169280717,0.03428821762776067,0.950710454034657,0.000871972475738982,0.01586544865892901,0.8559004979923611,0.001453148233020696,0.013485216929450556,0.6963997030192498,0.0063927129663692425,0.027721823955070234,0.004578891804950733,4.7374664859497105e-05,0.0003515818013132975,0.004988556772831952,5.368822386593439e-05,0.00032058047460486116,0.45788918049507327
modena,lightgbm_3h,1.0,41,calibration,0.6378485523060853,0.0018659388441637417,0.022798411198711326,0.9458352991536206,0.001752953826151737,0.016448210533781444,0.6851854139156276,0.006230916138898828,0.029607165512653678,0.834701034725565,0.0020019872121560976,0.029736205871040845,0.8452980003358295,0.0017273376470002507,0.03278651373320641,0.9449751684324476,0.0013686513589423026,0.01688284066334314,0.851198983312618,0.001365693509445519,0.013406635494991007,0.6851854139156276,0.006230916138898828,0.029607165512653678,0.00513071880183271,4.705312540727905e-05,0.00039296315053724567,0.005565726327543767,4.8935066486305487e-05,0.00035736815735165243,0.513071880183271
modena,lightgbm_3h,1.1220184543019642,42,calibration,0.6163600801948647,0.0014841958354833262,0.023252263130192782,0.9402185224835928,0.0016457754011665782,0.017842492045717168,0.6739853611102552,0.005614907461873991,0.03160951384437194,0.8321505924986686,0.00146495529374734,0.028755595669954417,0.8451286546966195,0.0019099225389784232,0.031015352873239498,0.9389817678276292,0.0010911555773730122,0.016702429912837026,0.8460929797233531,0.0011934121886724217,0.013293556993741325,0.6739853611102552,0.005614907461873991,0.03160951384437194,0.005742282802029834,3.925369399808489e-05,0.00042638967357190707,0.006202280074384105,3.938706285868986e-05,0.0003905591745809689,0.5742282802029833
modena,lightgbm_3h,1.2589254117941675,43,calibration,0.5932307206593492,0.0012847294087430588,0.023555807252172555,0.9336930587819398,0.0017110820641528985,0.019901277721982736,0.661666418507957,0.00465472081557578,0.03219566985716541,0.8283119160338658,0.0013455429738856307,0.0278316025016542,0.8441562924620055,0.002807419151152264,0.02888394352694601,0.9318575006575226,0.001344579818085819,0.017373994660719136,0.8399370372886582,0.0012759221726628528,0.012812574245739963,0.661666418507957,0.00465472081557578,0.03219566985716541,0.006445067030085863,3.261691518224783e-05,0.0004807773855456661,0.006935215314016101,3.450794806718167e-05,0.000441178355597587,0.6445067030085863
modena,lightgbm_3h,1.412537544622754,44,calibration,0.5694278562927361,0.0009108269910458752,0.023575135302549562,0.926246780657989,0.0015035065400457958,0.02194403296342891,0.6489911030516674,0.004284690788453831,0.033431134939708895,0.823831088006951,0.001292983443827622,0.02707060694842207,0.8422284524048399,0.0024188722475908028,0.026626789446230995,0.9241786025980882,0.0010946728763558092,0.01770475172258688,0.8330952053439071,0.0011602200062503073,0.012507702162842959,0.6489911030516674,0.004284690788453831,0.033431134939708895,0.007228974270103493,2.0030897881893486e-05,0.0005410412528269105,0.007753439879001061,2.4304505886471077e-05,0.0004911908677416532,0.7228974270103493
modena,lightgbm_3h,1.584893192461114,45,calibration,0.5451293212193826,0.0013590373573870295,0.02379732445386868,0.918451194754285,0.0017587914547090198,0.024157920387689668,0.6356295991540473,0.004756261597166529,0.034838869476884866,0.8185384937512867,0.0019948079353777487,0.025805457068183997,0.8400622166487172,0.0022432308180045774,0.02528599182856915,0.9152931280109055,0.0010925831424602745,0.017969724116667425,0.8255949264638484,0.0013993992005074582,0.012115432840556873,0.6356295991540473,0.004756261597166529,0.034838869476884866,0.008102230981052639,3.3931351736616095e-05,0.0006037444392323418,0.008663542636093433,4.433046427149668e-05,0.0005487797028263286,0.8102230981052638
modena,lightgbm_3h,1.7782794100389228,46,calibration,0.5200582524830111,0.0011169880529646216,0.023731581239815853,0.9093330508312125,0.0018500198210439293,0.026295964303559863,0.6218788404435166,0.004700185830630119,0.036166921720792916,0.8120014763975248,0.0018562589973513761,0.025388481313224905,0.8358026796269284,0.001935660421014173,0.02438370131045042,0.9058345082928435,0.0011176749585717848,0.0187218295239603,0.8169701111184051,0.0011150643388715758,0.011971559177708894,0.6218788404435166,0.004700185830630119,0.036166921720792916,0.009082378489834559,3.344637946598795e-05,0.0006729368946957647,0.009685927199075083,3.767121899559179e-05,0.0006095299374624807,0.9082378489834558
modena,lightgbm_3h,1.9952623149688808,47,calibration,0.4949677337141392,0.0009582597890565068,0.02371754053121335,0.8999424659379106,0.0019431732262792773,0.0274147512446538,0.6084413145650042,0.00407051632814786,0.0370083467143448,0.8049227948489616,0.0014669269596167785,0.025502188811726723,0.8298033239297303,0.0018722804340589978,0.024030457409171174,0.8947954505498869,0.0014955939209146687,0.019220811942002043,0.8075810699662987,0.0008335869218954457,0.011861173970722718,0.6084413145650042,0.00407051632814786,0.0370083467143448,0.010163496670869139,3.478248670933956e-05,0.0007365336463647533,0.010813062017949189,3.68742654795758e-05,0.000670300407140021,1.0163496670869139
modena,lightgbm_3h,2.23872113856834,48,calibration,0.4693855888388235,0.0009684575984333152,0.023171666915783224,0.8891622899933147,0.0019556884805465658,0.02918612165807922,0.5936899893562366,0.003879644049115259,0.03740547347537007,0.7968811790915712,0.0020943824796936777,0.0251885021734862,0.8229256554640583,0.0016668928734595253,0.02366943095130771,0.8826261382428433,0.0005754008399902019,0.01969865041936413,0.7970570504296047,0.0008600532456979424,0.01134215407017759,0.5936899893562366,0.003879644049115259,0.03740547347537007,0.01138189412870377,4.447777658058695e-05,0.0008055748329225267,0.012084593773454963,4.8076349471385815e-05,0.0007299506252239553,1.138189412870377
modena,lightgbm_3h,2.5118864315095824,49,calibration,0.44374048495767293,0.0006185095024818843,0.022808033594310224,0.8772625879149546,0.0020992656592363898,0.031170769850552213,0.5783749933800931,0.0037170768793615637,0.038128736428420296,0.7873463897474242,0.002477361829916865,0.024815613611057514,0.8145935122752374,0.0007848823879673796,0.023034886983504376,0.8701387085240928,0.000916242085765283,0.01990176529050815,0.7855432383683605,0.0011514352411948934,0.011051955615999965,0.5783749933800931,0.0037170768793615637,0.038128736428420296,0.012746661422523335,2.4366919426148358e-05,0.0008908971730245335,0.01350792133956138,3.5499565316405775e-05,0.0008074550144526114,1.2746661422523335
modena,lightgbm_3h,2.818382931264455,50,calibration,0.4182620447012681,0.000852064650782693,0.022224983480878282,0.8642309839009614,0.0019171039344446257,0.0333263131680874,0.5619781542643733,0.002842590912579066,0.038500709281014366,0.7771739258484894,0.002245997925130786,0.024909230576712394,0.8049492134876007,0.0015215670504154968,0.023205038189777906,0.8561968576549225,0.0016269186711217075,0.020142339014449926,0.7729058270312694,0.0013044340253734101,0.010591138972604436,0.5619781542643733,0.002842590912579066,0.038500709281014366,0.014267851202086658,4.29368429788895e-05,0.0009668553475215002,0.015097438965529083,5.262733112819926e-05,0.0008918428305475854,1.4267851202086659
modena,lightgbm_3h,3.1622776601683795,51,calibration,0.39283782095186104,0.0007408805958736943,0.02154129762287735,0.8496796527975359,0.0015938475840441297,0.03446781347992952,0.5458161391071894,0.0028938218537130937,0.03789951415793682,0.7654768505683568,0.001698888276633285,0.024706725500083536,0.7934190402696626,0.0013341923269440986,0.023343818804935784,0.8402099311523517,0.002038321917750933,0.020902617710729172,0.7589203227790191,0.001171099717455052,0.010530228962507084,0.5458161391071894,0.0028938218537130937,0.03789951415793682,0.015980911458528188,3.839986110799763e-05,0.0010609942467714438,0.01688888803613487,5.223092861259309e-05,0.0009897132273890376,1.5980911458528189
modena,lightgbm_3h,3.548133892335757,52,calibration,0.36786814093009,0.0007607696709498113,0.020511022528094367,0.8346582824070222,0.0015341703075471308,0.03561323133889127,0.5292805143136752,0.0021323760060806525,0.037437362204907676,0.7533640011548214,0.0015916522830841107,0.02488531582775072,0.7816099371322042,0.001615240045634869,0.022291071375618914,0.8232416091470796,0.0019522160717150496,0.02070821280883045,0.7444308688309604,0.0008427844556110111,0.01037622899692865,0.5292805143136752,0.0021323760060806525,0.037437362204907676,0.017909736225267515,5.766683732992083e-05,0.001151190688938615,0.018890583638319074,5.856538827353698e-05,0.0010792633620447293,1.7909736225267516
modena,lightgbm_3h,3.981071705534973,53,calibration,0.3430083436914775,0.0004906599838122602,0.01948705662581422,0.8174302410179516,0.0012126502372115308,0.03663794439295377,0.5112310482618566,0.0015948083011030627,0.037644424952991445,0.7388799688971227,0.001912285474168281,0.025075887564639188,0.7678658944982407,0.0018103329749389393,0.021563502160653548,0.8050722180037785,0.002106570638934459,0.020253549147844906,0.72809587413579,0.0007147835933349135,0.010398781289297734,0.5112310482618566,0.0015948083011030627,0.037644424952991445,0.02009927556565955,5.196813527354898e-05,0.0012214043782422402,0.021173653249169793,4.721959700978436e-05,0.0011553428364050034,2.009927556565955
modena,lightgbm_3h,4.4668359215096345,54,calibration,0.3187095960912901,0.0004850139734225749,0.01835227521906537,0.7985398748693524,0.0013319381360229977,0.0373193803615288,0.4924114595822111,0.0021942191502359694,0.037737480699418235,0.723918764436591,0.0017694780813370936,0.025085537862702293,0.7520556308891394,0.0015038456352481175,0.02131786610013544,0.7850218413365605,0.001269014374308775,0.02094700953505456,0.7103895142227709,0.000822399912036438,0.010428458727904863,0.4924114595822111,0.0021942191502359694,0.037737480699418235,0.022577795859696524,5.4890002787702237e-05,0.0013063690930096756,0.02375899418056144,5.4482011321090554e-05,0.0012564279832978711,2.2577795859696526
modena,lightgbm_3h,5.011872336272725,55,calibration,0.29537169641637534,0.0005569806886867044,0.017116589544307698,0.7778886148331783,0.0017397055344821493,0.038163074874892254,0.4742175470386938,0.0016627924358672687,0.036663120931135176,0.7062023050031233,0.001957019396543484,0.025587350444166306,0.7350558532296856,0.002042804190123435,0.021335553175934403,0.7638741050384207,0.0018153955846574481,0.020703394435646016,0.6914476850286204,0.0010878843146523796,0.010271001388049575,0.4742175470386938,0.0016627924358672687,0.036663120931135176,0.02534217254308401,6.770899993641582e-05,0.0013893593275068985,0.026644583601162168,7.076051352820572e-05,0.0013496054609725284,2.534217254308401
modena,lightgbm_3h,5.623413251903491,56,calibration,0.2728420013837958,0.000551851967604098,0.01581805750435099,0.7557478464923421,0.0017548359924730674,0.0388134700633335,0.4556463481192921,0.0016102371339411009,0.03584460309784686,0.6878961470685393,0.0023017626921476094,0.025509145923210474,0.7161094437072438,0.0017611539899174337,0.02091195948873178,0.7410410898094568,0.0014255822279544965,0.02111630111153317,0.6712881750393749,0.0010615443826697546,0.010136307224063995,0.4556463481192921,0.0016102371339411009,0.03584460309784686,0.028463652818523092,7.346917270913051e-05,0.0014765013903630944,0.02990110374405667,8.09051073133899e-05,0.0014459456743862679,2.846365281852309
modena,lightgbm_3h,6.309573444801936,57,calibration,0.2514536067592895,0.0005288573336159468,0.014546221792040797,0.732366528449591,0.002073581134474551,0.03951170352060589,0.4366607540167801,0.0018438919134959387,0.03425509601046686,0.6673457409646348,0.0018110471923592955,0.02602185060932572,0.6960087172552863,0.0017869363582700313,0.020554670424982248,0.7179559493211852,0.001631170213980056,0.02111779401694529,0.6500675380014956,0.0009535103912167959,0.01046684576725511,0.4366607540167801,0.0018438919134959387,0.03425509601046686,0.031947090958478475,9.097292699534977e-05,0.0015838088045893367,0.033534405637094325,9.419338006700834e-05,0.0015714107560401709,3.1947090958478475
modena,lightgbm_3h,7.07945784384138,58,calibration,0.2312951884676101,0.0002503917177677418,0.013529715303974916,0.7075506598786488,0.0020966021029718953,0.039237199430210236,0.41756293877137024,0.0015771151755270836,0.03236500092574152,0.645630100500012,0.0025121967008576813,0.02692054182838283,0.6738792524765259,0.0014915796379676664,0.020561382904627997,0.6938032651727563,0.0016876962562517308,0.02166253717477505,0.6276852433598628,0.0007923507292050716,0.010705521771111476,0.41756293877137024,0.0015771151755270836,0.03236500092574152,0.03582905844397347,6.412025406081223e-05,0.0017084449176601347,0.03759035735006298,5.7430444206325224e-05,0.0017087790752169597,3.5829058443973474
modena,lightgbm_3h,7.943282347242821,59,calibration,0.21236015713453119,0.0002228360921669943,0.012649443090432613,0.6816785672620608,0.0014295013157619159,0.039195357150299835,0.3985434730403286,0.0011946419754334078,0.03091365487321584,0.6235520704321101,0.0024414937027357237,0.026993372581495475,0.6512581827851547,0.0018238140819526762,0.019853511252402433,0.6677380016111834,0.001612129621125832,0.021374575134733023,0.6045540590261675,0.0008899128079948423,0.01096503144022235,0.3985434730403286,0.0011946419754334078,0.03091365487321584,0.040146261689798686,5.0400683158085676e-05,0.0018448825664508736,0.042095946909151895,5.576447205743659e-05,0.0018472813802458143,4.014626168979869
modena,lightgbm_3h,8.91250938133746,60,calibration,0.19439088569775456,0.0001649680541721515,0.01162866759671436,0.6555121099270239,0.001473164669957803,0.03919367713001499,0.3785825919390777,0.0008624729941026012,0.02880810653954364,0.6000383366972954,0.002315713891529022,0.02670368008355286,0.6266634992380998,0.0018864567081411333,0.019436522781722157,0.6416651232203104,0.0014163232518214152,0.022798144264730005,0.5804923322043614,0.0008032373885589585,0.011442175747649028,0.3785825919390777,0.0008624729941026012,0.02880810653954364,0.04503196731264046,5.725886341301858e-05,0.001965377586944621,0.047188922960371076,5.543858132328203e-05,0.001998603883019827,4.503196731264046
modena,lightgbm_3h,10.0,61,calibration,0.1775724310609984,0.00019286504123644277,0.010576406997472657,0.627901306946952,0.0009776251717950424,0.03817752114015269,0.3590598877051458,0.0007361555801003263,0.02701397048432782,0.5760143928134,0.0020222960959893886,0.026227230862660596,0.6006638155138944,0.0016908602974050493,0.018588746634831115,0.6138994747793618,0.0013927335974738121,0.02283694902720199,0.5555077755517509,0.0008267800802434799,0.011299883514806054,0.3590598877051458,0.0007361555801003263,0.02701397048432782,0.05050418440246582,7.037706994012419e-05,0.002076428023262258,0.052899757145945726,6.614780185711401e-05,0.002125973964910204,5.050418440246582
modena,lightgbm_3h,11.220184543019641,62,calibration,0.1618494367214502,0.00019729301958991806,0.009566261592939891,0.5994625562157088,0.0013240060747098047,0.03704698053008509,0.33931282148243075,0.000876919230719168,0.025149732800439167,0.5512335432491572,0.002274672872517185,0.025212040204076188,0.5739242401108285,0.0012879531102473352,0.017542418012021988,0.5861785530481582,0.0010841398262092538,0.023152849747654667,0.5300223428212566,0.0008346827254323058,0.010929665438276677,0.33931282148243075,0.000876919230719168,0.025149732800439167,0.056667998224620195,6.969799098522531e-05,0.002188996384777098,0.05932579886902318,8.008372709662748e-05,0.0022503918450592175,5.6667998224620195
modena,lightgbm_3h,12.589254117941675,63,calibration,0.14731690624446808,0.00014458460747781128,0.00861512224186396,0.5705542160079463,0.0010215244585600933,0.0357008665174869,0.3205128119573756,0.0011555006557942098,0.023362091616930994,0.5261998962717768,0.0015082410747889353,0.024424571525344167,0.5468577605543694,0.0012389839344623024,0.01627614996209863,0.5584112415540815,0.0012552719364134497,0.023382991033867703,0.50450718526911,0.0008357471690871833,0.010641795146776016,0.3205128119573756,0.0011555006557942098,0.023362091616930994,0.06355599438320693,7.852480298528313e-05,0.002277930936175513,0.06649160318461587,7.379911057396287e-05,0.002349024502447235,6.355599438320693
modena,lightgbm_3h,14.125375446227554,64,calibration,0.13392222123518518,6.942499550158118e-05,0.0077998870599019715,0.5420475881678084,0.001603934490643478,0.03438605649035193,0.30141897666351836,0.0010294981424309759,0.02177030740187252,0.5010615608635982,0.0013745182518274518,0.02357298952600029,0.5193969672131578,0.0011562728946151696,0.015064389492069799,0.530103325810657,0.0010165648538888955,0.022482370776585218,0.478805683743748,0.0006350803408096781,0.010329183526893776,0.30141897666351836,0.0010294981424309759,0.02177030740187252,0.07124550622183476,8.194231730555734e-05,0.0023885006938103677,0.07449219758179648,5.509381357340541e-05,0.002467489043977109,7.124550622183476
modena,lightgbm_3h,15.848931924611142,65,calibration,0.1215131989751717,6.0296000013630515e-05,0.00707212358941109,0.5139386437065109,0.0016278105561965208,0.03263926872084386,0.2828268761125565,0.0007081680147700562,0.02002625356117338,0.4750113534340207,0.0013242897814114032,0.02206147089494984,0.4917573044316192,0.0010452195276219097,0.01347903677857404,0.5014213291245883,0.0015006375829779068,0.02172208737330177,0.4529911013618591,0.000761051640484448,0.009918926946895773,0.2828268761125565,0.0007081680147700562,0.02002625356117338,0.07992064351509073,6.851232177250568e-05,0.0025130415506261494,0.08350881634714744,6.053615440658314e-05,0.0026005393160730777,7.9920643515090735
modena,lightgbm_3h,17.78279410038923,66,calibration,0.11010722513215512,0.0001317301257782317,0.0064415953162937365,0.4857912692909466,0.0016245989832371745,0.030602103295784992,0.26431435102238776,0.0005683151927535303,0.018422659717642193,0.4485951182818334,0.0015040527268233978,0.020493441125383354,0.4644826152148254,0.0009550777743887981,0.012560730274018128,0.4730042040524467,0.0012809723969836426,0.020825370443555216,0.42723751157248796,0.0008917378993972565,0.009597479384831612,0.26431435102238776,0.0005683151927535303,0.018422659717642193,0.089628909444014,9.918941894392518e-05,0.002609508121476764,0.09359864624341438,0.00012230483484999475,0.002702153202554244,8.9628909444014
modena,lightgbm_3h,19.952623149688808,67,calibration,0.09970763284198979,9.878045441411754e-05,0.0058811196930518795,0.457045557965408,0.0013973668776083453,0.028623686749141165,0.24651884417032546,0.0009077481605034572,0.017110503599234262,0.42239064672089477,0.0012581256149509458,0.018689951330310196,0.4375028518174519,0.0011365495695572236,0.0122955455544134,0.4443277455459235,0.0010405453274972107,0.02001680557784363,0.4015571292440007,0.0008674321376240965,0.009229203107997084,0.24651884417032546,0.0009077481605034572,0.017110503599234262,0.10041931752576551,9.89913280036099e-05,0.00276147899185226,0.1048321042747137,0.00013437663887198354,0.0028476091342605593,10.04193175257655
modena,lightgbm_3h,22.3872113856834,68,calibration,0.0901986071623201,3.5904134677612175e-05,0.005392138929965693,0.42879553228617606,0.0013064986440992088,0.026321909262545597,0.229566652082083,0.000715415012866656,0.015756870986360794,0.3967084905272299,0.0012250793525064659,0.01699045987080678,0.41133686850714,0.0010768664093098162,0.01197719653689373,0.415952080823029,0.0012499498610356163,0.01873189760814656,0.37647192484513153,0.0007605022597245297,0.008924624681851134,0.229566652082083,0.000715415012866656,0.015756870986360794,0.11251071079427068,6.961254837427635e-05,0.0029500284394269717,0.1173982088724999,5.171325281669475e-05,0.003022081537112415,11.251071079427067
modena,lightgbm_3h,25.11886431509582,69,calibration,0.08151440549492678,9.923267388360673e-05,0.004936593106312657,0.40100751437673615,0.001303492838852942,0.02418188807379212,0.21289627648138093,0.0006275124497703232,0.014051724184128825,0.37196611991158757,0.0014389370851581012,0.016350637208016543,0.38534677172855586,0.0009003629394140032,0.011439672716375148,0.3885024846708808,0.0010933305153225698,0.018328393792880978,0.3519438334338283,0.000742404108472987,0.008642423103518938,0.21289627648138093,0.0006275124497703232,0.014051724184128825,0.12603374139037551,0.00014959674119382568,0.003156068357284145,0.1314522398614685,0.00014230192263426264,0.003231992138420313,12.603374139037552
modena,lightgbm_3h,28.18382931264455,70,calibration,0.07356303095933105,6.945466715591626e-05,0.004486772294573185,0.3739492633911257,0.0012691190439966537,0.021907514822910628,0.19698104837619201,0.00037475955876733325,0.012823067516086221,0.3474121235026707,0.0008169627346788879,0.014794257073026193,0.3600687888448796,0.0007290339475869888,0.011272983787750714,0.36190221486468654,0.0008765920812941921,0.01769244635278173,0.32806268779591097,0.0005445405552633092,0.008310360562109268,0.19698104837619201,0.00037475955876733325,0.012823067516086221,0.14127132726336983,0.00016779247335631383,0.003343795400536383,0.1472773643902493,0.0001473619090604163,0.003414071301366788,14.127132726336983
modena,lightgbm_3h,31.622776601683793,71,calibration,0.06635956174704688,6.421421821475808e-05,0.004063963282968432,0.34765759042031524,0.0008838833153305137,0.019952755282052422,0.18151382981188424,0.0003166339561530685,0.0114589679179438,0.3242013713599919,0.0005589928082088636,0.013666022914759232,0.33548757553100816,0.0009199952773652117,0.010889259014405343,0.3363277852260251,0.001095336512579242,0.01659262957338463,0.3050376304698449,0.0004895678495240792,0.007857075508582419,0.18151382981188424,0.0003166339561530685,0.0114589679179438,0.15827419593086228,0.00016083805486384855,0.0035387809895007522,0.1649355865134519,0.00013859995865555725,0.003606265799147102,15.827419593086228
modena,lightgbm_3h,35.48133892335757,72,calibration,0.05977241273388138,4.490033786930348e-05,0.0036522494676933196,0.32240790814232856,0.0008677843083536423,0.018114083137649627,0.16715571550808228,0.0003800227098469309,0.01021006150513793,0.3015892186244819,0.0006508485618915777,0.012311649758287432,0.31150737497166964,0.0008347171322299646,0.010220230577113434,0.31168450382668367,0.0006938280336623545,0.015639410501955175,0.2828689442146492,0.0004375475411532817,0.007306746430280797,0.16715571550808228,0.0003800227098469309,0.01021006150513793,0.1774385484313163,0.00010406192340721834,0.0037052861835666726,0.18480500170866748,0.00011947238464518042,0.0037675771446572196,17.74385484313163
modena,lightgbm_3h,39.810717055349734,73,calibration,0.053823156657746535,4.2000606089511964e-05,0.0032768395080394795,0.297928545719918,0.0006660315384058023,0.016182001489596996,0.1537600322481665,0.0003961035111725466,0.009200940459513723,0.27952419000916195,0.0006297604666060419,0.011126391696149629,0.28850730723787493,0.000531916394897881,0.009542915111172558,0.2882932487406735,0.0006202027142230131,0.014450089446335168,0.261602664791159,0.00042268883155850706,0.006764224106190838,0.1537600322481665,0.0003961035111725466,0.009200940459513723,0.19884977444995194,0.00013367936404582652,0.003832370688097474,0.20701495016409155,0.00017274421626363895,0.0039014734469153462,19.884977444995194
modena,lightgbm_3h,44.668359215096345,74,calibration,0.04842419051689032,4.1048402867633016e-05,0.0029291747230618037,0.2745701447206137,0.0007172542315002798,0.014337716679471134,0.1410202561019293,0.0003844724937133312,0.008381911529344036,0.2587497171877208,0.0005757423040720054,0.00966243157716436,0.2666851302984305,0.000750082198196675,0.008849651153639507,0.2660662842491087,0.0006442847606715328,0.013052540150058096,0.24141830651156057,0.0004969324439431202,0.0061956398706539744,0.1410202561019293,0.0003844724937133312,0.008381911529344036,0.2228996782657296,0.00012476360495900318,0.003943312021676181,0.23192643870566756,0.00019101168251334932,0.004032129531782472,22.28996782657296
modena,lightgbm_3h,50.11872336272725,75,calibration,0.04353734475064209,2.291701793350947e-05,0.002611057829690692,0.2524858843552719,0.0005595948794498721,0.012482928216550749,0.1288880269270133,0.00044476684489886835,0.0076383045184948775,0.23882048429597344,0.00048728748438281683,0.008805497572548211,0.24571333173895643,0.0004210185022293954,0.008215302654130747,0.24492656544484195,0.0006406039090499066,0.011670897481216675,0.2221668585524114,0.00039016913043548766,0.005659560897121251,0.1288880269270133,0.00044476684489886835,0.0076383045184948775,0.24982061673269682,0.00013240056616127527,0.004027170922641216,0.2598331203202856,0.00017676675264984874,0.004133629439244274,24.98206167326968
modena,lightgbm_3h,56.23413251903491,76,calibration,0.03910957739606868,3.6392236308837325e-05,0.0023386905744708255,0.23130782398475128,0.0006018252649890257,0.010776782369189171,0.11761682554733224,0.00033620185328739447,0.00679846466064784,0.22005769562722918,0.0004932435714887019,0.00795837066109017,0.2260007908505658,0.00034277575428989587,0.007607726969077572,0.2249948827389328,0.0007479531373927459,0.010582618444070048,0.20399560374976222,0.0003817708718150164,0.005233700419714356,0.11761682554733224,0.00033620185328739447,0.00679846466064784,0.2801521190276791,0.00019942500443541317,0.004192060903645496,0.2912470123153646,0.00023332909537717445,0.004340172508334765,28.015211902767913
modena,lightgbm_3h,63.095734448019364,77,calibration,0.03509039843641319,3.253552414494207e-05,0.002091343923445768,0.21153752892064687,0.0005186467137164093,0.008876739829822407,0.10711761806565118,0.0002934021537190791,0.006203102568567774,0.20236376121751162,0.00046200906049724696,0.007089415366385057,0.20738918017556773,0.0003455483582222978,0.006971312247552277,0.20635928245861815,0.0005899044271746422,0.009434069288347547,0.18695347416759905,0.0003409893537288196,0.004772349645539692,0.10711761806565118,0.0002934021537190791,0.006203102568567774,0.31435661984054913,0.000251028574695238,0.0043712756082941355,0.326595734612052,0.00030247017028281443,0.004546310556111511,31.435661984054914
modena,lightgbm_3h,70.79457843841381,78,calibration,0.03146067609409498,3.283064822012736e-05,0.0018661828667429154,0.1931597031189398,0.00035044856106783407,0.007146541475803749,0.09735396300619657,0.00025304793954936117,0.005668656176997462,0.1856405407321013,0.00043756104351882656,0.006236617985861688,0.18978133817042117,0.00036083790366217154,0.006300692154747263,0.18894133510024033,0.0005218091440169896,0.008265439549973648,0.17097537602557986,0.0003170849492286292,0.004248229834309075,0.09735396300619657,0.00025304793954936117,0.005668656176997462,0.3527755107015506,0.0003424285616463314,0.004522720079980235,0.36626880249111626,0.00037861913585333625,0.0046749530400746146,35.27755107015506
modena,lightgbm_3h,79.43282347242821,79,calibration,0.02819669207341998,1.9411833626458147e-05,0.0016698391050731544,0.17621611686934538,0.0003605649587783105,0.005913296843066457,0.08850342960580009,0.00018790047052057667,0.005268583845113435,0.16989619006799556,0.0003276555706390329,0.005329765998077727,0.1734049862556795,0.0003544983149554213,0.005777667200062396,0.17285535838813998,0.0004979631341771899,0.007143305376274521,0.15617521623739208,0.0002820944026089277,0.003776985521312178,0.08850342960580009,0.00018790047052057667,0.005268583845113435,0.3958272090762835,0.00025049919644232524,0.00462418893757472,0.410647949305606,0.0002670901773515445,0.004716174073233248,39.58272090762835
modena,lightgbm_3h,89.12509381337459,80,calibration,0.025248425452399404,1.6081371151785454e-05,0.0014868325006502528,0.16066792954830808,0.00037370598624911954,0.00500126166175518,0.08035621895691669,0.00018652600723911757,0.004821072741950561,0.1554273541476406,0.0002904997131564963,0.004592258298383136,0.1581320184809177,0.00029224850147036366,0.00501970949540122,0.15767807743917236,0.00036809014538932515,0.0060115949139331205,0.1424523197145911,0.00025706414212078903,0.003289559354984892,0.08035621895691669,0.00018652600723911757,0.004821072741950561,0.4444313610008289,0.00022880787877058292,0.004577410223357073,0.46065276464676436,0.00031168548479403697,0.0045896821673624575,44.44313610008289
modena,lightgbm_3h,100.0,81,calibration,0.02261948655667124,1.066733126862907e-05,0.0013195918843883813,0.14641653064522095,0.00031546762421414207,0.004260751366878485,0.07297080862643178,0.0001537197963421743,0.004456361561692147,0.1424010173199672,0.00024674069746740595,0.003932084798462286,0.1441918006268678,0.00018040901234584014,0.0042583314578117145,0.14395572260310405,0.00029218077080114216,0.005253705085647789,0.12998717596431839,0.00020395358676961135,0.0028451638578715494,0.07297080862643178,0.0001537197963421743,0.004456361561692147,0.4987880757917203,0.0002607672504286683,0.004345245194928217,0.5164148611751217,0.0003016580019382805,0.004325975213863948,49.87880757917203
modena,lightgbm_0h,0.0,0,calibration,0.6232552130688016,0.03748519707278006,0.01234179543170606,0.7481764215217129,0.04274327103862768,0.027658023556254706,0.8441240556522306,0.03168035756290706,0.013331653450240765,0.4335612945108683,0.03588398342880406,0.05563261173563971,0.26494525335982744,0.02809108374454311,0.062041174283922876,0.7686429810190708,0.040706124689897184,0.026029822700482663,0.611890001212742,0.03457538187750567,0.014206598421576651,0.26494525335982744,0.02809108374454311,0.062041174283922876,8.000475694120769e-07,7.283533417577405e-07,1.3066629203705018e-06,1.0672758431338717e-06,7.986259385368556e-07,1.1781516988134664e-06,8.000475694120769e-05
modena,lightgbm_0h,0.01,1,calibration,0.7745074873377208,0.012690377801194672,0.012804994315612658,0.9106180615481525,0.013089360691520419,0.015140908340997456,0.945488952469761,0.002505485655688329,0.013167938960485499,0.5937062964541107,0.014660107016784501,0.0641683741924186,0.41678345290050545,0.020897709767833464,0.07186871036889711,0.9256423303973393,0.012510668855094737,0.015019893006444171,0.7584478187539737,0.012322325924391595,0.016692284379144502,0.41678345290050545,0.020897709767833464,0.07186871036889711,5.0831077865755634e-05,2.9203204117394486e-06,1.9364079517997658e-05,6.0247905297335564e-05,5.132588755723284e-06,2.0027442020754563e-05,0.005083107786575563
modena,lightgbm_0h,0.011220184543019636,2,calibration,0.7790489746525703,0.013059704787694578,0.013347612400625293,0.9156501902535628,0.013853730604131673,0.014468951025681057,0.9452832226304919,0.0020178936086430233,0.01375611009155764,0.6002516359174866,0.01528345336495836,0.06381623137158478,0.4271039707160563,0.022108590052138274,0.07274850332124164,0.929668706521305,0.012343724352548154,0.014246085353054229,0.7635915452077804,0.012810753526533297,0.017233731210891202,0.4271039707160563,0.022108590052138274,0.07274850332124164,5.88310538524952e-05,2.881512742349223e-06,2.093554785338503e-05,6.965584739372868e-05,5.29467560089421e-06,2.266671687875295e-05,0.00588310538524952
modena,lightgbm_0h,0.012589254117941675,3,calibration,0.7828295555291443,0.012799280178089168,0.013532487872320443,0.9196899502165218,0.013343998445058161,0.013884030950373239,0.9451267695567889,0.001559981295007767,0.013967542738790533,0.6053921959164357,0.01556226845720691,0.06391211428597367,0.43589800703285697,0.023215704850354967,0.07320378459966455,0.9331454047845618,0.011651422926751127,0.013791462759617656,0.7678504655014332,0.012729706949759185,0.017550805806697118,0.43589800703285697,0.023215704850354967,0.07320378459966455,6.519189124572438e-05,4.27072578552718e-06,2.1328340731669194e-05,7.702871466686973e-05,6.642274732175335e-06,2.348820615876101e-05,0.006519189124572437
modena,lightgbm_0h,0.01412537544622754,4,calibration,0.786897101997942,0.012970845060026456,0.013402303408881308,0.9239989464254272,0.013284134248931417,0.013238242820374403,0.9450763571434292,0.0015975417367479325,0.01425137619004937,0.6116670315742895,0.01584874113100774,0.06327864539810767,0.4463591071631616,0.026039063352421187,0.07227771065624781,0.9367804769663841,0.011288372328732523,0.012723424422528443,0.7727763838545382,0.0131985136200472,0.01745453449640814,0.4463591071631616,0.026039063352421187,0.07227771065624781,7.471267645875629e-05,6.426073248717131e-06,2.332558571700893e-05,8.750337430123757e-05,8.868381413115855e-06,2.5394188420924745e-05,0.007471267645875629
modena,lightgbm_0h,0.015848931924611134,5,calibration,0.790780426568754,0.012621476294932472,0.013596584003842489,0.9280845359338488,0.012629479282633443,0.012685670336488873,0.9444644872853714,0.0016447884895058114,0.014924406928945685,0.6176086572464915,0.015124027963743963,0.06255371550138655,0.45602629630216374,0.026624969879492876,0.07377201427248062,0.9403303797294422,0.01088435369740244,0.01226595151506016,0.7773028712994635,0.013002531216693761,0.017738764257360106,0.45602629630216374,0.026624969879492876,0.07377201427248062,8.294010769217632e-05,8.29141018120103e-06,2.3694071239860176e-05,9.707755669340704e-05,9.75323258924611e-06,2.6146193815967202e-05,0.008294010769217632
modena,lightgbm_0h,0.01778279410038923,6,calibration,0.7952699577222684,0.012698144849474145,0.013577091389887655,0.9323396953709334,0.012310163111743478,0.012119915483064637,0.9442043810088616,0.0017393785068413993,0.015358440018774332,0.625045356605376,0.015244546403357128,0.062342797418595566,0.46763921270728404,0.02813938456196995,0.07238452403537532,0.9444658108847418,0.010672939635027802,0.012012316903365211,0.7827388913154393,0.013353980768623729,0.01769973927857761,0.46763921270728404,0.02813938456196995,0.07238452403537532,9.29952567655221e-05,1.0426141981208643e-05,2.5104274473211583e-05,0.0001086879892270916,1.194603863043097e-05,2.759677411489775e-05,0.009299525676552211
modena,lightgbm_0h,0.0199526231496888,7,calibration,0.7987240879820354,0.012458164227849351,0.013619561977832055,0.9357618026985333,0.011714825004398598,0.011607575081265507,0.943932325453418,0.0018532084042192482,0.01588434570040958,0.6307757043644026,0.015380471893308054,0.06200610135887115,0.47830337553287994,0.029605366560844733,0.07176488152544354,0.9471731334246165,0.009963391354589367,0.011483827660215018,0.7871892682947702,0.013418366916686042,0.017654475265969864,0.47830337553287994,0.029605366560844733,0.07176488152544354,0.00010331597571462423,1.0428331180727564e-05,2.6378277115925185e-05,0.00011983013888418525,1.1848020943202361e-05,2.8300514919160885e-05,0.010331597571462424
modena,lightgbm_0h,0.0223872113856834,8,calibration,0.8026838935834478,0.011476510639707917,0.013728170438227655,0.9397654755770831,0.010358317531263974,0.010922706230646274,0.943502864225852,0.0016916207669327623,0.016621029920063656,0.6377126294693287,0.01396194202237316,0.06159561102844264,0.49067337682805423,0.02941222256398979,0.07077905827201052,0.9503414319755287,0.008774080563378603,0.01086779589440291,0.7923991556151695,0.012578988353479367,0.01764350420699306,0.49067337682805423,0.02941222256398979,0.07077905827201052,0.00011633298238826923,1.0199503244795647e-05,2.8944960905964227e-05,0.0001349439066507542,1.1368414645593465e-05,3.167781633842404e-05,0.011633298238826922
modena,lightgbm_0h,0.025118864315095794,9,calibration,0.806374289870658,0.01047835290711305,0.013994787334927513,0.9435281165500977,0.009409044374356284,0.010985807955548788,0.9425952707022134,0.0015960516973141331,0.01723333069454339,0.6445914551083162,0.012410777920796591,0.06095917790228893,0.5019552064344989,0.027902298305582163,0.06977184274367262,0.9540883454548308,0.0076307789099553025,0.010092862027424489,0.7973516788499914,0.011478786723160796,0.01776922412333998,0.5019552064344989,0.027902298305582163,0.06977184274367262,0.0001314101247562836,7.801192069556506e-06,3.0524631802205586e-05,0.0001524919556885189,8.347908442270337e-06,3.3121524954397155e-05,0.01314101247562836
modena,lightgbm_0h,0.028183829312644536,10,calibration,0.8096924154000986,0.009921988484757406,0.01404909672950548,0.9473206795466769,0.008784130083349839,0.010553338220036483,0.9412736194992406,0.0013840980823352227,0.017155963101388418,0.6513346351798834,0.011926141687920952,0.060608213978499394,0.5140204094151949,0.02687318132902878,0.06940085536558692,0.9567179709090973,0.006951074497119202,0.010007016139651725,0.8021334629100187,0.01090175980873065,0.017834644671488296,0.5140204094151949,0.02687318132902878,0.06940085536558692,0.00014885285910320358,6.9626639260352764e-06,3.4145652910379664e-05,0.00017264248298162443,8.859792258998981e-06,3.695255849097984e-05,0.014885285910320357
modena,lightgbm_0h,0.03162277660168379,11,calibration,0.812804428327381,0.009089999227752903,0.014051897170141714,0.950591430718225,0.007223844341998473,0.010404840910770614,0.9401452285204105,0.0009431820867124478,0.017532139969186403,0.657903798092931,0.011829404922700994,0.05936155407896845,0.5251074984146473,0.02743624445652032,0.06940722415297079,0.959586081925005,0.006302943230387753,0.009129942694069283,0.8066668075342437,0.010444793458410474,0.017875001714818695,0.5251074984146473,0.02743624445652032,0.06940722415297079,0.0001661428074305983,1.1820493062570582e-05,3.498024222949221e-05,0.00019242585539117486,1.320006720113192e-05,3.831919134183172e-05,0.01661428074305983
modena,lightgbm_0h,0.03548133892335755,12,calibration,0.8161205253876612,0.007746013259976189,0.013858250911231941,0.954008161785292,0.005938502696953712,0.010139975841080343,0.939595633948268,0.001157227858689422,0.01825523264831667,0.6653190861979188,0.01013808495512109,0.057958839978493534,0.5381366512716824,0.024770992459890128,0.06859210744383579,0.9625405465233238,0.004890091834689476,0.008902630825160369,0.8119200159452972,0.009051038390087607,0.017505574022767992,0.5381366512716824,0.024770992459890128,0.06859210744383579,0.0001874252006207381,1.261965120080312e-05,3.7799260215111396e-05,0.00021554521674279457,1.4279476888343993e-05,4.1498801568111746e-05,0.01874252006207381
modena,lightgbm_0h,0.039810717055349734,13,calibration,0.8188831550639881,0.006920566149956133,0.013805320817537542,0.9574008134777704,0.005645871197024258,0.009762823143924135,0.9381914662361137,0.0017302903622655257,0.018682620884515656,0.672378281457678,0.009122948938743256,0.05656339689549493,0.5504856367300046,0.0228657299501605,0.06845330488146852,0.9649130501679123,0.004293852030454685,0.00865451207540632,0.8166738496138958,0.008181929620990153,0.01726436844866996,0.5504856367300046,0.0228657299501605,0.06845330488146852,0.00021202187388149138,1.2722749938732334e-05,4.199620149599448e-05,0.0002426346223192435,1.5035297714896409e-05,4.5307579382317986e-05,0.02120218738814914
modena,lightgbm_0h,0.0446683592150963,14,calibration,0.8211283198707844,0.005955722360371089,0.013706887624235577,0.9599600118401853,0.004692796288925636,0.009529932538747501,0.9369680974965261,0.0020077076165685706,0.018966727296320762,0.6784693663601058,0.008193743311168011,0.05581771852917738,0.562651176880799,0.02122778838037207,0.06788118500995995,0.966896932218377,0.003484613985768677,0.008438916436046905,0.8209891169591985,0.007195050544118141,0.017021389091447826,0.562651176880799,0.02122778838037207,0.06788118500995995,0.00023617009320712435,1.4053538920329675e-05,4.647463367748162e-05,0.0002694581346777055,1.6910725010307004e-05,4.96305863102557e-05,0.023617009320712434
modena,lightgbm_0h,0.05011872336272725,15,calibration,0.8227718124846876,0.005231265716102714,0.01366940771386779,0.9621926109381782,0.00412829903036272,0.009823303316875911,0.9347987559547016,0.002122605177296678,0.019378982282829343,0.6842695921412314,0.006949585861689454,0.05438554107439122,0.5744945013067441,0.019672091247323564,0.06680490217072682,0.9686916658821504,0.0029193416734399477,0.008574978211265296,0.8248894252446012,0.006414222744063534,0.016790667438519914,0.5744945013067441,0.019672091247323564,0.06680490217072682,0.00026395971639523716,1.5136892615231304e-05,5.151657509082456e-05,0.00030051596811111244,1.717437725556983e-05,5.447584016984063e-05,0.026395971639523716
modena,lightgbm_0h,0.05623413251903491,16,calibration,0.8245412434857406,0.004789327595201101,0.014094166146080661,0.9643837476761199,0.003665038202729887,0.009676561901584696,0.9325830611690882,0.002351182652678406,0.019488793134777912,0.6914278557823323,0.0058117586937558845,0.05404865769229791,0.5879855256657638,0.018612965554891957,0.06693209753489757,0.9705481556932534,0.002383179190000933,0.008740232195403248,0.8293856691973115,0.005789178886814265,0.01690073517740246,0.5879855256657638,0.018612965554891957,0.06693209753489757,0.00029784537626366154,1.3310814835324334e-05,5.768911316116337e-05,0.00033808111468520714,1.4530885452114028e-05,6.0272286754223904e-05,0.029784537626366153
modena,lightgbm_0h,0.06309573444801933,17,calibration,0.8253644844734914,0.004375531826522375,0.014464577678270214,0.9658437828073558,0.0026687760744340955,0.0097834409039269,0.9299882906610915,0.0031971718240059316,0.020016188014502563,0.6969119761230588,0.005146435917820352,0.053553944767811446,0.6006922778216723,0.017399660814309544,0.06608009970832956,0.9720094908987265,0.0021284282774454966,0.009051886928795539,0.8330891636623811,0.005155501530596768,0.016820743321181674,0.6006922778216723,0.017399660814309544,0.06608009970832956,0.0003344842523536355,1.2239237745284792e-05,6.0491887438806774e-05,0.0003789477926324572,1.5457964982490963e-05,6.341378100412007e-05,0.03344842523536355
modena,lightgbm_0h,0.0707945784384138,18,calibration,0.8259307897310073,0.004133520500791608,0.014976467026647131,0.9674385190604904,0.0022839195535861454,0.009937484928463814,0.9273932734312239,0.0031433277604162074,0.02005150247642938,0.7020850423589383,0.005507562290684677,0.05295351877676964,0.6146472500777881,0.01708888950727488,0.06679425861264997,0.9731678935858467,0.002096960069719048,0.009576051516805087,0.8369463957028576,0.004967055681972238,0.017175470301691458,0.6144805531036582,0.016824184310087063,0.06673008038772035,0.0003769356001429217,1.553477842671573e-05,6.388152993109448e-05,0.0004255851566826529,1.649360028059692e-05,6.833371678348616e-05,0.03769356001429217
modena,lightgbm_0h,0.07943282347242814,19,calibration,0.8260060742333427,0.003833580851795913,0.015391589733367675,0.9685880458645394,0.0019231328135558984,0.00990973215130782,0.9248429709122734,0.003297027240292616,0.019973269822700254,0.7069159076334589,0.004795971753069074,0.052793297200655516,0.627477465200222,0.014775679970607783,0.06690136994437404,0.9740410734837606,0.0019345244274541263,0.009893735508284906,0.840373092618851,0.004309320510624252,0.017393045422627464,0.6269381324252981,0.014262103341499755,0.06670164629147289,0.00042178972573320774,1.5600209000357724e-05,7.076572579915269e-05,0.00047419218991550776,1.743998016613881e-05,7.399897021457272e-05,0.042178972573320775
modena,lightgbm_0h,0.08912509381337459,20,calibration,0.825263336041208,0.0033864999337077303,0.015432104486970546,0.9694318723969558,0.0015346074125030143,0.010283787989978392,0.9217957869762459,0.0035941956009148805,0.019923894305528742,0.7108533717235798,0.0037355091929932435,0.051703830562184624,0.6385695959315293,0.012240868065722764,0.0667139484908218,0.97470172881587,0.0017868468426866315,0.01015735298021775,0.843070471168836,0.0035094957582127804,0.017454997035931744,0.6372996019841254,0.011451685665803422,0.066269547780651,0.0004704666373321046,1.6350395437944313e-05,7.512323476754818e-05,0.000527866896598154,1.80122728530614e-05,7.804759157604899e-05,0.04704666373321046
modena,lightgbm_0h,0.1,21,calibration,0.8237346121712134,0.003391503770395838,0.015694498685594624,0.9701128237322955,0.0013662317161765578,0.010383984011582217,0.9183076405586242,0.0043992137842392975,0.020330133589848802,0.7145692413434094,0.0033263192228157952,0.050701665701011436,0.6510079732035888,0.010618777521121,0.06554223628401286,0.9751868463670035,0.001830087224744704,0.010516570384757958,0.8458369050409843,0.0032269602345474904,0.017320861960940903,0.6487660244920715,0.009571946014642344,0.06493777694312441,0.0005322061815361084,1.6518754834600817e-05,8.29189480573459e-05,0.0005943874883175868,1.924583295800819e-05,8.603423176420338e-05,0.053220618153610844
modena,lightgbm_0h,0.11220184543019636,22,calibration,0.8220113469513609,0.0032001265772845446,0.015665503522122412,0.9707116708091473,0.0013020925338301434,0.010656014553590823,0.9141549764206283,0.005145424449591441,0.02096447727001031,0.7185250802526535,0.0035187922196125783,0.049778831612478126,0.6629449747063821,0.010285136630052856,0.06462849547184546,0.9756292620739975,0.0019606019656503884,0.010723110137440739,0.8483931928525618,0.003259409757789823,0.017130073692215742,0.6593749607103863,0.009319365237386546,0.06383994130468534,0.0005965453493095339,1.7828091910879667e-05,8.982519206025117e-05,0.0006641750280827278,1.9364327578759694e-05,9.22730288617454e-05,0.059654534930953386
modena,lightgbm_0h,0.12589254117941676,23,calibration,0.8194458853736225,0.0028173554799370082,0.015619282439907865,0.9709130197833497,0.001371111735157936,0.010825092233337724,0.9090243076098454,0.005510779505881989,0.02106595970980057,0.7222929166881469,0.003496092549767156,0.048971662071515674,0.6739235268817432,0.0087487127614074,0.06374129504402593,0.9756098839691071,0.0017780812012485605,0.010524744139478522,0.8503527309864386,0.0030501255543778786,0.016804306119110417,0.6690565084445799,0.008168330729795536,0.06282776223877094,0.0006670807086819566,1.7212112735534013e-05,9.351812137077271e-05,0.000742102323460248,2.042223203108651e-05,9.624875087740513e-05,0.06670807086819566
modena,lightgbm_0h,0.14125375446227548,24,calibration,0.8163162207621676,0.0024955842658686855,0.015592109853828338,0.97123292420879,0.0012599214453365107,0.010718087569852564,0.904227127942401,0.005736025358746482,0.021696467335548267,0.7257298285704779,0.003421838657782249,0.04843767017788135,0.6845286554027429,0.008239124348346172,0.06327553245719082,0.975584758162033,0.0016403548106581534,0.010582101251069783,0.8522606588572891,0.0029674564327951333,0.016620943978977648,0.6783301808752532,0.007759020711404332,0.06253085264213476,0.0007470058050680563,1.426468599443384e-05,9.693083350877849e-05,0.0008284005863035144,1.5139674986397329e-05,9.840747495632985e-05,0.07470058050680563
modena,lightgbm_0h,0.15848931924611143,25,calibration,0.812626728787023,0.002395023113466596,0.01570767753369821,0.9711196770962075,0.0013481754071982832,0.011106108433456458,0.8989991574928029,0.006541841322315235,0.022348698427499716,0.7289320542359622,0.0032374766138781527,0.047569041603519234,0.6943128839725897,0.006629023237349403,0.06155256711561753,0.9757629872689592,0.0014352088120180029,0.010586926731580074,0.853825352013304,0.002769301140135233,0.0165869757869198,0.6873581143844374,0.006070306402386881,0.06125670479681161,0.0008332319658620969,1.2740143176016629e-05,0.00010271525370184452,0.0009216719178653499,1.8981905812107803e-05,0.00010444800255355959,0.0833231965862097
modena,lightgbm_0h,0.1778279410038923,26,calibration,0.8081530317420554,0.0021569992425875223,0.015711232387627803,0.971114090496174,0.0009489580578388969,0.011665081999358262,0.8926418973567494,0.007475281354931127,0.02268546014834367,0.7318405723133771,0.002983945063632299,0.04700410696774154,0.7039133549688665,0.006154585512771263,0.06120867683127572,0.9759249118670613,0.0012857095949143406,0.010282760947782053,0.8550869654004456,0.0026772147163993303,0.016473539423393933,0.6957482262415664,0.0052992811374875624,0.06103875800285458,0.0009314367259505505,1.5569087681043652e-05,0.00010273988759936492,0.0010284516569942937,2.0499633783402107e-05,0.00010196840239615584,0.09314367259505506
modena,lightgbm_0h,0.19952623149688797,27,calibration,0.8028113273499973,0.0023228260023185,0.015749499680624935,0.9710445973655818,0.0008376287743169745,0.01198079285512544,0.8858989985406411,0.00925078494903778,0.023710454841883454,0.7345768217634832,0.002634826562165635,0.04678536784392534,0.7127238161914059,0.005759977256128141,0.05931044786346671,0.9759689211176352,0.0014253913316087346,0.010170509481014481,0.8560426309957495,0.00282549803038221,0.016135619143710884,0.7025126988239223,0.004700141466093019,0.059462011847358616,0.001042196096745956,2.107673670047859e-05,0.00011332017124132503,0.0011477443317116586,2.66522163325699e-05,0.00011045828890019751,0.1042196096745956
modena,lightgbm_0h,0.223872113856834,28,calibration,0.7972256421757996,0.0022139476976342025,0.015767140354036955,0.9706639224754415,0.0006496249173292405,0.011997037775788182,0.8791750430074086,0.01173048405518263,0.02434549531604825,0.7374533258695368,0.0023421659676832775,0.04594373688536119,0.7213785045636654,0.005288862861183006,0.05806555918422488,0.9753428567905948,0.0011817096380558993,0.010368523647954198,0.8568027305413294,0.003024058869714935,0.016063509336559947,0.7088928373968252,0.003661512938847897,0.057698082895530474,0.0011557440166982762,2.1258458056258165e-05,0.00011712135040048344,0.0012716034629951705,2.8619167406007437e-05,0.00011307007230267035,0.11557440166982762
modena,lightgbm_0h,0.25118864315095807,29,calibration,0.7900511830031942,0.0025166391320167623,0.01600024226900542,0.9701825099259387,0.00044347036075330056,0.011860864091534333,0.870636666263857,0.012989255589085102,0.02562650866100976,0.7400093897098543,0.0024738595112513083,0.04518408347523154,0.729754683411132,0.0047323670145050945,0.05648864251695813,0.9745939786546548,0.001243836889431853,0.010399152057947725,0.8570354455930874,0.003058364305518386,0.016035839885632626,0.7146959522116197,0.0034613066428239576,0.05527437367660514,0.0012945122484598268,2.5679899931233455e-05,0.000122477600103737,0.0014242167734100054,3.5452200109539696e-05,0.00011835973498056303,0.12945122484598268
modena,lightgbm_0h,0.2818382931264455,30,calibration,0.7817746688874595,0.0026640424230367707,0.01665926491777147,0.9696181888610537,0.0006066012122163161,0.012007920081263727,0.861085051232513,0.013954120062628687,0.026330325837688674,0.7420202401557483,0.0023302349072780743,0.04457141063278126,0.736884988407329,0.004598535662355639,0.0563844483624359,0.9733929932501061,0.001456747509455313,0.010620159000312941,0.8566002923813499,0.003328339230356378,0.016200990652719245,0.7187116840180386,0.003066811934121994,0.054104666636422494,0.0014487143638657403,2.3224795286881573e-05,0.000128160161303995,0.001593214093108474,3.477360553583192e-05,0.00012591964919972168,0.14487143638657404
modena,lightgbm_0h,0.31622776601683794,31,calibration,0.7726436460196147,0.002866823691966111,0.017222422754597146,0.9688233148057257,0.000627899012885014,0.012308549768455034,0.8511146711843659,0.01509883651613092,0.02700120590057317,0.7438698741435662,0.0022511791646893414,0.042919916593287595,0.743671269674394,0.004881104114022329,0.05472920994700673,0.972229227458443,0.0014162651833233614,0.010869052089993638,0.8559416714532991,0.0036561513937330395,0.01596483237644597,0.7230226923851385,0.0029817688184322426,0.05137093971785708,0.0016192517759452787,1.9923863952292952e-05,0.0001427087270265707,0.0017799946504213724,3.6533857324455654e-05,0.00014027845876196632,0.16192517759452787
modena,lightgbm_0h,0.35481338923357547,32,calibration,0.7632722376538861,0.0029464480682353275,0.01737517842175807,0.9682427064953933,0.0007223409266253132,0.012339225186587269,0.841750823886794,0.01600146095285425,0.028129769711634726,0.7459574207341835,0.0018603360476342136,0.042158957498825304,0.7511270179825676,0.00504029128434014,0.052892635808812004,0.9705332774008724,0.001182582570261677,0.011187147544023729,0.855522249299962,0.0037306660078277472,0.0158310957247196,0.727037458752213,0.0034331364439349863,0.04899435141978468,0.001803710764400468,2.4220740911928132e-05,0.00015802276285461386,0.001979010835867188,4.489541101489643e-05,0.00015363358173498004,0.1803710764400468
modena,lightgbm_0h,0.3981071705534973,33,calibration,0.7523770899695841,0.002883818638647367,0.017679810567073195,0.9671170366539649,0.0008888611687377518,0.012248387794244376,0.8305453005038069,0.01650322435243831,0.029484494394170137,0.7479237060531339,0.0019362191219426917,0.04137790287127336,0.7573218489421886,0.004269693468746648,0.0511907322145421,0.968785885125616,0.0012793000557279088,0.011613735029578114,0.8543387554557421,0.0038072061332584347,0.015783277082173364,0.7307287905487085,0.002996549539443241,0.04676019477362123,0.0020148152664733383,2.1665919201125355e-05,0.00017204278724422024,0.0022088514040051617,4.318410241205784e-05,0.0001669747361862467,0.20148152664733382
modena,lightgbm_0h,0.44668359215096326,34,calibration,0.7398295097124596,0.0030300955710456643,0.01789814816654331,0.9655249144606841,0.0009093210161436405,0.012790052276558926,0.8193694752797431,0.01689794223031908,0.03025172690460858,0.7493521675171468,0.0018833175896030088,0.040621740222739275,0.7617059706255941,0.00416690456858752,0.04952314703652936,0.9664070657047428,0.0013871496257794925,0.011584040307763312,0.8524719187175822,0.003935677302255232,0.015545908610936814,0.7329562776480685,0.003431411134131667,0.044943789896797405,0.0022565706932348804,2.7159679581481155e-05,0.00018783425827404463,0.002471749410543985,4.731696823095717e-05,0.00018233822875478016,0.22565706932348803
modena,lightgbm_0h,0.5011872336272725,35,calibration,0.7264571500819169,0.0025622601097260818,0.018135712713067173,0.9636457849414476,0.0007366586435253017,0.013033788269133784,0.8072029449593352,0.017042567276692636,0.030455044284153434,0.7508360520500047,0.0019394029179792118,0.039216249741422786,0.7666304736302679,0.0035765602867314284,0.047479061788341916,0.9636639642660446,0.0009851875349665337,0.011533317412429748,0.8503958439694198,0.003853195234198103,0.015187013538050857,0.7353741238800541,0.00407462204402296,0.0415097952087165,0.0025240370785942824,2.4391860760462446e-05,0.00020855636883540112,0.0027621344245222315,4.004367649711565e-05,0.000200342812400559,0.25240370785942823
modena,lightgbm_0h,0.5623413251903491,36,calibration,0.7116040583045274,0.002626680611873087,0.018225828713225756,0.9612411485894753,0.001035279955991548,0.013125030944899311,0.795256328266457,0.016660288508254344,0.030413010920729008,0.750993638102295,0.0023550036925939805,0.03781566589804123,0.7713670346358439,0.003422837760533697,0.04563898352962001,0.9607868758905049,0.0012041995149347292,0.011320944534179134,0.8479290050969153,0.003550306426380522,0.014775511598667836,0.7361695701822227,0.004308134534562848,0.03814875905321625,0.002830919333638343,2.8704050294790053e-05,0.00023013459926386924,0.003090982327000383,4.465032588973269e-05,0.00021876589646015827,0.2830919333638343
modena,lightgbm_0h,0.6309573444801934,37,calibration,0.6951538929786752,0.0022669422519215497,0.01863872234843928,0.9582792127174184,0.001137946728185168,0.013536069854741655,0.7823828145459654,0.01659007429186597,0.031498752070868954,0.7512932831142208,0.0022734202725239712,0.03710258062852062,0.7747257313612628,0.0029027234332922778,0.04456465851150175,0.957194710390236,0.001052185095724934,0.01107968271683056,0.8447751504258204,0.0035217213625323373,0.014517061482925744,0.7346942684402392,0.005852899990239041,0.03416396093881752,0.0031822416298823335,2.397969245179191e-05,0.0002591605124073517,0.0034674039018862926,4.068269090253534e-05,0.0002461481583507252,0.31822416298823336
modena,lightgbm_0h,0.707945784384138,38,calibration,0.6776189515179739,0.0025297951652487986,0.019195710068245494,0.9550690942784161,0.001277478879569242,0.013680634496795815,0.7689034572610326,0.01637440673450923,0.03214087357087023,0.751540430715822,0.0020705009925036763,0.03609650753049957,0.7771855598670503,0.0032296989720315217,0.043779827377842674,0.9529927794192338,0.0014369522487117565,0.01164475631964497,0.8411382643083111,0.003533631124729592,0.014812166612751339,0.732184171852941,0.006880427939344627,0.029147494709282528,0.0035754357770299357,2.958938794740403e-05,0.000286573858918047,0.0038886305938015484,4.9638541145906075e-05,0.0002717948371265405,0.35754357770299355
modena,lightgbm_0h,0.7943282347242817,39,calibration,0.6590730837532843,0.002290730385136621,0.019610157594099793,0.9510304261266049,0.0013274544371147784,0.014287526593501463,0.7552141181795379,0.014917146770454786,0.03169458533320517,0.7504227683364715,0.0021493484027176714,0.03514838301065078,0.7791027196905699,0.0034469309328554365,0.04252321520794893,0.9487998539285448,0.001283534507237556,0.012497671140109879,0.8369139772523458,0.003291538828491994,0.014563359894414171,0.7273736626135385,0.006846282415515128,0.023125827105143083,0.0040100600484295305,2.9196185833641637e-05,0.0003140329392089361,0.004354388365451073,4.8705292460551974e-05,0.00030016227252948686,0.40100600484295307
modena,lightgbm_0h,0.8912509381337459,40,calibration,0.6399010592681448,0.0018287518821339381,0.01987836713584084,0.9462443764793456,0.0016096281530488246,0.01482977354537822,0.741785162860847,0.014324996927463153,0.03154716029431834,0.7497571249349312,0.0018372742463004235,0.03451703134617086,0.7808885564272767,0.0035850632590232684,0.041559306803166114,0.9436010358083333,0.0012122881789023488,0.01287470642725189,0.8324552513021469,0.003137733844338105,0.014427719849720707,0.721255619683922,0.0078303354458937,0.018841949227738262,0.004488500906433458,1.3613540206055747e-05,0.000341711906173705,0.004864241661671087,3.8138422144899454e-05,0.0003274152837670266,0.4488500906433458
modena,lightgbm_0h,1.0,41,calibration,0.619380863049381,0.0015435569146147814,0.02032299211119922,0.940964816730069,0.001659293132365496,0.015320157193834835,0.7272204991854332,0.012833848583423058,0.033136764253070175,0.7481545243784452,0.0019719417964660963,0.03404422038975132,0.7829920608843156,0.003554514126169975,0.03906638256586373,0.937991066470998,0.000871364534476955,0.013866779750032403,0.8274645935298521,0.002777510017522903,0.014289538914292653,0.7131934991837734,0.00813951330347915,0.019700268019471497,0.005036186893478992,2.0003873856536528e-05,0.0003717339844750392,0.00544522040542879,3.5382965657933995e-05,0.0003550160276450369,0.5036186893478992
modena,lightgbm_0h,1.1220184543019642,42,calibration,0.5972716348365272,0.001465088654947488,0.020899252197578863,0.9351078606511878,0.0013960864679615592,0.015704160592927938,0.712882355715402,0.011659435555321207,0.033780919098432054,0.7466234070863564,0.0018688161397102739,0.03313457615691862,0.7837399721299679,0.0037717038654991116,0.037198502826974435,0.9314471626861944,0.0012937484246580634,0.014261527804401364,0.8219601516538219,0.002732186580516645,0.014166991996214554,0.7049638663804013,0.00836557198538795,0.023129153535953715,0.005672664921732947,3.536739889066298e-05,0.0004060269682405401,0.006114102380763302,4.0899379129441196e-05,0.00039436339786135335,0.5672664921732947
modena,lightgbm_0h,1.2589254117941675,43,calibration,0.5747970069482412,0.001597630768112829,0.020584082295518204,0.9285272703119766,0.0013790727883001147,0.01562562950394841,0.6976438150807655,0.010233022829956898,0.03479717048893435,0.7445099256316664,0.0012224823322521104,0.03283569664395465,0.7833796300356876,0.002707402577228183,0.03437884625515473,0.9240338720670321,0.0013388323820873928,0.014279924075246352,0.8156189026254258,0.002152181408428035,0.014144783416368982,0.6941315147414694,0.008311345481920609,0.02880407787435783,0.006363436109966369,4.36106228373885e-05,0.000422601787123491,0.006842781670688275,4.917920916287258e-05,0.0004117673416370698,0.6363436109966368
modena,lightgbm_0h,1.412537544622754,44,calibration,0.5514208688680853,0.0013231283846449116,0.020490173253147243,0.9208935342918692,0.0015524824570168582,0.016329248638982517,0.6824428756066261,0.009059377191238534,0.035383348856668335,0.7414789558526221,0.0014527215848126767,0.032371453527196385,0.7816147078819883,0.002651523800053165,0.03237840541754278,0.9159226706167494,0.001323695202350006,0.01456301495614688,0.808470548849971,0.002048173227838792,0.013990479637402839,0.6813411730227171,0.008046203897043195,0.03340259544406893,0.007138618357924545,3.955020492388407e-05,0.0004552485715686681,0.007658863485609786,4.246560962365146e-05,0.0004385018254011822,0.7138618357924545
modena,lightgbm_0h,1.584893192461114,45,calibration,0.527273024828494,0.0013435676652650982,0.02037151345552164,0.9124869005419433,0.0012945613069606835,0.017067626200320724,0.6667372361327843,0.0077509817359453885,0.03552334748752394,0.7370581387511613,0.002105241400785153,0.031933355809222394,0.779065927856306,0.0030621600683729674,0.030864535126642074,0.9067841029372586,0.001834484966107103,0.015090649956663331,0.8004264612438907,0.001840505132522348,0.013804825251967173,0.6667107253155158,0.00771198577697237,0.035475073314730016,0.008010424525154478,3.327084130130059e-05,0.000496389618233298,0.008574791938791513,4.477547387977067e-05,0.0004784254859451148,0.8010424525154478
modena,lightgbm_0h,1.7782794100389228,46,calibration,0.5023931940320142,0.0013504730314825755,0.02024155057739948,0.9025824948645237,0.0014927521205855142,0.01899358184377801,0.650713862767687,0.0065471544757411855,0.03472992201169813,0.7316702637685512,0.0021220932293241437,0.031738721007058976,0.7753955124321921,0.002371958476835076,0.029046990835047613,0.8975853039883798,0.001353049959262258,0.015198673065009384,0.7915894875642667,0.0016186601817905133,0.013459314802372583,0.650713862767687,0.0065471544757411855,0.03472992201169813,0.008999239016418272,4.639967445479538e-05,0.0005482374287030135,0.00961087998938258,4.95260942876836e-05,0.0005298379980092395,0.8999239016418272
modena,lightgbm_0h,1.9952623149688808,47,calibration,0.4770799042146581,0.000872209475639015,0.020238195037170156,0.8922091525679614,0.0014506598638026151,0.02022730592973454,0.6346809007683801,0.00575737914287211,0.03454274371694447,0.7250459948770049,0.0015361398623610653,0.03132821481525744,0.7692222557043968,0.0022470594834199274,0.028159707392000473,0.8873551024266606,0.001483733787129772,0.015494589182128995,0.7817026812688809,0.00150086541324817,0.013350452490662967,0.6346809007683801,0.00575737914287211,0.03454274371694447,0.010108602558689122,3.1003748436404094e-05,0.000610977083533757,0.010771262491856904,3.815840413052236e-05,0.0005908842916486754,1.0108602558689121
modena,lightgbm_0h,2.23872113856834,48,calibration,0.4516308932682979,0.0006991569220327925,0.019946862814011677,0.8813005540895147,0.001267788904643539,0.021912434338168786,0.6175514493051135,0.004947149689177552,0.03433037520666204,0.7178641634669941,0.0016851214277124268,0.03057629940199512,0.7630568167152006,0.0015789514726413127,0.028282104424654595,0.8758671828411657,0.0012762689134717862,0.015213653660626979,0.7711280332835977,0.0011543526813453308,0.013274451195113179,0.6175514493051135,0.004947149689177552,0.03433037520666204,0.011355696582837131,3.45746891792725e-05,0.0006651564594327687,0.012071385431740534,3.269524780688953e-05,0.0006404835062226798,1.1355696582837131
modena,lightgbm_0h,2.5118864315095824,49,calibration,0.42602553977310714,0.0005866499303478528,0.019499487931368263,0.8686655275376226,0.0011219384221179086,0.02329894712859665,0.6011795092879575,0.004236301065401659,0.03424179014564675,0.710309362645085,0.0010907040340996878,0.029953401921795776,0.7545070445134668,0.0014439865643237268,0.02793020357554744,0.8628012668341287,0.0014886208716807885,0.015057462615435835,0.7594925421636521,0.0010436683743601765,0.013321669151454977,0.6011795092879575,0.004236301065401659,0.03424179014564675,0.012763785446450321,2.7845162803951413e-05,0.0007216883881308808,0.01353882828147035,3.148219462124354e-05,0.0006966732610586909,1.276378544645032
modena,lightgbm_0h,2.818382931264455,50,calibration,0.4010552301235091,0.0007201558379977896,0.018999898591881212,0.8547163615909338,0.0013174794174639157,0.024114164148703827,0.5840205226852199,0.0035649104475040895,0.03366865538032616,0.7017168604620163,0.00127636041468968,0.029294402399925992,0.7450877593756788,0.0014169046889003333,0.027063559787590778,0.848223715203683,0.0015211315112763665,0.014975515774859996,0.7467530438635065,0.0012378486169622737,0.013100688000453905,0.5840205226852199,0.0035649104475040895,0.03366865538032616,0.014309296907579422,3.331864834597399e-05,0.000775800534714527,0.015157211791631441,4.3074291509492856e-05,0.0007467977042583931,1.4309296907579423
modena,lightgbm_0h,3.1622776601683795,51,calibration,0.3764237455364281,0.0006643692120726222,0.018712815790662186,0.8400652773260376,0.0015221136937941223,0.025181653490021175,0.5663819386004795,0.0033911622268146735,0.033363237729173975,0.6922449845731151,0.0017798131628974513,0.02857615822203818,0.7343557314711107,0.001526547472995668,0.026541680611898714,0.8323061822891636,0.0008427943391660235,0.015086494959685764,0.7330708228519812,0.0010120359282798606,0.012685655882772992,0.5663819386004795,0.0033911622268146735,0.033363237729173975,0.016042648762818846,4.077830102950348e-05,0.0008365676125168763,0.016968924638739103,4.872541554116451e-05,0.0008039154974282909,1.6042648762818845
modena,lightgbm_0h,3.548133892335757,52,calibration,0.35205150388327655,0.0005859817410349391,0.018287464795657064,0.8235908115519419,0.0015168584000350464,0.026456382533536358,0.5487786925531997,0.0020756955487196333,0.032626276637938455,0.6806858555327239,0.0017977999361315372,0.026806315290551015,0.7239394693402096,0.0012161707003628943,0.026696612159419292,0.8146213092918997,0.0013237135005435185,0.016141902091438346,0.7183232276539949,0.000775848345705509,0.012475367118190663,0.5487786925531997,0.0020756955487196333,0.032626276637938455,0.018006412216919156,4.590070597286355e-05,0.0009121063000341333,0.01901819702427132,5.4153299036919096e-05,0.0008795900364188193,1.8006412216919156
modena,lightgbm_0h,3.981071705534973,53,calibration,0.32841429140562567,0.0006480530942526372,0.01747961680831972,0.8061136485150265,0.0008028925240157771,0.026571460896324114,0.5303562597842751,0.0018685541335903121,0.03227572272330692,0.667357528275913,0.0015412562598926926,0.025424023122048153,0.7125344789094649,0.0013093700631325988,0.02668211261060159,0.7966155677624528,0.0012103787187238352,0.017231479835554064,0.7025954966494266,0.0006611364791314723,0.011991009665887606,0.5303562597842751,0.0018685541335903121,0.03227572272330692,0.0201940740610978,6.693548244626479e-05,0.0009681883684201009,0.0212986584581632,6.596931370689639e-05,0.0009423009780851608,2.0194074061097798
modena,lightgbm_0h,4.4668359215096345,54,calibration,0.3052058259554452,0.00043143307301019766,0.01671251345390417,0.7877044136077832,0.001385828340101706,0.027265869521391446,0.5105679157129436,0.001410192509042486,0.03177415457507691,0.6536962933413109,0.0015015022758479058,0.024166734962691453,0.6982181211858955,0.0021100823319508064,0.026816513408831077,0.7772528613427223,0.0010558148208659364,0.017676615222016922,0.685487921038131,0.0009141133886416702,0.011987117568490266,0.5105679157129436,0.001410192509042486,0.03177415457507691,0.02267587898232312,5.123311518158457e-05,0.0010430612739844773,0.023884558491594418,5.58492036762144e-05,0.001026549165740847,2.267587898232312
modena,lightgbm_0h,5.011872336272725,55,calibration,0.2831649657699342,0.00039609790178531736,0.015782444288249264,0.7674978038965654,0.0015578762819084728,0.027110704993524096,0.4909612912168441,0.0011902586259191694,0.0316897798936371,0.6379516527378561,0.0013413807012878428,0.024062472780914602,0.6831486890674526,0.0024352210745828646,0.027027918850712086,0.7568199885005414,0.0012240951087592968,0.0185078125122603,0.6672758850838518,0.0009203571382035133,0.012069803001230481,0.4909612912168441,0.0011902586259191694,0.0316897798936371,0.02540215303987244,4.925198667347424e-05,0.001097949747155031,0.02673070146926342,4.935703451172454e-05,0.0010964989722182835,2.5402153039872437
modena,lightgbm_0h,5.623413251903491,56,calibration,0.26178193772907143,0.00045098634882206575,0.014916547425521225,0.7463731180454044,0.0011856050896848248,0.026778472571182398,0.4703626588431296,0.0014838619530110875,0.029872070724246018,0.6202037737332298,0.0018796248435979904,0.02405373273501256,0.6665906695362185,0.002817102112503191,0.026866118441617123,0.7354636782173928,0.0010699249531066501,0.01939535980480238,0.6477987796750748,0.0009053949412509153,0.01187733325123139,0.4703626588431296,0.0014838619530110875,0.029872070724246018,0.02849264385932339,6.617121529885652e-05,0.0011782518154718458,0.029956445516525987,6.444634932422032e-05,0.001189192711545691,2.8492643859323388
modena,lightgbm_0h,6.309573444801936,57,calibration,0.2415782256399089,0.00036190548930017567,0.013794570901083433,0.7237890497001536,0.0011617292814695432,0.025821263502786237,0.4497408400960248,0.001202110763949142,0.028588045864062012,0.6021677868016757,0.0013002509405287976,0.0231043444345144,0.6480798053844553,0.0021136546246040624,0.027464581128112904,0.7126104562557143,0.0010814892473317232,0.01981188322090262,0.6272775876476048,0.0006407270308257672,0.011809163692844613,0.4497408400960248,0.001202110763949142,0.028588045864062012,0.03191514913591856,6.682081640548931e-05,0.001233071280187792,0.033532112176232746,5.8764047115108624e-05,0.0012522874290792092,3.1915149135918557
modena,lightgbm_0h,7.07945784384138,58,calibration,0.22209465880883297,0.0004092970833381958,0.012808142347670914,0.6993061579456811,0.0015950125429122514,0.02542939435010347,0.4288926200095775,0.0014327983414364393,0.026899167996958906,0.5828342647436219,0.001222826449954675,0.022463798059216847,0.627783569397306,0.0014706072165955103,0.026226052857469147,0.6883991424061776,0.001597929113987743,0.020072951440403497,0.6054431509004728,0.0005566867335104735,0.011609196156605415,0.4288926200095775,0.0014327983414364393,0.026899167996958906,0.03581362874860608,9.37833436438168e-05,0.0013195482614318584,0.03760332882475695,8.668457224052608e-05,0.001340942289102434,3.581362874860608
modena,lightgbm_0h,7.943282347242821,59,calibration,0.20373622026518046,0.0003934220979474361,0.012050701926719946,0.6733632109529561,0.0015716544065268471,0.02558949288084359,0.40809702730840447,0.001804955593681084,0.025378298308634455,0.5623817628615488,0.0013722318448113862,0.02204234678873085,0.6067730086913061,0.0011040832137371199,0.02515437690604599,0.6638783747139309,0.0015842534558010704,0.020545090195243827,0.5828986769056291,0.0008573148233521802,0.011405646770808806,0.40809702730840447,0.001804955593681084,0.025378298308634455,0.04019185864581176,9.247849503716547e-05,0.0014015463219483775,0.042170839472618765,0.00010082844299937106,0.0014288395500705025,4.019185864581177
modena,lightgbm_0h,8.91250938133746,60,calibration,0.1864238687593682,0.00028571619284507486,0.011178841363670101,0.646796918458395,0.0011750695274829902,0.02539086777016382,0.38734923408354816,0.0013276177629906478,0.024060023318893408,0.5405535130152107,0.001154438544909525,0.021533519548102738,0.5840681066852867,0.001510692315410818,0.023406205902639782,0.6376187655387959,0.001753451153005854,0.021452232652398314,0.5592773075562473,0.0007350439788344093,0.011485677728973664,0.38734923408354816,0.0013276177629906478,0.024060023318893408,0.045108290043989425,8.527306840645428e-05,0.0014938654774422741,0.04730592939047805,8.813182431130075e-05,0.0015364359998613147,4.510829004398943
modena,lightgbm_0h,10.0,61,calibration,0.1703626706676792,0.00019507521802491958,0.010465347907960623,0.6190214338525675,0.0015301129944325586,0.024448840141424226,0.3663974947584277,0.001492386861679362,0.02266532419899609,0.518137521875939,0.0010877815317962857,0.02080277345846488,0.5611227284283411,0.0019099444023784797,0.022619268058381388,0.6106563373647412,0.0014910894481904502,0.02188577870152137,0.5350671032560033,0.0009220811197424501,0.011599154941638271,0.3663974947584277,0.001492386861679362,0.02266532419899609,0.0505840846965817,5.5201152791137905e-05,0.0016288922445770345,0.05302913331403291,6.453295623331165e-05,0.001677229109845697,5.05840846965817
modena,lightgbm_0h,11.220184543019641,62,calibration,0.1553299734103538,0.0001891095460871579,0.00966857211237616,0.5904342289979503,0.001204277769078328,0.023487588174327025,0.3458731929489392,0.0016166293641270944,0.021044335781863786,0.4950618458098011,0.0009403988605513249,0.020161554421317198,0.5367493997998872,0.0019760837274520964,0.021788791598532805,0.5828405371939103,0.0014315649768358368,0.021478894341404955,0.5101918409500975,0.0008560724690066772,0.011093638516184818,0.3458731929489392,0.0016166293641270944,0.021044335781863786,0.05673192427513051,6.560091038583103e-05,0.0017513573693197799,0.05945336809345101,8.872488972772369e-05,0.0017837383056234953,5.673192427513051
modena,lightgbm_0h,12.589254117941675,63,calibration,0.1414848857885566,0.00012358716426822384,0.008840013705702006,0.5617919286955029,0.0011288160806352423,0.022309636193643467,0.32575720574572653,0.0007365443323992802,0.019648619129476977,0.4723897146259326,0.00100165523568272,0.019103823222079402,0.512428796420234,0.0010955867751396072,0.019774647671656362,0.554525644573348,0.001360201605871912,0.021728156496431016,0.48537865801214886,0.0006201476749447809,0.011017559416142601,0.32575720574572653,0.0007365443323992802,0.019648619129476977,0.06358911896230728,6.551854229270558e-05,0.0018823641730631854,0.0666089085891695,6.641804260210679e-05,0.0019275686857462468,6.358911896230728
modena,lightgbm_0h,14.125375446227554,64,calibration,0.12871184138292607,0.00015864254608161343,0.008090135807653038,0.5332799563877978,0.0011361048385243617,0.020640737294829646,0.30606152793008606,0.000807406086883432,0.01792702815010926,0.4493273869955159,0.0011268189248279888,0.016993775066554726,0.48675782261685635,0.0015722324436038386,0.018342833478663,0.5260145189880825,0.001474499112347617,0.02182900738746903,0.4602882425836677,0.0007950758929366693,0.01029896720232166,0.30606152793008606,0.000807406086883432,0.01792702815010926,0.07123010895670176,0.00011325015742191958,0.0020667037252301173,0.07458552658892217,0.0001130822254195371,0.002099315616773645,7.123010895670176
modena,lightgbm_0h,15.848931924611142,65,calibration,0.11688962818884256,0.0001395585326338869,0.007400358253788494,0.5042655218761278,0.0011756349490653771,0.019169771741158102,0.28646272035882586,0.0004950112197965212,0.01654682192021873,0.4261008184517983,0.0010249197963405918,0.015537346638916054,0.4610573529237956,0.0012442852985702138,0.017638983525530158,0.4973051215304639,0.00117920526139271,0.021496821542328414,0.4350383070282023,0.000620792887865168,0.009782795109679143,0.28646272035882586,0.0004950112197965212,0.01654682192021873,0.07981527945990179,0.00010751591204867468,0.0022781841734125863,0.08355381588789718,0.00011304165282429026,0.002304980807569233,7.9815279459901785
modena,lightgbm_0h,17.78279410038923,66,calibration,0.10603760304426076,0.00012392493339935623,0.0068089049534069985,0.4756375741006821,0.0012505312698828156,0.01777054491716482,0.2674929955675803,0.0009175615071244432,0.015007292520149169,0.4036039225804029,0.0009136261351268983,0.01448059559903632,0.43636218153947776,0.0013892797007782327,0.016756808990711934,0.4689849691219396,0.001038737702327177,0.02164834451109792,0.4104163285820165,0.0006707307870187224,0.009538494824429354,0.2674929955675803,0.0009175615071244432,0.015007292520149169,0.08946636223760263,9.754840734763708e-05,0.002471135560229081,0.09360285968003505,0.00012274386064832214,0.002485511225654506,8.946636223760262
modena,lightgbm_0h,19.952623149688808,67,calibration,0.09608190824567817,9.237805532993986e-05,0.006227149852556668,0.4470252771073479,0.0010681404404578835,0.01697318261420633,0.2487204735167981,0.000561950655531125,0.013294194723576161,0.3806132178267292,0.0006670558405606079,0.01311474165893834,0.411425202101683,0.0011858650984293607,0.016464934920547014,0.4405773867434641,0.0010117957360353902,0.021406315875362108,0.38567231145920444,0.000557644386366678,0.009318235558311983,0.2487204735167981,0.000561950655531125,0.013294194723576161,0.10025245018733046,0.00010736839895146376,0.002680878080383479,0.10486270435561869,0.0001410687435592896,0.002692408300850483,10.025245018733047
modena,lightgbm_0h,22.3872113856834,68,calibration,0.08690322774538893,8.026459601681043e-05,0.005615667310903646,0.41876896666877284,0.0006891859524097526,0.01582753223205996,0.23019960939870526,0.000693842758310973,0.011944308436348411,0.35798486469637963,0.0008131539377133535,0.011510520904082314,0.38603205771521965,0.0010461284924411878,0.01583287931781843,0.4127007652151721,0.0009971932145830334,0.02073223561515337,0.3611372527388499,0.0004717878898261016,0.008921069214533088,0.23019960939870526,0.000693842758310973,0.011944308436348411,0.11239146558882923,0.00014849037642921783,0.002882182000775671,0.11753605197446662,0.00015404704220407057,0.0029019960952548587,11.239146558882924
modena,lightgbm_0h,25.11886431509582,69,calibration,0.07850180196247401,0.00013125804477363067,0.005059491815945694,0.3914042790205807,0.0010441460076656573,0.015047148827153724,0.21289356802315862,0.0008827589497445722,0.011003062571388835,0.33607322108808935,0.0010044311795191652,0.01062179981631269,0.3612366990428466,0.001176138998347648,0.014835021179489817,0.38525367295797897,0.0011141560712522335,0.01991303054127315,0.3373722880265309,0.0005385665911304524,0.008532353684060558,0.21289356802315862,0.0008827589497445722,0.011003062571388835,0.12605624917809707,0.00022986082911301744,0.00311617242197546,0.1317717742511556,0.00022563263778886225,0.003133209438891266,12.605624917809708
modena,lightgbm_0h,28.18382931264455,70,calibration,0.07086634022573993,8.608166878201979e-05,0.004549929487443051,0.36491697274124146,0.0007721540475542242,0.013762152652080917,0.19632866614666641,0.0006476783607785576,0.010076479166666884,0.3143304519577283,0.0009712478840041432,0.009951575622949725,0.3368649698570379,0.0010633338367023945,0.013949857704952915,0.3585958195978882,0.0009282063122470551,0.019098681756747983,0.31420737606011245,0.0004943199340846086,0.008136771809739707,0.19632866614666641,0.0006476783607785576,0.010076479166666884,0.14131748385391693,0.00022389624043064066,0.003342635847706938,0.14768661553279674,0.00020103133424296814,0.0033605538266000073,14.131748385391694
modena,lightgbm_0h,31.622776601683793,71,calibration,0.06393476476888683,9.463586099040222e-05,0.00407769723809633,0.33909988210423586,0.000912541030420767,0.012616942971929637,0.18078501173967307,0.0005068260114686394,0.009305766520497787,0.29380264402128614,0.0008877485185579808,0.009425820762259845,0.3137763333359108,0.000656949303465961,0.01250679238701456,0.33283276480086305,0.0006072784862621273,0.01733965455219267,0.2920593272003938,0.0004109382587733808,0.007514680099216403,0.18078501173967307,0.0005068260114686394,0.009305766520497787,0.15846208294628053,0.0002657504793336327,0.0035557167461953225,0.16553158121583947,0.00024527890215784727,0.0035448980210152302,15.846208294628052
modena,lightgbm_0h,35.48133892335757,72,calibration,0.0576162209286709,8.930251086623472e-05,0.0036688299705483537,0.31389422279091456,0.0009995446779235376,0.011383108408871375,0.16586146157788173,0.000454702834650442,0.00864631178204098,0.27391318519118824,0.0009682668066322581,0.009253855791610595,0.29151259484871783,0.0006147621004704105,0.011447179336479436,0.30791252463170854,0.0008047561248196156,0.016031878603250962,0.2706187978080822,0.0005855203619738299,0.007172077870420497,0.16586146157788173,0.000454702834650442,0.00864631178204098,0.17773247730219924,0.0002719325102317242,0.003821531434365018,0.18559802765423025,0.00027470762728848056,0.0038051824830674795,17.773247730219925
modena,lightgbm_0h,39.810717055349734,73,calibration,0.05189920846708622,8.621556407044087e-05,0.003289613932105355,0.28988228845732805,0.0007236989472617698,0.010291617894613478,0.15198824446697026,0.00046364333359385606,0.008204461485257105,0.2546589328861212,0.0011274111540308853,0.008743436099702047,0.27012954551806057,0.0007087650686601624,0.010585948267145835,0.28424445142135657,0.0007937354243995935,0.014733980225037387,0.2501806925499673,0.0005679435224906703,0.006734887506127562,0.15198824446697026,0.00046364333359385606,0.008204461485257105,0.19929919246999844,0.0003490655101111999,0.004045409999227571,0.2080502871660423,0.00034364290504938544,0.0040270613917518135,19.929919246999845
modena,lightgbm_0h,44.668359215096345,74,calibration,0.04673438373007059,6.794598751883754e-05,0.00294970642531432,0.26698485039495595,0.0006516973509836474,0.009042017028818617,0.13878286995713981,0.0005276965033211989,0.007805212540684545,0.23631645972436452,0.0009247908832432732,0.008551845255448307,0.2500734712881524,0.000734282919154858,0.009386704998162446,0.26183493025938814,0.0006228447559740625,0.013588068930751424,0.2307985163248002,0.0005212021070300962,0.006350791974431777,0.13878286995713981,0.0005276965033211989,0.007805212540684545,0.22350609698132626,0.00029641400095021137,0.004228509901909265,0.2332427313251903,0.00030165267616399574,0.004240399373554945,22.350609698132626
modena,lightgbm_0h,50.11872336272725,75,calibration,0.042074355472727004,4.4384652475350286e-05,0.0026454166273642476,0.24525330283079746,0.0006829487478991793,0.0076398029015131465,0.12674505869681987,0.00044331114851144516,0.0072135797630822375,0.21880869274596434,0.0005782264699410424,0.008412046991333171,0.2306846911223284,0.0007629922653697273,0.008499301747930092,0.24075695774210676,0.00043854120226166654,0.012494139868328511,0.21244974062760333,0.0003830800976873233,0.005961805147043952,0.12674505869681987,0.00044331114851144516,0.0072135797630822375,0.2505348646978232,0.00025127136054677344,0.004368135910834459,0.26137736425577124,0.0002673862424629566,0.004411556074250504,25.05348646978232
modena,lightgbm_0h,56.23413251903491,76,calibration,0.03785544409419484,2.9532712685862695e-05,0.0023702742846414167,0.2245913899645139,0.000567950777493316,0.006397429482348442,0.11550965839942974,0.00033261940233773966,0.006808943328741841,0.20224849750639687,0.0005887587560167355,0.007818413762478339,0.2123413577194783,0.0005535427293134542,0.007611432834592875,0.2207933327800075,0.0005559935901978481,0.011102798928887221,0.19509684727396523,0.00035077386525316124,0.00546041359037178,0.11550965839942974,0.00033261940233773966,0.006808943328741841,0.2809543879941214,0.00017744622049162062,0.004482178468487115,0.2930458947277871,0.00022727306202722315,0.004519923812757792,28.095438799412143
modena,lightgbm_0h,63.095734448019364,77,calibration,0.03406103075649573,3.246111029044507e-05,0.002125669407793025,0.20543044030717167,0.0006015009828396182,0.005382195210534015,0.10506305024272979,0.0002613276636068816,0.006363354817142889,0.18681996312583238,0.000544168825671828,0.007341130311699809,0.19514586819145543,0.0005784645750236595,0.0071163082623668114,0.20233152972887958,0.0005984055642299267,0.009912749429111007,0.17895817031921374,0.000349001358176625,0.005079035900845842,0.10506305024272979,0.0002613276636068816,0.006363354817142889,0.3149793343409891,0.00024156008566012657,0.0046693354437253,0.32842806794349855,0.00031479534918427246,0.004703384983189343,31.49793343409891
modena,lightgbm_0h,70.79457843841381,78,calibration,0.03063228586805465,2.539473533455589e-05,0.0018879744734579744,0.18748314438229383,0.000481750319446124,0.004629464574227782,0.0955272299201322,0.00017267621611388598,0.00592512918267365,0.17226976034251626,0.0005927112221233156,0.0069258599339310405,0.17897814611848167,0.000378603962933442,0.006672764955540941,0.1849490507511852,0.0004722007531708546,0.0087876604370787,0.16384146630292182,0.00029847146330185453,0.004742849005630228,0.0955272299201322,0.00017267621611388598,0.00592512918267365,0.3531851281155154,0.0001681591892749384,0.004872882959332605,0.36814603248869127,0.00020194636567696003,0.004910038412929753,35.31851281155154
modena,lightgbm_0h,79.43282347242821,79,calibration,0.02753743840848485,2.5016674713804395e-05,0.001680458228452015,0.17081734223355247,0.00041704163051522883,0.0038860834679556797,0.08668236588712314,0.00011242406731545202,0.005601560652739929,0.15868298576864903,0.0005033347098509101,0.006264463268312994,0.16401869157215615,0.0003693117497034014,0.00604413415165185,0.1685365941852786,0.0004407367052926595,0.00782653173781298,0.1497475959293519,0.00030701532212356475,0.00431203604505574,0.08668236588712314,0.00011242406731545202,0.005601560652739929,0.39612073367588824,0.00031622205214514433,0.004954562441887168,0.41274686869676835,0.0002904218738507018,0.004979561618375884,39.61207336758882
modena,lightgbm_0h,89.12509381337459,80,calibration,0.02475257414552728,2.242911575190745e-05,0.0015044805871879047,0.15562532532484172,0.00034757452798934307,0.003361752319272128,0.07845585596248936,0.00016521944709590918,0.005250640791827153,0.14614703529520284,0.0004775860778972466,0.005860136076632658,0.15017268160558964,0.00024192535741694832,0.0053856774892200015,0.15347079277124104,0.0004660057432289453,0.006691473636135821,0.13677433819187293,0.0002595708537069923,0.003886072132340038,0.07845585596248936,0.00016521944709590918,0.005250640791827153,0.4443794041793742,0.00031647662672055517,0.004973080165368779,0.4627951784851835,0.0003307457083486951,0.004975933681777247,44.43794041793742
modena,lightgbm_0h,100.0,81,calibration,0.022233948832901158,1.8545290682754823e-05,0.0013370274413143247,0.1415556105295442,0.0002512567637520489,0.0028993760759553093,0.07100374205224598,0.00014347774250296835,0.0050121891429122005,0.13432050537889598,0.0003663112551888964,0.005231483620677703,0.13735370003077618,0.00033930584694025814,0.00470300095760135,0.13976003973765777,0.0003678479973427351,0.005765854499023948,0.124798719545824,0.0002463083982434771,0.0034368596073558466,0.07100374205224598,0.00014347774250296835,0.0050121891429122005,0.49869728792418677,0.00022903522820296644,0.004785944871806816,0.5190183691497765,0.0003058573347510353,0.004764399116280825,49.86972879241868
ltown,hybrid,0.0,0,calibration,0.717302881388002,0.04374401538666458,0.017886280302046552,0.887686142238539,0.05626774879921921,0.010773762980162227,0.35017698049677404,0.08186286704461973,0.0396703681741168,0.6185047732740707,0.0522822765974437,0.04293440734926967,0.48844311917105776,0.02568656932088827,0.03536874484319373,0.8832870498001811,0.05812362064101435,0.00430439469230067,0.6456196129961246,0.0374672472788085,0.015128727266641174,0.35016344717381204,0.08184863868609965,0.03964523574930499,1.9615340169474968e-07,1.4132701046026594e-07,2.207997419989596e-07,1.4674468995271127e-06,4.813099896543673e-07,1.5592863551787134e-06,1.9615340169474966e-05
ltown,hybrid,0.01,1,calibration,0.8715330497751786,0.004187013476098956,0.014204739114476214,0.981661999679122,0.004561602385572221,0.005358890395326596,0.5854363211089332,0.013002567860339355,0.03905352473150287,0.8283510334222797,0.007418811485056794,0.04125717409704333,0.7525055063406466,0.008565430692230626,0.032964544169996834,0.9813618439464893,0.005702223420642665,0.003322805390659824,0.8258633408994943,0.004464638926300708,0.01382467724252263,0.5854363211089332,0.013002567860339355,0.03905352473150287,1.3527889071604868e-05,1.231404301229385e-06,4.0433231701807355e-06,1.8038348552542686e-05,1.7948575449413836e-06,6.522141007372919e-06,0.0013527889071604869
ltown,hybrid,0.011220184543019636,2,calibration,0.8736678337987477,0.003751295403598115,0.014105400008895076,0.9827177958041713,0.0038450164652226696,0.0052653137292903215,0.5877645048419401,0.013103103618203736,0.03837769678471273,0.8317248171432434,0.006808917923042276,0.04106000554886485,0.7571473672085685,0.008216601721408342,0.03242556156482396,0.9824623153003987,0.004871848082048945,0.0032660862148019302,0.8283633600596646,0.004229277903855959,0.013611714567137022,0.5877645048419401,0.013103103618203736,0.03837769678471273,1.5047166175260716e-05,1.5992160095520686e-06,4.267414444031781e-06,1.9702555566968354e-05,2.2058052483829924e-06,6.7614397689949855e-06,0.0015047166175260716
ltown,hybrid,0.012589254117941675,3,calibration,0.8756335867946784,0.0033877388490739287,0.014032560364523121,0.9835611428325147,0.0033260772533411196,0.005164417323707278,0.5903500832541576,0.012324100387302018,0.03798028303172657,0.8348443782676725,0.006919159883873485,0.04107607094447511,0.7617897670441816,0.007729205021595949,0.03212667234012064,0.9832201072658185,0.004188262902927081,0.0032228288017966374,0.8307530957328689,0.00392824389991093,0.013538806791221306,0.5903500832541576,0.012324100387302018,0.03798028303172657,1.6436130196766552e-05,2.2905757621479856e-06,4.5923442811170244e-06,2.1181729871876586e-05,2.8596889931721435e-06,7.1864759199216635e-06,0.0016436130196766552
ltown,hybrid,0.01412537544622754,4,calibration,0.8775533633619987,0.0029246795203814718,0.013927229200400364,0.9843399643933267,0.0028932213653508868,0.0051779009014370605,0.5930206702871654,0.01240980056093544,0.03794171021341025,0.8377884079032148,0.006820271171296145,0.041247955471556505,0.766170817851307,0.007978311109377464,0.0315985334001992,0.9840995646727511,0.0035291746966187795,0.0032015638755398274,0.8330838850215531,0.003611608895825297,0.013403361974463452,0.5930206702871654,0.01240980056093544,0.03794171021341025,1.7902643720770734e-05,2.4691739605260354e-06,4.961225777600658e-06,2.2764941480108014e-05,2.9584464859291577e-06,7.464487479780109e-06,0.0017902643720770735
ltown,hybrid,0.015848931924611134,5,calibration,0.879402892910781,0.0027588806573302658,0.013812078393863697,0.9851094149479387,0.0026445328227450277,0.005067649060209758,0.5952333885232762,0.012061764401537478,0.037680797928514205,0.8410280645175103,0.006936953293198608,0.040918816701440826,0.7705543780873552,0.007881884175681378,0.031005773842829605,0.9847825672547318,0.0032256036247890613,0.0032399801064679533,0.8353415626661623,0.0035356772694653885,0.01326390720203007,0.5952333885232762,0.012061764401537478,0.037680797928514205,1.9592283458875138e-05,2.600466182257239e-06,5.1655009613026046e-06,2.4660232875472636e-05,3.100590417950783e-06,7.543695643165011e-06,0.001959228345887514
ltown,hybrid,0.01778279410038923,6,calibration,0.881205856056511,0.0026648837989394726,0.013737973197161371,0.9856904875200411,0.002505466660179625,0.004984290361619042,0.5976646159955753,0.011942834906329743,0.03708051647497378,0.8443620523143287,0.006635739206708588,0.040654795784026726,0.7749275948260831,0.00781411406861835,0.03036943721785199,0.9853071451592652,0.002972498656882842,0.0031323126812747284,0.8375903791630586,0.0034953444256137847,0.013071941973870559,0.5976646159955753,0.011942834906329743,0.03708051647497378,2.1059544502906786e-05,2.8433324734814937e-06,4.943902195547513e-06,2.6405480364000976e-05,3.2955356197114287e-06,7.2213917041310195e-06,0.0021059544502906786
ltown,hybrid,0.0199526231496888,7,calibration,0.883037354494223,0.002559701195870224,0.013645046122862424,0.9864741149520465,0.002201487872118714,0.004923309128098333,0.6010296221790227,0.011184068611075454,0.0369662822185006,0.8467210176729626,0.006594906292092173,0.04059148513971549,0.77989919153616,0.008094446000120723,0.030004449123113494,0.9859404356419265,0.0025264559635292845,0.0031356246970408483,0.8400128763964236,0.003412252691846322,0.013051327011816527,0.6010296221790227,0.011184068611075454,0.0369662822185006,2.3208933904230495e-05,3.1392946479022437e-06,5.064684782337846e-06,2.8890300710901478e-05,3.567899179119749e-06,7.256942605841564e-06,0.0023208933904230494
ltown,hybrid,0.0223872113856834,8,calibration,0.8847990164481524,0.002307910518167941,0.013614385573121857,0.9870294490169405,0.0018611013966318007,0.004913503937680558,0.6036303970725169,0.011456589864927586,0.03681174255589762,0.8498250852131174,0.006796716253604757,0.040236310574607304,0.7844902559703331,0.007459852900068704,0.029818208796889945,0.986471550745929,0.0019214088174326744,0.0031006114328668995,0.8422893476037673,0.0033176494089268206,0.012985930117580258,0.6036303970725169,0.011456589864927586,0.03681174255589762,2.5317587239386687e-05,3.5574374686265236e-06,5.209602511229358e-06,3.113226260843146e-05,3.897069609571447e-06,7.29557760535148e-06,0.002531758723938669
ltown,hybrid,0.025118864315095794,9,calibration,0.8865709267291276,0.0021140407220783634,0.013419101633420997,0.9876912330289299,0.001651580913904804,0.004827500460772834,0.6078084816458525,0.010755575921648228,0.036397638253960855,0.8524764944458274,0.006354240743763159,0.03990067380430123,0.7890719920367206,0.007274299364324719,0.029440312656605825,0.9870036507350022,0.001367318454352585,0.003132669920096249,0.8448103703784666,0.003186277665490049,0.01281433568891653,0.6078084816458525,0.010755575921648228,0.036397638253960855,2.792369204505109e-05,4.08910675960653e-06,5.4251800746761e-06,3.4148427887308395e-05,4.416296931509297e-06,7.744831638071443e-06,0.002792369204505109
ltown,hybrid,0.028183829312644536,10,calibration,0.8882678179141175,0.0020982905210668906,0.013279927086161563,0.9881897133573876,0.001496697376406241,0.0046874538405028915,0.6111058995038883,0.010715667248614011,0.036031297244957725,0.8554246640715412,0.006165106676040151,0.03971983930044527,0.7937695326515811,0.007354383403437381,0.028711744771787676,0.9874198068349125,0.0011047951143852406,0.0031120455723705684,0.8471819232838622,0.0031996048884225356,0.012629561648341264,0.6111058995038883,0.010715667248614011,0.036031297244957725,3.0731150628632696e-05,3.904043216846658e-06,5.521084874337273e-06,3.738452820935983e-05,4.133178694880426e-06,7.974487774314026e-06,0.0030731150628632697
ltown,hybrid,0.03162277660168379,11,calibration,0.889740690696687,0.002135486305965285,0.013205210581317442,0.9884866730402764,0.0013044903038519095,0.004703226825806011,0.6136782373338244,0.010856261953397176,0.036123191320973407,0.8578812743497101,0.005941119359507686,0.03943288237320873,0.7982314526466198,0.00732077165436118,0.028404391094525562,0.9877569766330784,0.0009674118641418421,0.003144487686742189,0.8492069228007018,0.003341360245373276,0.012631105506246696,0.6136782373338244,0.010856261953397176,0.036123191320973407,3.2972988373959596e-05,4.49392659249372e-06,5.60214370699994e-06,4.0065836651685476e-05,4.613936055468592e-06,7.995477924378557e-06,0.0032972988373959596
ltown,hybrid,0.03548133892335755,12,calibration,0.8913760468863745,0.0021298158414113475,0.0130218926894505,0.9888993733573669,0.0010717329737004854,0.004622084056366468,0.6169410829338442,0.010746772586026168,0.03542791371897604,0.8603924874456297,0.005699633386596102,0.03915425462821641,0.8032540498605336,0.007649411381384766,0.02780090322239875,0.9880907989031104,0.0008009201603498294,0.0031681123741271757,0.851515558500097,0.003357182444835877,0.012402157617870472,0.6169410829338442,0.010746772586026168,0.03542791371897604,3.585700608336579e-05,5.122849004617803e-06,5.719384266980679e-06,4.3452109406405224e-05,5.068796649529739e-06,8.24790125191421e-06,0.0035857006083365793
ltown,hybrid,0.039810717055349734,13,calibration,0.8929171506932302,0.0020769163176905404,0.012694495258796533,0.9891559096937025,0.0010230147783458858,0.004628588595642446,0.6208618374590348,0.010209101850501608,0.035151093138342866,0.8627538407587845,0.005791107077818372,0.03886548482322459,0.8080754198476449,0.007534492030492163,0.02725840444344889,0.9884832253461574,0.0008425191678310201,0.0031249999956718725,0.8538660466210647,0.0032475169917706567,0.012197515133762866,0.6208618374590348,0.010209101850501608,0.035151093138342866,3.941205843721401e-05,5.572553773887111e-06,6.517820476316936e-06,4.7600795728292263e-05,5.353953133304948e-06,9.144629757188862e-06,0.0039412058437214015
ltown,hybrid,0.0446683592150963,14,calibration,0.8944829230322318,0.0020471714671565335,0.012602714232429766,0.9894488562652286,0.0009231104497498428,0.004434167854844807,0.6243451489115542,0.009662372344346701,0.034743321660215785,0.8651556077502633,0.005376796316909133,0.038791849023398946,0.8129079133142554,0.007247689817519127,0.02691181054871385,0.9888884914948146,0.0008598169967793801,0.0031092254916291065,0.8561492035472233,0.0031528173812904506,0.012162306315496248,0.6243451489115542,0.009662372344346701,0.034743321660215785,4.2573176578056905e-05,5.634478914103592e-06,6.988648366891032e-06,5.113699003350801e-05,5.345812494129439e-06,9.735338547825766e-06,0.00425731765780569
ltown,hybrid,0.05011872336272725,15,calibration,0.8961333995942041,0.0018977405237357464,0.01242455388254466,0.9899037023931355,0.0009027409482564986,0.004448912835350883,0.6287465937526415,0.008452792837587332,0.034653915416237566,0.8673890808277173,0.005369123576116301,0.038393382905408016,0.8181347297776197,0.0069876012937687545,0.02659335193820597,0.9892938422495374,0.0008526305906937137,0.003035716194005177,0.8586935898001303,0.0028190081203692255,0.01201104937711598,0.6287465937526415,0.008452792837587332,0.034653915416237566,4.654377342523786e-05,5.459013064640423e-06,7.215766981837639e-06,5.5805906025636886e-05,5.301686197464005e-06,9.993841724706732e-06,0.004654377342523786
ltown,hybrid,0.05623413251903491,16,calibration,0.8976334065240736,0.0018593696468202313,0.012164065061080337,0.990194297434493,0.0008586107699012537,0.0043560183139097364,0.6326675761719757,0.007943537103923462,0.03442368040539161,0.8693216086187566,0.004876589667049471,0.03822819494546572,0.8234540168927594,0.006494887668369637,0.025679820971673765,0.9896241850878891,0.0009385352683684539,0.002953844483797274,0.8610523368411747,0.0027397472107249673,0.011706874694977212,0.6326675761719757,0.007943537103923462,0.03442368040539161,5.0921329846623074e-05,6.0622076807644685e-06,7.193358916441775e-06,6.10066339285357e-05,5.874181146715981e-06,1.0232480596062953e-05,0.0050921329846623075
ltown,hybrid,0.06309573444801933,17,calibration,0.8990462747008999,0.0018008499938999,0.011952010264558444,0.9904830884116973,0.0009004689942514816,0.004249508412121975,0.6358402688733622,0.007399598810836364,0.03398561597409498,0.871364965225824,0.004451629571801823,0.037859178127260244,0.8285673159171254,0.00633653544699121,0.02523270456343944,0.9899848897160572,0.0009434546268631454,0.002805871977028972,0.863248105628813,0.002581413695030606,0.011504040867565745,0.6358402688733622,0.007399598810836364,0.03398561597409498,5.564255628243506e-05,6.53968605577522e-06,7.2147319733917235e-06,6.636908904283734e-05,6.153671809660922e-06,1.075961215947039e-05,0.005564255628243506
ltown,hybrid,0.0707945784384138,18,calibration,0.9004256907935573,0.0018755111061566497,0.011805198588355154,0.9907886852381732,0.0009187527968965383,0.004178988974290378,0.6395358094031824,0.008079754379335967,0.03324856058240837,0.8734903291731498,0.004352319268758736,0.03725389009087591,0.8337162563033165,0.006309139206589313,0.02479717338190956,0.9903483178099113,0.0009856943663659294,0.0027799409848489284,0.8655758795855467,0.002733243517796629,0.01132154820123704,0.6395358094031824,0.008079754379335967,0.03324856058240837,6.15542527777059e-05,6.624936070678001e-06,6.919322698044073e-06,7.289876176936924e-05,5.837742836923472e-06,1.1157228050945014e-05,0.00615542527777059
ltown,hybrid,0.07943282347242814,19,calibration,0.9017678924968113,0.0018216251218102777,0.01163925519657873,0.9910148791665674,0.0009113032849078022,0.004016196502945899,0.6430882164406422,0.00788804280491524,0.032409584482190126,0.8752871055474419,0.00429318537146654,0.03691910626567158,0.8388074100209838,0.006137121162136856,0.024408178012345107,0.9906463532588693,0.0010013973743961018,0.00270902395018769,0.867768792886901,0.002571981886836582,0.01112515006465514,0.6430882164406422,0.00788804280491524,0.032409584482190126,6.659178459472853e-05,7.074576971366525e-06,7.078326532664722e-06,7.863110756720781e-05,6.5426278583862876e-06,1.1863645434707586e-05,0.006659178459472853
ltown,hybrid,0.08912509381337459,20,calibration,0.9031120783600756,0.0018215770464375522,0.011469439559004804,0.9912436492454003,0.0009662066729197806,0.003775082311264593,0.6468997016310325,0.007680359193877457,0.03171247127471228,0.877286732441556,0.0041069899820445795,0.03621489343683716,0.8441899934655616,0.006105243794759606,0.024145970126373654,0.9909638505248706,0.000968556904550239,0.0025892333042819094,0.870116785461684,0.002477582687820552,0.01091123166889518,0.6468997016310325,0.007680359193877457,0.03171247127471228,7.313159602033087e-05,8.685835592048268e-06,7.176899084197631e-06,8.610845765998358e-05,7.835225923021638e-06,1.232428521508508e-05,0.007313159602033087
ltown,hybrid,0.1,21,calibration,0.9043502959262872,0.0017892696918032247,0.011275473646003809,0.991461332083646,0.0009415978758609674,0.003711589755391121,0.6505764871656796,0.006886459538519329,0.03155665297796054,0.8788113208332287,0.004014328715661689,0.035835362163332884,0.8494532618884884,0.006212091868107728,0.023636497256708206,0.9912291870025068,0.000976937794792027,0.0025526341137900354,0.8723063177947098,0.002255169534733386,0.010764550010576556,0.6505764871656796,0.006886459538519329,0.03155665297796054,7.930267798284676e-05,9.637822577801895e-06,7.2070378271554906e-06,9.325044194633862e-05,8.464730271170243e-06,1.2816975206708687e-05,0.007930267798284676
ltown,hybrid,0.11220184543019636,22,calibration,0.9057226268963979,0.0018267080789071935,0.011218610316292907,0.9917550144107814,0.0010079330869038079,0.0034572873795388702,0.6542498640856765,0.006859460979420988,0.031175230430865498,0.8806644048168153,0.00402617512692311,0.03569127646452393,0.8556278779419557,0.006499377170814663,0.02311233461924485,0.991534798744,0.001069925766249275,0.002480564327544854,0.8747663919998458,0.0023305420871351772,0.010681227998381284,0.6542498640856765,0.006859460979420988,0.031175230430865498,8.764009195994875e-05,1.0712374374145132e-05,7.198934934291673e-06,0.00010238051342938458,9.23897739425393e-06,1.3318785748693006e-05,0.008764009195994875
ltown,hybrid,0.12589254117941676,23,calibration,0.9069660553123313,0.0018499348467490198,0.011081279910902688,0.9919695863085488,0.000984288707593222,0.0032381987270988797,0.6580002189894141,0.006968546998721965,0.029967638739807193,0.8822554365155196,0.003926294200252248,0.03518011230560604,0.8615142079681409,0.006452529966055498,0.02258763354502086,0.9919438912948924,0.0011161005402228045,0.0023577565175728803,0.8771366682153031,0.0023579442560344574,0.010507375972097475,0.6580002189894141,0.006968546998721965,0.029967638739807193,9.629310799700078e-05,1.2518918848801836e-05,8.077567326722754e-06,0.00011203034395219128,1.0978728380648123e-05,1.4458365823806036e-05,0.009629310799700079
ltown,hybrid,0.14125375446227548,24,calibration,0.9082921121704667,0.0016702950596493738,0.010977696539634051,0.9922093206367303,0.000927211113130365,0.003034014013582086,0.6619499933280989,0.007164167596893815,0.02926334311275486,0.8840284323652831,0.0034295723096940465,0.03494124554348408,0.8675103701574458,0.006357825768058794,0.021546510452226046,0.9923502406558344,0.001014411418650658,0.00222791272395231,0.8796096714286784,0.0023276980551176405,0.010364630705722947,0.6619499933280989,0.007164167596893815,0.02926334311275486,0.00010492464541877652,1.3768489322087894e-05,8.288679046936684e-06,0.0001218071152968393,1.1925561435035e-05,1.4783647188004953e-05,0.010492464541877652
ltown,hybrid,0.15848931924611143,25,calibration,0.9094210654588897,0.00151622277549407,0.010872901268166115,0.9925574015427399,0.0009138024795362982,0.002818027834077489,0.6656451537230013,0.006983153736250471,0.0288324447337361,0.8856338992545382,0.003261432431802466,0.034464977383539215,0.8730014160732462,0.00600013872799877,0.020702691492462098,0.9927301662757873,0.0009644504448570565,0.00209427284462174,0.8819136073738624,0.0022267797470282447,0.01017306670066083,0.6656451537230013,0.006983153736250471,0.0288324447337361,0.00011443255196570598,1.326237480364091e-05,8.557615142008018e-06,0.00013254316283679518,1.1490394045433083e-05,1.565254698861368e-05,0.011443255196570598
ltown,hybrid,0.1778279410038923,26,calibration,0.9104274912066028,0.0013461362718103324,0.010888076837112593,0.9928604702065924,0.0006859668897550594,0.0024678237352658483,0.6697875346011426,0.005763741778400947,0.028244461151273614,0.8870686808756784,0.0031892341934364986,0.03420544961760672,0.8785616432624497,0.005659587937883189,0.020357503385456915,0.9931099487308866,0.0008622915463728407,0.0019133075186612712,0.88427765553535,0.0018379784648016348,0.010056839029842914,0.6697875346011426,0.005763741778400947,0.028244461151273614,0.000125710809136376,1.4403757973699953e-05,8.414397074339508e-06,0.00014535970705718536,1.2548332607102524e-05,1.58210742018555e-05,0.0125710809136376
ltown,hybrid,0.19952623149688797,27,calibration,0.911209112528801,0.001295149925123328,0.010721349069823024,0.9930943850330131,0.000553462253976948,0.002252236266261399,0.6736329031938479,0.005801954941905149,0.027329339348239046,0.8884964474960436,0.003133527565353997,0.03355712544190486,0.8833031123327585,0.005508985186119911,0.019830477063363005,0.9934039274966963,0.0008197436903526323,0.0018737225173943379,0.8863861551104719,0.001872018920715267,0.009859124301964681,0.6736329031938479,0.005801954941905149,0.027329339348239046,0.00013702716119891846,1.5039941121417747e-05,8.971249082245905e-06,0.00015839576827658003,1.295517016899712e-05,1.6751365255715887e-05,0.013702716119891847
ltown,hybrid,0.223872113856834,28,calibration,0.9118795181531112,0.0011629137646552309,0.010647310435387242,0.993327609170727,0.0005894645786280767,0.0020865129920575117,0.6776710343508409,0.006119805296470252,0.02612702829932993,0.8899827742421633,0.0030955944239912502,0.033122479465917,0.8879400172287595,0.005157166338733889,0.0189277225700588,0.9936403882495796,0.0007408804800368687,0.0016652858111933652,0.888512364648414,0.0019217017107361406,0.009569187423976808,0.6776710343508409,0.006119805296470252,0.02612702829932993,0.00014983469562075856,1.579543158220693e-05,8.729153858845187e-06,0.00017270302574414934,1.3665875646441722e-05,1.637567005268505e-05,0.014983469562075856
ltown,hybrid,0.25118864315095807,29,calibration,0.9123442850730699,0.0010850209604166563,0.010526198919835176,0.9935367531686051,0.00047550995718748573,0.001957947517459729,0.6823168466526871,0.005885953286165737,0.025452014064136788,0.8914116173971972,0.0028257030043575423,0.03290567287551369,0.8923880333337969,0.004706288647704796,0.01821133818891035,0.9938726229109869,0.000642666139681258,0.0016308549825625343,0.8907051746926544,0.0018219502872044199,0.009237062979430716,0.6823168466526871,0.005885953286165737,0.025452014064136788,0.00016532811005152737,1.6344077595749133e-05,1.0113352767933066e-05,0.0001897836226200901,1.431560710465437e-05,1.7054793238712874e-05,0.016532811005152737
ltown,hybrid,0.2818382931264455,30,calibration,0.9127018389841465,0.0011078247238248606,0.01036590501407798,0.993667620225631,0.000478162796056484,0.0017559050070811001,0.6871334319662531,0.0055736909253818485,0.024528737348917664,0.892623453588109,0.0026282002683317538,0.03216925610075464,0.8966729400666722,0.004534552118136135,0.01749687052624864,0.9941100445337167,0.0005970821123636109,0.0014534364609928945,0.8928414980760766,0.0017435669197906306,0.008915367203949595,0.6871334319662531,0.0055736909253818485,0.024528737348917664,0.00018123753999790026,1.6883690131054857e-05,1.1690327616386043e-05,0.00020738430854015506,1.4837136818616285e-05,1.8158435547617664e-05,0.018123753999790028
ltown,hybrid,0.31622776601683794,31,calibration,0.9127096856684421,0.001088027498321754,0.01022247066354497,0.9937945444315327,0.0003607900818532901,0.0015890391077940252,0.6914592904934985,0.005371980582348177,0.023907250980568718,0.8935965400218113,0.002535744038200149,0.031986770818078304,0.9009798358549725,0.004282727830897462,0.0170813503324732,0.9941501958565341,0.0005501165233931361,0.001448275847035174,0.89479608133167,0.00163361844080448,0.008628885394848134,0.6914592904934985,0.005371980582348177,0.023907250980568718,0.00020024443049465818,1.752027042685423e-05,1.2710219430580675e-05,0.00022849814223073462,1.472715788395137e-05,1.8909858107437078e-05,0.020024443049465816
ltown,hybrid,0.35481338923357547,32,calibration,0.9125639997132207,0.0010141047239966654,0.010110296503518166,0.9938417771573275,0.00038849278891442315,0.0013701895527002878,0.6958028471455596,0.005410669350616509,0.02340488321913198,0.8943928430284895,0.0024633735607759496,0.03174341185918225,0.9049954853948907,0.003949855603217181,0.016452288421791056,0.9941259774865011,0.00045784097992416145,0.00131405635979978,0.8966317860425537,0.0015937394423341529,0.008392259363642305,0.6958028471455596,0.005410669350616509,0.02340488321913198,0.0002196717945852742,1.703630276027611e-05,1.3315886727571251e-05,0.0002502595936200029,1.4163605524159788e-05,1.9325130567542847e-05,0.02196717945852742
ltown,hybrid,0.3981071705534973,33,calibration,0.9122098717695368,0.001149271631355407,0.009989830832988563,0.9937613091032684,0.00035043248258123004,0.0012772243193905743,0.7002014089761031,0.00610865988552094,0.022563357459388308,0.8951088820991286,0.0023093707353771887,0.031556420687331714,0.9092509199890456,0.0036498687944189305,0.015466335245434299,0.9940297705165426,0.0004576577125673164,0.0013157520282967195,0.8984704581368176,0.0016629560930237859,0.008165493344418477,0.7002014089761031,0.00610865988552094,0.022563357459388308,0.00024169776539936027,1.8616785699392387e-05,1.386511988593659e-05,0.0002751292093244195,1.489152747697692e-05,1.892342409211582e-05,0.024169776539936027
ltown,hybrid,0.44668359215096326,34,calibration,0.9116661169020464,0.0010445419686318028,0.009971580181130717,0.9936824720167472,0.00037324084936949834,0.0012243848133398846,0.7062317945123916,0.007375329847442484,0.022027743935777857,0.8958407209998911,0.0021986668243526458,0.031200986109083912,0.9130411846601316,0.0031732902166727237,0.01484671377230621,0.9938611554765433,0.0003689492407992451,0.0013396485219417766,0.900531465533141,0.0018190913847724258,0.007992167003402564,0.7062317945123916,0.007375329847442484,0.022027743935777857,0.00026640129199155424,1.811986388325654e-05,1.4281644663848314e-05,0.00030327023482969547,1.4265770908786953e-05,1.815869914602686e-05,0.026640129199155423
ltown,hybrid,0.5011872336272725,35,calibration,0.9105786891552174,0.0011378184554679705,0.009965636805767494,0.99349341390988,0.0003457615368988327,0.0012525809218536018,0.7121695428044982,0.007146957547515743,0.02147906276178734,0.8963871780080173,0.0020969219828944324,0.031080665634332885,0.9166358634138346,0.0031267573540366806,0.014117968657124051,0.9936697199062626,0.00033362396277762977,0.001222979046313148,0.9024711436084986,0.001768693222880443,0.007791585498517274,0.7121695428044982,0.007146957547515743,0.02147906276178734,0.0002969691199724799,1.947410088641073e-05,1.6118298500872976e-05,0.00033770945498113393,1.5832926837259285e-05,1.8513075100748998e-05,0.02969691199724799
ltown,hybrid,0.5623413251903491,36,calibration,0.9093243842231736,0.001179897537630763,0.009882751125404866,0.9933056245993829,0.0003294129257616425,0.0011424801678276975,0.7177357215913037,0.005758134869803546,0.021383176199391726,0.8970071815747246,0.0018586409502959129,0.030812873230493826,0.9194678217503428,0.0029792476013530017,0.013112131613162232,0.9934693154998262,0.0002782733648698696,0.001330915079085998,0.9041971330031161,0.0015000541039262595,0.007692614079053465,0.7177357215913037,0.005758134869803546,0.021383176199391726,0.0003275051234304984,2.049658224867368e-05,1.956384689610626e-05,0.0003729449771065513,1.698241696552637e-05,2.1041822826617955e-05,0.03275051234304984
ltown,hybrid,0.6309573444801934,37,calibration,0.9076353505681184,0.0011851844960522905,0.009893708451426191,0.9930535125478485,0.0002821529241069165,0.00114939634057621,0.7226981758715767,0.005089444996305084,0.020802569941912468,0.8976121553602664,0.0018974808972367914,0.03048784675333804,0.9219352585801862,0.0026640453764665718,0.011937957904803457,0.9932212364411815,0.00029404096332253987,0.0013823966984303267,0.905704067760212,0.001303699804538544,0.00756270612849082,0.7226981758715767,0.005089444996305084,0.020802569941912468,0.00036155959670625067,1.983866114253901e-05,2.2324775692545598e-05,0.00041355532004031426,1.7288517843644618e-05,2.2402700285320187e-05,0.036155959670625064
ltown,hybrid,0.707945784384138,38,calibration,0.9054178557944843,0.001289063265649034,0.010043421367235635,0.9927462204109063,0.0004037053603058598,0.001133541946544727,0.7272855272319954,0.00448175035238377,0.021528626670926598,0.8980619977620734,0.0018971439025869047,0.030087193679454696,0.9241488210643306,0.0020511278860525263,0.011181660148504106,0.9928188799396075,0.00028888080778523794,0.0012892257918516192,0.9070122892817827,0.0011493632741212613,0.00753748197089529,0.7272855272319954,0.00448175035238377,0.021528626670926598,0.00040055495763980314,2.0791086882625038e-05,2.3891875682850768e-05,0.00046152777989439244,1.7832440459307158e-05,2.277848236831742e-05,0.04005549576398031
ltown,hybrid,0.7943282347242817,39,calibration,0.9026491439357506,0.0012850834409483993,0.010288048037525928,0.9925082147021796,0.000341367908341937,0.0010869421758586473,0.7302774873151189,0.0044081347834016476,0.020077079141318187,0.8985737874456442,0.001851736773619844,0.029757476674293366,0.9257773508080229,0.0014749364328583358,0.010371302757726745,0.9925061674033478,0.00026222995267091557,0.0012851099408547765,0.9079286015348629,0.0010006823760451372,0.007351872938204733,0.7302774873151189,0.0044081347834016476,0.020077079141318187,0.00044409138871383063,2.1662521163227025e-05,2.4594716404030817e-05,0.0005164933226028256,1.934838838680992e-05,2.1724077809309808e-05,0.044409138871383064
ltown,hybrid,0.8912509381337459,40,calibration,0.8991692685301683,0.001408901502758175,0.010541012922986846,0.9921820639818976,0.0003288125074401452,0.0011475161230239278,0.7314523884765062,0.0043807814000899935,0.019257059188279597,0.8986569825356165,0.001845922650248425,0.029732292838047937,0.9269174892017831,0.001097862643380473,0.00966179214964561,0.9920927527017792,0.00020481377214138605,0.001146855289959544,0.9082603353795166,0.0009977567344152721,0.007182544392260374,0.7314523884765062,0.0043807814000899935,0.019257059188279597,0.0004927280659916404,2.4398339785114568e-05,2.504225852323376e-05,0.0005789705934405431,2.1308853027563143e-05,2.0723135287453994e-05,0.04927280659916404
ltown,hybrid,1.0,41,calibration,0.8950230286248093,0.0013285412780371759,0.01092003855406659,0.9919534608033812,0.00021818557100270378,0.0011482096323305506,0.7311608824852057,0.005017845703055077,0.017341887256877384,0.8989748454994022,0.0020543756570951532,0.02914654379450713,0.9278539282964944,0.0011972032390069598,0.008549246739555911,0.9917889487359826,0.00021045684507846492,0.0011475105126005924,0.9083464131640933,0.0011898881782249108,0.00686692674653479,0.7311608824852057,0.005017845703055077,0.017341887256877384,0.0005495360252245945,2.381519140401025e-05,2.6334792722840382e-05,0.0006507857285604318,2.0031073965812006e-05,2.0206493428480647e-05,0.054953602522459455
ltown,hybrid,1.1220184543019642,42,calibration,0.8901881396442619,0.0014279298051793799,0.011233206794466676,0.9915624944765327,0.00016310907633112362,0.0012830039405927944,0.7287216777320075,0.005361157327854136,0.016051752079808256,0.898743770023123,0.0021974914045790003,0.028892144917318605,0.9278556543902275,0.0012447890051534866,0.007960153983244279,0.9913996529668067,0.00028985841210484313,0.0011858590643150097,0.9076566499177393,0.0013540912268500238,0.006774607112755939,0.7287216777320075,0.005361157327854136,0.016051752079808256,0.0006095826347840439,2.4261360366783137e-05,2.818085790089278e-05,0.0007284727441543853,2.0700607343109136e-05,1.9889271219593376e-05,0.06095826347840439
ltown,hybrid,1.2589254117941675,43,calibration,0.8847890719357444,0.0014602622765232402,0.011528069814285308,0.9911283790107598,0.0002590562338808243,0.001426328713713879,0.7254208325424412,0.006255990418560861,0.015653494841763572,0.8985144335722596,0.0022500888400190256,0.028705241929095675,0.9275774360736616,0.0014846508779233446,0.007325913468632363,0.9909850597087946,0.0003219926947901823,0.0011953626229894432,0.9067252281815833,0.00154179458381554,0.006807384736321995,0.7254208325424412,0.006255990418560861,0.015653494841763572,0.0006764166441153125,2.4349244306726118e-05,3.0016962069958186e-05,0.0008137180474249081,2.2767950669097637e-05,2.0622637577351703e-05,0.06764166441153126
ltown,hybrid,1.412537544622754,44,calibration,0.8787237218838223,0.001571418048135881,0.011950126675486583,0.9906218698797447,0.0003276581152713853,0.0015799178346893774,0.7220846796949004,0.005720276209752496,0.015634894148394286,0.8982233757179874,0.0024617428208979918,0.028766442936392828,0.9268054343302373,0.0020739681034133146,0.0070565130085973905,0.9905173876295563,0.00031626738309505564,0.0012596524446376726,0.9056505494504851,0.001516731764829519,0.006839466424894696,0.7220846796949004,0.005720276209752496,0.015634894148394286,0.0007522611339194303,2.666898694153407e-05,3.3442805529070255e-05,0.000908531194945094,2.5482345433450915e-05,2.234786159680492e-05,0.07522611339194303
ltown,hybrid,1.584893192461114,45,calibration,0.8721860718031611,0.0016545021959581093,0.012384092658201725,0.9899819183096039,0.0002995775144697341,0.0018384278655987647,0.7183444659484194,0.00573348199966231,0.014759181414305399,0.8977168815228403,0.002419770216634501,0.028556249111822442,0.9256280652071521,0.0028419593273640437,0.00673569898878351,0.9899257619883391,0.00030991858027565745,0.0011419590621034158,0.9043194185952713,0.0015256268053309963,0.006792038779324695,0.7183444659484194,0.00573348199966231,0.014759181414305399,0.0008337176045269081,2.7161601394545098e-05,3.485417511575652e-05,0.0010095052615706004,2.6571724344162867e-05,2.131881070250232e-05,0.08337176045269082
ltown,hybrid,1.7782794100389228,46,calibration,0.8650707999844968,0.0014514922652441233,0.01273666561697339,0.9893718786416111,0.00031513623465890915,0.0020523205680210237,0.7146985486436134,0.0053106297021938646,0.014386458897615854,0.8969998723121752,0.0027615446259964707,0.028184276194469116,0.9244235781513159,0.0034244114804767604,0.006834101941820539,0.9891593819200452,0.00027019326350008737,0.0010050274612071984,0.9029306519337522,0.0015394859427417208,0.006648826393886693,0.7146985486436134,0.0053106297021938646,0.014386458897615854,0.0009248871439556503,2.6833144385053635e-05,3.9479538714281964e-05,0.0011192960270828653,2.448078444626534e-05,2.1529564356811676e-05,0.09248871439556504
ltown,hybrid,1.9952623149688808,47,calibration,0.8569693182975093,0.001643040898658343,0.013398804262967497,0.9886703649885445,0.00029952328526708757,0.0020652633449911376,0.7111050729089723,0.005020659230115072,0.014340885477589847,0.896299200318066,0.002865917789038257,0.02790068166654944,0.922946749655725,0.004181137084605975,0.007320847466364157,0.9881721844383103,0.0002940512996612921,0.0009573440672838472,0.9014387144619237,0.001682431106978573,0.006556499927444612,0.7111050729089723,0.005020659230115072,0.014340885477589847,0.001031774668998596,2.7764416534197657e-05,4.3030772945503283e-05,0.0012445960408279733,2.875400438719779e-05,1.952721685153078e-05,0.1031774668998596
ltown,hybrid,2.23872113856834,48,calibration,0.8479238270718903,0.0018489685718648698,0.013910928980467316,0.9878129529234402,0.00024849236792947124,0.002073594313123536,0.7081827326125312,0.004549965500128835,0.013797036555799594,0.8953710996108614,0.0032589903537907825,0.027502224416816833,0.921024883093991,0.004966643037687249,0.007586390210285655,0.9871224936941495,0.00042123581412293096,0.0008028319743882578,0.8999028323869945,0.001826279577500876,0.006300979825866762,0.7081827326125312,0.004549965500128835,0.013797036555799594,0.0011553162873766487,3.0402631329010816e-05,4.574818480727148e-05,0.001385521176674052,3.298760592059121e-05,2.1860104803352802e-05,0.11553162873766487
ltown,hybrid,2.5118864315095824,49,calibration,0.8380776709593964,0.0019003537616116028,0.014647906578492622,0.986641035616827,0.0002621984369451314,0.002132101874406212,0.7055146091421733,0.0040671473277671625,0.013177237477187251,0.8941241258107065,0.003202141020610786,0.027257099076320887,0.918850959914266,0.006043143478155405,0.007581446523314095,0.9857537495584735,0.0005042921297454602,0.0008970365892931,0.8981768960084893,0.0019516349478092656,0.006103633632797636,0.7055146091421733,0.0040671473277671625,0.013177237477187251,0.001292220993170954,3.14284017869776e-05,4.924519117504014e-05,0.0015410993285069107,3.545985444866969e-05,2.1590621868395623e-05,0.1292220993170954
ltown,hybrid,2.818382931264455,50,calibration,0.8276071655386356,0.0018636150350083017,0.015197374968930269,0.9852966596462647,0.0004123933967701885,0.0021352395412089,0.7032855205688446,0.003414969992470956,0.012314877954826981,0.892958086138078,0.003490059729292705,0.026716957027734762,0.9161956773420756,0.007264450095143308,0.007164926904605582,0.9843772209437158,0.0006823059278622402,0.0011338188624139952,0.8964226329277957,0.0022015928011488144,0.005661986419628183,0.7032855205688446,0.003414969992470956,0.012314877954826981,0.0014428177432788832,3.0166510072926823e-05,5.1270996452769915e-05,0.0017087543270803078,3.5731069234543934e-05,2.191780434020498e-05,0.14428177432788833
ltown,hybrid,3.1622776601683795,51,calibration,0.8159582250764951,0.0023553728974606424,0.01601540084753371,0.9838610932955425,0.0005107357268476524,0.0021074509855193995,0.700980935415148,0.003348043987659517,0.01241122924843876,0.8912845391386914,0.003377827721381522,0.02654385175324516,0.9134127953272618,0.008526097349852867,0.006758063585972551,0.982823848754735,0.0005786071591796097,0.0014543930295118823,0.8944726423862759,0.0024628084153240867,0.005503420179909523,0.700980935415148,0.003348043987659517,0.01241122924843876,0.0016160722114363815,3.218966551218941e-05,5.464732801261933e-05,0.0018980209370378597,4.4638357761008415e-05,2.2675476137385696e-05,0.16160722114363815
ltown,hybrid,3.548133892335757,52,calibration,0.8033382426389759,0.002621336549806315,0.016583334043626403,0.9821898255299193,0.0005658424333562642,0.0020733392394778273,0.6987716085503481,0.003589354543901803,0.012477553924299103,0.8897699377110797,0.0035838176438894804,0.026340349030824117,0.9103466598184639,0.009806502700159085,0.006494276790922346,0.9811698547651524,0.0007534603613436902,0.0016596890247681407,0.8924495772749927,0.002789718216548326,0.0054427669545393026,0.6987716085503481,0.003589354543901803,0.012477553924299103,0.0018119447151045698,3.857703691416834e-05,6.101007335621243e-05,0.0021086797286513866,5.019301704924542e-05,3.170176710868292e-05,0.18119447151045698
ltown,hybrid,3.981071705534973,53,calibration,0.7896087834748318,0.002654566355022836,0.01756474407526932,0.9803757548482316,0.0005817348920013612,0.002039319513611404,0.69633066523282,0.003346683907952694,0.01299853085300937,0.8874780371570167,0.003191414702434887,0.026184595465372638,0.9069434895206053,0.011004418533993417,0.006566408253117949,0.9791628825902937,0.0008241235831749928,0.001981902215258547,0.8900581658697935,0.003136381990950941,0.005500438942200125,0.69633066523282,0.003346683907952694,0.01299853085300937,0.002030186975011335,3.4195525413594225e-05,6.787063709984766e-05,0.0023421966912068977,5.349326840309589e-05,3.6743323059567505e-05,0.2030186975011335
ltown,hybrid,4.4668359215096345,54,calibration,0.7746917419228169,0.002629144105548524,0.01835837975611486,0.9782938395106151,0.0005863886699105838,0.0020485749573078004,0.6936385820876324,0.003318935257565778,0.013455101252767932,0.8850130048881174,0.0032868610881661656,0.02610894996814636,0.9034895125110897,0.012004402002398915,0.006487128409803984,0.9767845280919575,0.0008472978393304804,0.0022413566065308988,0.8874438934178823,0.003444839243106391,0.005432885073197966,0.6936385820876324,0.003318935257565778,0.013455101252767932,0.0022785065874557833,3.6814931094764674e-05,7.105635299918421e-05,0.002605139409745075,5.5624379003932176e-05,4.167460016040681e-05,0.22785065874557833
ltown,hybrid,5.011872336272725,55,calibration,0.7591721343482959,0.0027587395534699392,0.01932153804567381,0.9761604035257181,0.0006236120325975505,0.002003856447005397,0.6909425711902017,0.003703432708857274,0.013464700668068527,0.8825201205326769,0.0032836046204323473,0.02600056242999054,0.8999437846540179,0.013379192749681452,0.006647394616260304,0.9741174326377077,0.0007950818261816268,0.0023916421769560156,0.8847368625080644,0.00374429381464787,0.005546740863580061,0.6909425711902017,0.003703432708857274,0.013464700668068527,0.0025486890378207065,3.692876658448661e-05,7.38655863181106e-05,0.0028886990100593234,6.075581817392193e-05,4.2881985138015195e-05,0.25486890378207067
ltown,hybrid,5.623413251903491,56,calibration,0.7391116865455722,0.009790366726054656,0.020569185999772713,0.9729048546027906,0.001839956432661006,0.0016973165411770807,0.6879042665406508,0.003854871110942792,0.013798988658442077,0.8792679880569484,0.00236882898721917,0.026288886817308586,0.8959437615489875,0.013562690293154284,0.006742225292080247,0.9700947328183598,0.002386430166251033,0.002526606241964175,0.8812231207135475,0.003120883329437525,0.005707455062800486,0.6879042665406508,0.003854871110942792,0.013798988658442077,0.0029195522829731494,0.00022426850201343995,8.01655940435166e-05,0.003272351477711064,0.00018491235029926222,4.6566751271306586e-05,0.29195522829731496
ltown,hybrid,6.309573444801936,57,calibration,0.7098685348652629,0.041935341630245385,0.021589836623270596,0.9665749549922034,0.011240983274866903,0.002040942963717586,0.6839585656783674,0.003481180455550718,0.013392166326136655,0.8738663687003381,0.005838901779563177,0.026186864179466793,0.8899420587357459,0.012863006132272203,0.0067748901145002986,0.9632337306981102,0.010811407524132451,0.0026494048282523805,0.875515135760953,0.006514383516869439,0.005615911617833642,0.6839585656783674,0.003481180455550718,0.013392166326136655,0.0035480158377065377,0.001053792174499104,8.52588753349895e-05,0.003914023078952969,0.0010075974856209417,5.6064363259216954e-05,0.35480158377065374
ltown,hybrid,7.07945784384138,58,calibration,0.6570956806828618,0.06862690193767877,0.023382604641317604,0.9534118801445612,0.02023942616611483,0.002776992077507234,0.6774066365111888,0.0057384118810385135,0.013830908670295773,0.862765178262046,0.012771248422375973,0.026092447671667247,0.8791458943518313,0.017112683002653215,0.006356064786691667,0.9497585625624579,0.020076762423364942,0.0025859900858959672,0.864497630366417,0.01390100787056402,0.0055207837873616486,0.6774066365111888,0.0057384118810385135,0.013830908670295773,0.004860247553033984,0.0020151775608188705,9.461944373983728e-05,0.005235458444921528,0.00197552730872719,7.05516321555636e-05,0.4860247553033984
ltown,hybrid,7.943282347242821,59,calibration,0.5646366408087411,0.07225703984511163,0.025743741361410482,0.9258693909737763,0.025730845802592297,0.004521301257823548,0.6665130554982983,0.0071604968810614275,0.013788264338040266,0.8405514683520391,0.018248445112973223,0.026385871653614574,0.8584823788040862,0.019250914306543184,0.005913816672544905,0.9219195800651752,0.025470381141796446,0.002988142739843722,0.842667174738675,0.01819699137389994,0.005677468694009919,0.6665130554982983,0.0071604968810614275,0.013788264338040266,0.0075866060101304885,0.0026879887092186674,0.00011697451303887673,0.007968743122202488,0.0026490757892978153,9.185568680061008e-05,0.7586606010130489
ltown,hybrid,8.91250938133746,60,calibration,0.483303634821487,0.0725039009741176,0.025825287380945142,0.8949876821191863,0.030219110165289238,0.006506462205087242,0.6544626593740673,0.00859228006507735,0.014977047698139486,0.816005389117467,0.021999410346792793,0.02643284700613924,0.8352979351769954,0.020750376104213056,0.005855323111206733,0.8916281278760969,0.03055097314311335,0.003537362977929798,0.8184763587327625,0.021677819623174766,0.005327573929645131,0.6544626593740673,0.00859228006507735,0.014977047698139486,0.010866194983753415,0.0033675484625352624,0.00014537421233814843,0.011247708928001688,0.003322139085298081,0.00012394516710386106,1.0866194983753414
ltown,hybrid,10.0,61,calibration,0.41116487014758357,0.05890213850230978,0.024997889181928253,0.8611685989229034,0.03133064425782572,0.0082347899679827,0.64029806413272,0.008832125448811063,0.01728419423399552,0.7889616002104295,0.024294225511900344,0.026637268481599113,0.8086939691671186,0.021863567309972496,0.0059173558941968225,0.8570952114193816,0.03149912467767978,0.004860472815242021,0.7912434887705105,0.02293878227400437,0.004795446408823587,0.64029806413272,0.008832125448811063,0.01728419423399552,0.01473253628568056,0.00378784283071909,0.0001793874607792903,0.015117752459786239,0.0037423675098503116,0.00016706025253683285,1.473253628568056
ltown,hybrid,11.220184543019641,62,calibration,0.35242786633808254,0.04818851551907407,0.023500279276540446,0.8267649867972525,0.03198058381223305,0.008912112830661827,0.6256285467423084,0.009414303461532924,0.018478827372184398,0.7604963866177791,0.02551662468979406,0.02571610562211028,0.780608735230403,0.022673414958274133,0.006500250521937019,0.8215178750533094,0.03208666390877114,0.006546589087919222,0.7630033060882103,0.023780792841942233,0.004178305445064609,0.6256285467423084,0.009414303461532924,0.018478827372184398,0.019059145675007824,0.004230739151978811,0.00022001683832412948,0.01944833603628406,0.004183199828290752,0.0002184098366878734,1.9059145675007823
ltown,hybrid,12.589254117941675,63,calibration,0.304343002786044,0.0399815597214273,0.021710866174186876,0.7918288399036079,0.03278947673904668,0.009448585252658367,0.6108390561169397,0.009043789921543999,0.020586345379690733,0.7308594679966414,0.026848004404402284,0.025200837309743995,0.751682261908978,0.02375107311492065,0.0072217529299446045,0.7852008873320293,0.03256359103011257,0.008605741489038842,0.7340821026516393,0.024498549049008292,0.0036153541831942778,0.6108390561169397,0.009043789921543999,0.020586345379690733,0.023865632830814335,0.004750436556338768,0.0002476769454105972,0.024258572526190514,0.004700118893138823,0.000257847957193557,2.3865632830814336
ltown,hybrid,14.125375446227554,64,calibration,0.26232106306281094,0.030058892369688294,0.019882452243363498,0.7540947261654032,0.031184311838699744,0.010218281964504593,0.5952558813832519,0.009640978902738734,0.02339692312423105,0.6986668130626649,0.02588157981759135,0.024478043054269056,0.7200584367578657,0.023315277765601865,0.00810587068025824,0.7474463241633321,0.030224830327500653,0.010175985746794312,0.7031044363065035,0.023553217348498114,0.003212145836662989,0.5952274939688945,0.009679685696738051,0.023354173188989254,0.02943958645056084,0.0050344268118850104,0.0002993047130665846,0.02983859997334314,0.004982647349870077,0.0003169166124575105,2.943958645056084
ltown,hybrid,15.848931924611142,65,calibration,0.22615114255899074,0.022351498620441473,0.017941132353176157,0.7141600299623463,0.028013198910153417,0.010513779439744086,0.5787094283951573,0.009541122395300774,0.02602409013497483,0.6641028430779622,0.023878928880843874,0.022958980672708695,0.6862158550497526,0.022226959130853503,0.00943513873586025,0.7082659975550588,0.027184548676161234,0.011661482486788598,0.6702908308080553,0.021638428369163833,0.0030365141190247034,0.5783074091947482,0.010187846797616272,0.025390673725107813,0.03590130727587871,0.00521249455511124,0.00034037539232723555,0.03630968455530481,0.005156125289301625,0.00036159015705108336,3.590130727587871
ltown,hybrid,17.78279410038923,66,calibration,0.19483389761767902,0.01689371048081277,0.016092819815317034,0.6722160775577228,0.024454154726238277,0.010325792679547596,0.5612293484841107,0.008990859215166415,0.027675859971014013,0.6273570369946525,0.0218559179539876,0.021780374098874445,0.6505880563444149,0.02011067503813953,0.01044470347038431,0.6668969994440709,0.02431192423544562,0.012219905873514283,0.6356575037649944,0.01943938310241477,0.003148267805017404,0.5596913160167293,0.010286181016297233,0.025277974046311363,0.043483979915952806,0.005393879140313894,0.00040586458158903206,0.04390446363773697,0.0053254252235577886,0.000428378576211835,4.348397991595281
ltown,hybrid,19.952623149688808,67,calibration,0.16788197475887218,0.012912633877653802,0.014300118253552178,0.6299336131538854,0.02168074173892075,0.010122353503834074,0.5427325416948612,0.008509203792187482,0.029830035893005227,0.5885782496321773,0.019257810116926358,0.020518296588805784,0.6129852035730459,0.01832898628245522,0.01111268232127937,0.624330964022466,0.021731956919676252,0.012803466178432255,0.5997121144152869,0.017369356958835958,0.0035236624514498665,0.5377241101050686,0.010108971323557273,0.023363542854169153,0.05230712747410889,0.005523517100853615,0.00047775414796997313,0.05274615568550895,0.005445689411523945,0.000503194027948764,5.230712747410889
ltown,hybrid,22.3872113856834,68,calibration,0.14557955268351347,0.010156625620844325,0.01269697461350421,0.5888996786358073,0.019565387119515932,0.010283997525212736,0.5234465308343234,0.008264945099245241,0.032283566637221026,0.5512023388519514,0.01764666723317115,0.019525513133717115,0.5759399601193511,0.016941405377968816,0.012007441293078132,0.5829820676432522,0.01953127477586902,0.012605390595080944,0.564494115216937,0.015778195634955004,0.00385790126674451,0.5145821260101974,0.010547480804413147,0.022716518088720192,0.06212863164484151,0.005746742072203888,0.0005249683406811615,0.06258313911144059,0.005661378060045486,0.0005490552077454854,6.212863164484151
ltown,hybrid,25.11886431509582,69,calibration,0.12691786843001743,0.008223412981650217,0.011244009466106136,0.5489998189839702,0.017907911266493447,0.010114909743179112,0.5041786817576556,0.00840577930918914,0.03423580581478926,0.5149657386608664,0.01647152492629231,0.018060501964303668,0.5402594552971587,0.015635007362501528,0.012351822891051365,0.5430129760247724,0.017740918977264142,0.012278407666685608,0.5302833341448846,0.014663511935136934,0.004394499632378714,0.49051083718450195,0.011601853215161887,0.022088924827490385,0.07306740965553066,0.006073365199131134,0.000574346964730232,0.07353458829197926,0.005979181479521251,0.0006080480709692548,7.3067409655530655
ltown,hybrid,28.18382931264455,70,calibration,0.11121239446672733,0.006771430426995563,0.00995349808484738,0.511052244768077,0.016724068105733302,0.010233670956679092,0.48437398246013275,0.008172582517434255,0.03582003177896716,0.48042991714962713,0.0150200429725891,0.01680043135267346,0.5054255396848151,0.014809450635072122,0.01242242167333433,0.5048768776958615,0.01674005564526057,0.01162006868608595,0.49723171235170266,0.013680057789875473,0.004918904287599135,0.46387973528502446,0.012157327793632522,0.019830318782485108,0.08516319459381383,0.006484687178791332,0.0006118731831268353,0.08563999750262287,0.006386835236073125,0.0006644816131557709,8.516319459381382
ltown,hybrid,31.622776601683793,71,calibration,0.09787730747069359,0.005743646409265625,0.008850582331852878,0.474360362493235,0.015830407459647037,0.00996820310528845,0.4651758946171855,0.008225832857035185,0.0367795088680789,0.44705220025506803,0.014170392717418502,0.01569081544148392,0.47190567652675625,0.014072888125894488,0.0120844411749307,0.46861397303557834,0.015610423424008289,0.011328536357553114,0.4654216213855646,0.01286731616320181,0.005238914079611532,0.43540970065482054,0.012108736359730159,0.016333277743173093,0.09855040891803919,0.007071108924869428,0.0006465289558797714,0.09903962643800895,0.006961496001850638,0.0007057436970377305,9.855040891803919
ltown,hybrid,35.48133892335757,72,calibration,0.08640831584939858,0.004959294878689262,0.007870156507088864,0.43969668012680496,0.014922729919094093,0.009876741006527698,0.44647126824219363,0.007704414097017163,0.03740243725224463,0.4150330390085626,0.013258839846762783,0.01450249620114049,0.43956949822747954,0.013857206075218158,0.011768502418732788,0.43387277812829783,0.014511168655383159,0.010456454501379216,0.4349286527466677,0.01213198290915947,0.005564241324127012,0.4064954689760587,0.011680814746611208,0.011989033967878211,0.11344565383822729,0.00782234368976583,0.0007016863941785378,0.1139423395737295,0.007695301036658421,0.0007705831793912968,11.34456538382273
ltown,hybrid,39.810717055349734,73,calibration,0.0765614859806945,0.004330350562978409,0.006996042531521712,0.4066074714339606,0.013992108724131442,0.00965901451224855,0.42743992530147057,0.008142824139925219,0.038160610449942976,0.38503026478129443,0.012780922193426096,0.01309107853709878,0.4085884297875274,0.013683701807757291,0.011594627893615856,0.4013433553630452,0.01389243610288019,0.010194697235871806,0.4058018893334597,0.01168816061362626,0.00600517561317683,0.37865502520490096,0.011416230698734204,0.008722779737124936,0.1298420458404758,0.008669393467045336,0.0007558851393713086,0.1303524249930616,0.008538050733450375,0.0008284779517487646,12.984204584047578
ltown,hybrid,44.668359215096345,74,calibration,0.06803339513330177,0.0038241337836719563,0.006220993223847122,0.3754673518287176,0.013453674451854077,0.008966646027803653,0.4082242228887097,0.008377887032811067,0.03854969255640636,0.35646571080539075,0.012316317465443205,0.011848283198011091,0.3793520955431954,0.013150104351875459,0.011594194779174503,0.3707727586392453,0.01339013335576255,0.009568216580265645,0.3780564279410517,0.011299224267667366,0.006254834310931121,0.35187260129168546,0.011436057311334546,0.0070701530870387035,0.14789628038469885,0.00969107750331728,0.0008063396663294418,0.14841710981916115,0.00955177334477074,0.0009070414039059498,14.789628038469885
ltown,hybrid,50.11872336272725,75,calibration,0.06060994318726533,0.0034553048462454875,0.005557802772421257,0.34654696590995976,0.012998523309693916,0.008519733821946266,0.3897781619903792,0.008372444669794013,0.0380706725293413,0.329475059944072,0.011813317886796001,0.010942890665295983,0.3519167115913722,0.013007978098651986,0.011465460289512563,0.34203497245766973,0.012818549012362368,0.00891983412697919,0.3519503743786906,0.010956731949735548,0.006283920669351777,0.3261545826734675,0.011282519607813882,0.006531088531594765,0.16787669066566824,0.011093344459582486,0.0008325153042017993,0.16838974575577242,0.010927361844940052,0.0009727373922131673,16.787669066566824
ltown,hybrid,56.23413251903491,76,calibration,0.054108702315573076,0.003142123805302545,0.004961114284650384,0.3196352915755014,0.012736200761587007,0.00789297597477882,0.3713717821922938,0.0089860360637699,0.03817318603171553,0.30446750734953826,0.011458061623454353,0.009640312152004584,0.3258065509403385,0.012902362422564193,0.010871212267505339,0.31503422515744206,0.012389289999292466,0.00822835606041627,0.3272630714430228,0.010886351782873522,0.006540487643778884,0.30195720880126903,0.011304722497166832,0.005971340646167195,0.1899494091537564,0.012677590043536338,0.000888792669934162,0.19044559682151005,0.012499111321947079,0.0010516966384946824,18.99494091537564
ltown,hybrid,63.095734448019364,77,calibration,0.04839348188284695,0.002860322044854756,0.0044421507042177125,0.2944572331159659,0.012273571122739215,0.007488439621207525,0.35268558860442867,0.008973239942317463,0.03773707641370084,0.28097702718705503,0.011123730810476344,0.008646393675720789,0.3012497068199916,0.012645174392171318,0.01019438307954713,0.28991015632978784,0.012159987986541864,0.007528841778107856,0.3038559424114458,0.010676338079512803,0.0065867205589424495,0.27873381557552607,0.011077632691348678,0.005485026147682582,0.21430682813378427,0.01445556013769118,0.0009540358455302209,0.21477837991447835,0.014264155435074786,0.0011320793771342228,21.430682813378425
ltown,hybrid,70.79457843841381,78,calibration,0.043380358020479785,0.002620350433924087,0.003995535103859956,0.2710153736025345,0.01179305128417535,0.00686424305396931,0.33379117517944057,0.00875660516995976,0.03654797188988647,0.25914969339113864,0.010647086654515763,0.007623688071473161,0.27837429439720823,0.012387189983221305,0.009589888895402693,0.2667609418576859,0.01178250699427647,0.006873553167170446,0.28181829568560157,0.010325829044211064,0.006443267508180271,0.25711007189331675,0.010617637552560344,0.004822735330251887,0.24100292514519314,0.016553890975152828,0.0010108982513676941,0.24144082025559738,0.016333482882930357,0.0011921806238230249,24.100292514519314
ltown,hybrid,79.43282347242821,79,calibration,0.03894874095630325,0.0024089340560674998,0.003599115374835441,0.24956811254948424,0.011413114201879121,0.006229826634727917,0.31572622143705414,0.008367269066763194,0.03552901268826117,0.23890704200556184,0.010324196416803353,0.006612625671853392,0.25697288115859696,0.012241287775983573,0.009216528209916077,0.24524794847403622,0.011278622823219063,0.00633553035822438,0.26128444112494675,0.010043550613579519,0.006360186813973879,0.23707394490078879,0.010378667723110191,0.004179613337805407,0.27037755027186816,0.018915086436061497,0.0010769812426249436,0.2707501717588002,0.018668047210846264,0.0012633872322538886,27.037755027186815
ltown,hybrid,89.12509381337459,80,calibration,0.03501306132930111,0.002233948577612735,0.0032469891808755797,0.229286826675239,0.011095813934649198,0.005654146100572926,0.29724619759605536,0.008432330888591478,0.03394792028685237,0.2199244123193333,0.009865679652125666,0.005817252220671689,0.23676407535934402,0.011873407326225714,0.008801966235916866,0.22540147099141347,0.010956566248840614,0.005691644792560381,0.241724596588277,0.009788186763908737,0.006086984657427736,0.2182377438287097,0.009947902267536194,0.0035367518462575674,0.3026987183937521,0.021751929797208563,0.001135480076456952,0.3030238809923155,0.021457027119980328,0.001327755548862391,30.269871839375213
ltown,hybrid,100.0,81,calibration,0.03151065072372641,0.0020745341070118207,0.0029331917888822077,0.2106513931690837,0.0106983594012358,0.004998381007131507,0.27923863611500366,0.008277710261156168,0.032369864169173757,0.2024460942542458,0.009451036261574711,0.0051528987078747115,0.21801949948664176,0.01141099532038236,0.008344990516316547,0.20700993986071542,0.010614303130790984,0.005249919683908696,0.22347311257713803,0.009452931189058522,0.005900921013380117,0.20082191665206314,0.009515316915807275,0.002905222513034018,0.33828856418622166,0.02502506616611591,0.0012375551672604602,0.3385292663319983,0.024666985384816972,0.0013729095395383748,33.828856418622166
ltown,lightgbm_3h,0.0,0,calibration,0.7869699331236417,0.0314526014033719,0.017772516199585482,0.9626377336173227,0.024897960259943785,0.005686714032091235,0.4674178665092468,0.04484248318803175,0.03870420121965398,0.698792041883231,0.027574966184400803,0.04795193838723638,0.4924994508903387,0.05744154879909122,0.0385354292225962,0.9613460806763219,0.025195075600933925,0.00489381395005134,0.7165386347152922,0.03518202110007187,0.014960781804297801,0.4542966118345573,0.048405927305759766,0.027269613552225788,2.729282085657126e-07,2.1655310464469758e-07,2.806367233902301e-07,4.6215029791464207e-07,3.965573251096655e-07,4.5270856506673854e-07,2.7292820856571262e-05
ltown,lightgbm_3h,0.01,1,calibration,0.8883305384958613,0.003603705441556639,0.013439184416775241,0.9953795558825692,0.00026472049633726846,0.0014766677120864667,0.6832937973673743,0.006938753110821304,0.02966804366852944,0.8371046830845679,0.00648081440073982,0.04359041310401746,0.7763132195891639,0.013202826984770738,0.028357553039881366,0.9958974016198007,0.00029575060867083526,0.0015770537775883066,0.857597731508695,0.0042813450565255835,0.01277470230258459,0.6832937973673743,0.006938753110821304,0.02966804366852944,5.1696002002883395e-05,2.290418532699259e-06,6.2676821602758446e-06,0.000102929674294574,6.626541685293855e-06,1.2253693447969637e-05,0.00516960020028834
ltown,lightgbm_3h,0.011220184543019636,2,calibration,0.889777019979665,0.003426282786194061,0.01324805275249769,0.9954190702194997,0.00027973662813178323,0.00146459034217087,0.6864090343014065,0.0067350233197882884,0.028566939572772385,0.8404754938544723,0.006101602112122544,0.04307942742018091,0.7822310958334618,0.012359701140689574,0.028066042217458002,0.9959587154607475,0.0003242715546140623,0.0015229339082419844,0.8600986819339176,0.0041243879949297325,0.012479370695126515,0.6864090343014065,0.0067350233197882884,0.028566939572772385,5.757008137079654e-05,2.3847452718626626e-06,6.954428231071885e-06,0.00011172429783787817,6.6447485915327395e-06,1.2443366393994155e-05,0.005757008137079654
ltown,lightgbm_3h,0.012589254117941675,3,calibration,0.8911897379713856,0.0032859511380265265,0.013069656421097024,0.9954037080881357,0.00028459530664853454,0.0014633111024066484,0.6890122327776894,0.0065682345916109495,0.028206084507195372,0.8436051917889485,0.005910974543997565,0.04291355960036043,0.7883622598507366,0.011706812412078958,0.027525009112496134,0.9960393818024288,0.00033070244160426037,0.0015087604067544308,0.8624845548615879,0.004119214849015557,0.012178364555593308,0.6890122327776894,0.0065682345916109495,0.028206084507195372,6.35315629421545e-05,1.5045400781840245e-06,6.61519325338573e-06,0.00012065775849234655,7.297266311710564e-06,1.1996248725049176e-05,0.006353156294215451
ltown,lightgbm_3h,0.01412537544622754,4,calibration,0.8924629708294869,0.0031918269308561205,0.012962749771143691,0.995422331973439,0.0003062276585621197,0.0014512501505045102,0.6914774664649197,0.006371008986870369,0.027474256737317872,0.8467295927505187,0.005651424257556996,0.04246020118527875,0.7946125875383392,0.01163789854544943,0.02703138494604925,0.9960867554475139,0.0003029841839210494,0.0014504277798657325,0.8648657468349462,0.004121365555564431,0.011872049602698125,0.6914774664649197,0.006371008986870369,0.027474256737317872,7.111467654747102e-05,1.6712736126491156e-06,6.671187379242586e-06,0.00013178721030954776,8.668012274239866e-06,1.2246255721255661e-05,0.007111467654747103
ltown,lightgbm_3h,0.015848931924611134,5,calibration,0.8934709820242722,0.003094375654219165,0.012833989081437193,0.9954107959277424,0.000340343665337907,0.00144556520347357,0.6935425047391385,0.00620431633048726,0.02659264423553896,0.849602569955519,0.005373481599213963,0.0421051845218486,0.8004884608710242,0.011176517306285334,0.026292711006722053,0.9961073343335545,0.00031904168317916374,0.001410098898581722,0.8670303331653958,0.004028437502859479,0.011622816587073068,0.6935425047391385,0.00620431633048726,0.02659264423553896,8.025181485964078e-05,2.233044200330295e-06,6.63127458047121e-06,0.0001442688493924589,8.047529509538595e-06,1.2458128418646983e-05,0.008025181485964079
ltown,lightgbm_3h,0.01778279410038923,6,calibration,0.8944685681901168,0.0028103310261703264,0.012498432695771167,0.9953231770548381,0.00040229640519378186,0.0014129767022652315,0.6957776484093984,0.0059820191201290455,0.026318285752370815,0.8525101162419629,0.00496665163251833,0.04168131598157301,0.8062524076830722,0.009448998186207199,0.025315431496497353,0.9961242379513383,0.0002970531946019743,0.001364705237969341,0.8691975174681219,0.0036128116590542444,0.011161358459818754,0.6957776484093984,0.0059820191201290455,0.026318285752370815,8.953586713616963e-05,1.913618288101953e-06,7.48928014670207e-06,0.00015698164939670066,6.293180155138303e-06,1.3492278878324895e-05,0.008953586713616964
ltown,lightgbm_3h,0.0199526231496888,7,calibration,0.8954715185359373,0.002529724804390229,0.012173126525796612,0.995298653532615,0.00038016463810820115,0.0013448334127080378,0.698368022149258,0.0051979361799337894,0.02518427661652446,0.8555657676489692,0.004689018367130352,0.041119305099459366,0.8122136159711053,0.008557596559504171,0.02474183604477002,0.9962448067577107,0.0002933552964692615,0.001277271436948573,0.8715381732119316,0.0033328667670431875,0.01070961465060652,0.698368022149258,0.0051979361799337894,0.02518427661652446,0.00010039025613595951,2.3205117591197667e-06,8.681173130391097e-06,0.00017160082836521716,6.927652613016762e-06,1.3767555167455089e-05,0.01003902561359595
ltown,lightgbm_3h,0.0223872113856834,8,calibration,0.896237822545867,0.002407040877202668,0.011785370927899878,0.9952581036127376,0.00031285590448894334,0.0013154628250863286,0.7002109992842381,0.004888529411971996,0.02467906959331676,0.8579823093811664,0.004258600410588801,0.0405601256670806,0.8177216216142936,0.008129264552155128,0.02361440052738918,0.9962798554386224,0.0003021287409929412,0.0012421127205441186,0.8734905778662116,0.003158210585322236,0.010242690285623112,0.7002109992842381,0.004888529411971996,0.02467906959331676,0.00011107645232025051,2.6388345045959337e-06,9.69268827818135e-06,0.0001855846721606197,6.4050942678934795e-06,1.4834757995416084e-05,0.011107645232025051
ltown,lightgbm_3h,0.025118864315095794,9,calibration,0.8968803106038167,0.0022394679780590194,0.011567753224595323,0.9952010235454724,0.0003381346540536898,0.0012904427894118496,0.7018412022982898,0.004926763154722292,0.024138833478164215,0.8607948643000943,0.004136507626890282,0.03953297957807149,0.8232005839168831,0.007707245690426033,0.02328704709345667,0.9962927170127144,0.0003128292011223707,0.0012450684233212893,0.8754660782146908,0.0030474843239285377,0.009857569769024044,0.7018412022982898,0.004926763154722292,0.024138833478164215,0.00012333853424045745,3.5886216180329272e-06,1.0219969996975398e-05,0.00020156792106192868,8.47640183363059e-06,1.4929150389872544e-05,0.012333853424045745
ltown,lightgbm_3h,0.028183829312644536,10,calibration,0.897398713317989,0.0021561645523822236,0.011271001560824837,0.9951516318275117,0.000354037269356088,0.0012351408998666979,0.7040393441361619,0.0043610403593490185,0.02369921530942335,0.8633026910176159,0.0039801280144173366,0.03894151625535815,0.8287750903239027,0.0072425943491116265,0.022438070750896533,0.9963046455721757,0.0003117040688222535,0.0011935234846088437,0.8775146805754735,0.0028261325673923266,0.009504332277284849,0.7040393441361619,0.0043610403593490185,0.02369921530942335,0.00013789023426727658,3.0546937010774447e-06,1.1135205241487308e-05,0.000219619980882319,7.770590060406433e-06,1.5904419827255838e-05,0.013789023426727658
ltown,lightgbm_3h,0.03162277660168379,11,calibration,0.8976651163430357,0.0019902548037186193,0.011064413390898727,0.9950948955963373,0.000307882601844611,0.001220710929740065,0.705826518295938,0.0049733778234518685,0.023373819097781388,0.8657712662324074,0.0037600688500976876,0.038541475330174386,0.83408486797392,0.007217691436957932,0.022178264361406946,0.9961900501576355,0.00029922110695579336,0.0012092750263489175,0.8793935196512478,0.0027720503638854676,0.009215274833358024,0.705826518295938,0.0049733778234518685,0.023373819097781388,0.00015403704330807326,4.94302928123163e-06,1.2406048311700177e-05,0.00023984471509371912,9.78262600787112e-06,1.6891012393869596e-05,0.015403704330807327
ltown,lightgbm_3h,0.03548133892335755,12,calibration,0.8976810519285167,0.0017825888876304298,0.010859300783092614,0.9950503020048826,0.00029754857927102315,0.0012340138617393925,0.7072039944918062,0.005070184652642225,0.023439755485286737,0.86827824834735,0.003372852471655344,0.038165997113260595,0.8389627738731281,0.006874836947040135,0.021662626503246477,0.996046651966863,0.0002948002494717497,0.0011634777056786524,0.8811083941368061,0.002589452924330655,0.008919252123511183,0.7072039944918062,0.005070184652642225,0.023439755485286737,0.0001719252194231675,4.649125729908546e-06,1.3096076017212446e-05,0.000262230753957748,9.202490420548577e-06,1.7783702764650004e-05,0.01719252194231675
ltown,lightgbm_3h,0.039810717055349734,13,calibration,0.8975731546569974,0.001636413393624921,0.010629399483302106,0.9949569124169269,0.0003065577327526725,0.001169315512242271,0.7083349387664772,0.005391523299976592,0.02364606182632603,0.8705939577857026,0.0033139493010382677,0.03771061290052036,0.8444573508668178,0.005962007587022586,0.021301378865908733,0.9959875683574437,0.000295037855901146,0.0011692066212699035,0.8828661456386737,0.002397915939057723,0.008677788195490973,0.7083349387664772,0.005391523299976592,0.02364606182632603,0.00019245561127844126,3.8184234385863495e-06,1.5555124503700514e-05,0.0002877482978337464,8.379875710010353e-06,1.9533007246802155e-05,0.019245561127844125
ltown,lightgbm_3h,0.0446683592150963,14,calibration,0.8972083796468753,0.0015477258449255102,0.010528926025299423,0.994844422544377,0.0002935023901475359,0.0011589095679752919,0.7090393538658141,0.0051223305087677844,0.02357267911449892,0.8728940828718953,0.003201052088655985,0.037372983512992834,0.8500339040141635,0.005398585644962166,0.020592975021480886,0.9958488937443108,0.00031168167250251994,0.0011713774350192833,0.8845321314081122,0.0021824947139158857,0.008541376809691682,0.7090393538658141,0.0051223305087677844,0.02357267911449892,0.00021594742041486083,4.836382323231371e-06,1.6296495183969778e-05,0.0003163641430698989,7.696023648907316e-06,2.119861309818388e-05,0.021594742041486082
ltown,lightgbm_3h,0.05011872336272725,15,calibration,0.8966051304541539,0.001497373723779622,0.010349737831935506,0.9947276855006296,0.00029231636613759874,0.0011970563623552204,0.7093467682314396,0.004758269452953071,0.023568876292053623,0.87506674411515,0.0031822786165727358,0.03725223073251571,0.8546401973831689,0.005343308947000566,0.01969077086437277,0.9957527864335014,0.00032807839058144255,0.0011317925076619155,0.8859068363327778,0.0020515784196997082,0.008372840647600223,0.7093467682314396,0.004758269452953071,0.023568876292053623,0.00023966282074916324,5.151502916757229e-06,1.8251272361752467e-05,0.0003449905531060565,8.150970499415284e-06,2.2484265924408802e-05,0.023966282074916325
ltown,lightgbm_3h,0.05623413251903491,16,calibration,0.8955414167354857,0.0014045955893227944,0.010302810174836462,0.9945881359036488,0.0002872292642464396,0.0012115781742708957,0.7095084264797967,0.004321058632702103,0.02292242898601448,0.8773937254914697,0.0032400337241142,0.036781859556564815,0.8593286323726322,0.004936807597950151,0.019421632111190357,0.9956582952247712,0.0004059833135644515,0.0011183831790580966,0.887295443094464,0.0019108170650276703,0.00813383275860468,0.7095084264797967,0.004321058632702103,0.02292242898601448,0.00026976574698150155,4.326909164436076e-06,2.0259476723136915e-05,0.0003804819848701516,8.342381581954352e-06,2.4632334321318365e-05,0.026976574698150155
ltown,lightgbm_3h,0.06309573444801933,17,calibration,0.8942301919252579,0.0012203970223526744,0.010252348318783876,0.9943945988448875,0.00035010785019011015,0.0011836847361925312,0.7093755960214901,0.004049605191093444,0.02316047851871619,0.8794536904005176,0.002983295325441924,0.0366636810207927,0.8643281483149383,0.004608701165383215,0.018792093192075077,0.9954854974148817,0.0004397750452357837,0.001087764274402613,0.888607506199343,0.0016135431960002371,0.007865344318181202,0.7093755960214901,0.004049605191093444,0.02316047851871619,0.00030319940299287505,3.97207401931082e-06,2.0926921780310616e-05,0.0004197303757767906,9.143294821509296e-06,2.640827322850898e-05,0.030319940299287505
ltown,lightgbm_3h,0.0707945784384138,18,calibration,0.8926760346846192,0.0012009999862590325,0.010369959500714038,0.9942339557549642,0.000353230083236932,0.0012530042412779142,0.7093957261253976,0.004259044623969732,0.02258549312136567,0.8817234527630189,0.002906327548159041,0.03651026321258508,0.8693334439814393,0.004205024414709257,0.018158304895811526,0.9952268580877902,0.0005117788261261016,0.0010981952576099793,0.8899826873425221,0.0014574930333756525,0.007836803186276798,0.7093957261253976,0.004259044623969732,0.02258549312136567,0.000340318924211698,4.225264225415281e-06,2.3316164923037702e-05,0.00046316206913762226,8.400477472687718e-06,2.9176288927870876e-05,0.0340318924211698
ltown,lightgbm_3h,0.07943282347242814,19,calibration,0.8904833158709148,0.0011589072882675568,0.010366690108923809,0.9940725192104691,0.0003669897066528245,0.0012341027915400687,0.7080003253997298,0.003960231524391734,0.02230573455886351,0.8835883743718551,0.0028488456190583567,0.03627501586105787,0.873824166904855,0.0036063137226121796,0.017525375597301253,0.9949857733081414,0.0004744465721550008,0.0010248508644028756,0.89089423183901,0.001354567389489144,0.007686790664344269,0.7080003253997298,0.003960231524391734,0.02230573455886351,0.00038269409903689754,5.045252709137039e-06,2.6624421771884848e-05,0.0005112731160733192,8.187367259903935e-06,3.097088599023317e-05,0.03826940990368975
ltown,lightgbm_3h,0.08912509381337459,20,calibration,0.8881512379063974,0.001111825114027403,0.010498326102234244,0.9938703591725169,0.0003948945097073903,0.0012064452245370775,0.7073133765387207,0.004173979629891648,0.021843775280234023,0.8856763836975905,0.0026920155557472354,0.03581585556788665,0.8784773666934991,0.0034398953822874856,0.017037560350739937,0.9946825961872113,0.0004509767741357432,0.0010755079581468813,0.8920040164579075,0.0013542972466397754,0.007518420802204218,0.7073133765387207,0.004173979629891648,0.021843775280234023,0.00042892128931885703,6.360064874274313e-06,2.7939771161983556e-05,0.0005629448086663724,8.322755844185815e-06,3.310029298657221e-05,0.0428921289318857
ltown,lightgbm_3h,0.1,21,calibration,0.8851960800887205,0.0010916740390590242,0.010520697916575094,0.993583380150353,0.000419596833240019,0.0012145431354830404,0.7056023605800373,0.0041935895179774476,0.021369043130217428,0.8876125282322775,0.0024313243094833963,0.0355519643581353,0.8831001044294874,0.003457584243509885,0.0163020033820742,0.994367328346479,0.0005424287697853052,0.0012155991086732975,0.8928531403477269,0.0014057932621924245,0.007356503357931424,0.7056023605800373,0.0041935895179774476,0.021369043130217428,0.0004821930128273651,6.016991624592163e-06,3.118851442859886e-05,0.0006226595367425598,9.920908258550002e-06,3.550223384588724e-05,0.04821930128273651
ltown,lightgbm_3h,0.11220184543019636,22,calibration,0.8818405333614215,0.0010338838695252894,0.010707698732415156,0.9932618517469917,0.000503122564549663,0.0011829015096304764,0.704443974978669,0.003479207192170918,0.020557528041055522,0.8897308309232203,0.0024342843236522605,0.03532066378803441,0.8871324951336903,0.0035985007043437623,0.015705552266038432,0.9940021593936439,0.0005512047621494554,0.001301623252717522,0.893714262435243,0.0013746307649591374,0.007323671142393234,0.704443974978669,0.003479207192170918,0.020557528041055522,0.0005409847175697445,4.591365831113437e-06,3.4313611252051445e-05,0.000687043556234969,9.994753789752296e-06,3.74186293485247e-05,0.05409847175697445
ltown,lightgbm_3h,0.12589254117941676,23,calibration,0.8780577310778337,0.001020566385697955,0.010954851068447213,0.9928634405595876,0.0006161649364772793,0.001279254770360262,0.7026716059654731,0.002862762274900163,0.02017138288608916,0.8917438126791286,0.002407151049145431,0.03488808828718321,0.891119181045256,0.003217950412385137,0.01476323593349714,0.9936007784729217,0.0006367613973733188,0.0013559472651358388,0.8943997637444733,0.0010724338049819349,0.007128034941965498,0.7026716059654731,0.002862762274900163,0.02017138288608916,0.0006050021184466228,5.486843670970307e-06,3.661156742682985e-05,0.000757031520641634,1.105398487752694e-05,3.853783442698649e-05,0.06050021184466228
ltown,lightgbm_3h,0.14125375446227548,24,calibration,0.8737564763923388,0.000969468449415413,0.0111011156007789,0.9924295661585433,0.0006624332104277809,0.0013568537443122007,0.7017330789718257,0.0031802156103227434,0.019003323730591857,0.8934727454576056,0.0022294819219592435,0.03445271572120101,0.8950057052553931,0.0031614228599848872,0.014150065828014388,0.9930498302182951,0.0007253787135294512,0.0013390550627217753,0.8951381852123325,0.0010305651492750745,0.006755632960933363,0.7017330789718257,0.0031802156103227434,0.019003323730591857,0.0006771517093450085,6.6777461912683875e-06,3.935700738814001e-05,0.0008349941668366835,1.3148562192759655e-05,4.0391590902529307e-05,0.06771517093450084
ltown,lightgbm_3h,0.15848931924611143,25,calibration,0.8687394169848482,0.0009786113212913031,0.011298235247527898,0.9918862018832605,0.0007187482200397806,0.0013903704729513818,0.6996329547563902,0.002780430638111872,0.018526051694650096,0.895234362571937,0.0024277610650188363,0.0340538156166762,0.8991524500808644,0.002858772749733125,0.01352042233443041,0.9925475184841355,0.0008500327157486213,0.0013533466438627021,0.8956906975553175,0.0008854884986031664,0.006510242557105527,0.6996329547563902,0.002780430638111872,0.018526051694650096,0.0007602229908049404,6.977918871533839e-06,4.149400822508955e-05,0.000924443899667614,1.4009603380882028e-05,4.1298809287619514e-05,0.07602229908049404
ltown,lightgbm_3h,0.1778279410038923,26,calibration,0.8631482586638284,0.000852192130471687,0.011847512421270688,0.9913569395596319,0.0008959729515007304,0.0013502956851474239,0.6976310391710445,0.002955526655022299,0.017897301665618502,0.8970357269896443,0.002490838927462626,0.03366706335421126,0.9028815036560548,0.0027992170274710967,0.012569084143522424,0.9919505658865767,0.0009912793359851172,0.001420238708106962,0.8961711550525905,0.0007874350644341206,0.006369771449568186,0.6976310391710445,0.002955526655022299,0.017897301665618502,0.000851903402977604,9.207285350052049e-06,4.1043324188464945e-05,0.0010218684115318839,1.8389295037519046e-05,4.01316564953458e-05,0.0851903402977604
ltown,lightgbm_3h,0.19952623149688797,27,calibration,0.8565423457772738,0.000619160384025492,0.012324746087796113,0.9906982950795709,0.0009093254477758919,0.0013436640578199073,0.6947252502620989,0.0035987351775382524,0.01713138660750172,0.8984403214712664,0.0022379066590320785,0.033463762159283574,0.9066948744109253,0.002705089687478111,0.011800502086880302,0.9910772372097085,0.001098449223330618,0.001625370587754267,0.8963271956867139,0.000743397892263726,0.006182817774580823,0.6947252502620989,0.0035987351775382524,0.01713138660750172,0.0009579058115040191,4.895892605692901e-06,4.31824093559256e-05,0.0011345823525004772,1.6118321689485434e-05,4.120948162714272e-05,0.09579058115040191
ltown,lightgbm_3h,0.223872113856834,28,calibration,0.8495631052362845,0.0006790943559390655,0.012708460152468418,0.9899099224883314,0.0010602633752848365,0.00154017313802098,0.6921516136803264,0.0032822862355272454,0.016214333133654547,0.9001385326478412,0.0017384148435355734,0.033052925336545934,0.9102449410866078,0.0026237089995859676,0.011209891533056624,0.9901601785223778,0.0011267012098527534,0.0017531546888957285,0.896521037685097,0.0006732433717920001,0.0059123099756926084,0.6921516136803264,0.0032822862355272454,0.016214333133654547,0.0010719953129114533,6.497530467149571e-06,4.6140514397024144e-05,0.001254855473573174,2.0071598893919267e-05,4.45940232448493e-05,0.10719953129114533
ltown,lightgbm_3h,0.25118864315095807,29,calibration,0.8412512269815782,0.0008010107114222982,0.013395630745053497,0.9889406587673975,0.0012232012812885063,0.0016041164715864505,0.6891427719053501,0.0028271638164477702,0.015622683993304222,0.9015064094404194,0.0016957560426630368,0.032703799489952806,0.9132948546973868,0.0023708737882742986,0.01072970435307553,0.9889769959130401,0.0013030780116789953,0.0018522387389986945,0.8963723381447188,0.0005837683185568386,0.005958051938094402,0.6891427719053501,0.0028271638164477702,0.015622683993304222,0.0012054608964750908,7.896270876986833e-06,4.896142433402438e-05,0.001394430396965907,2.3624419077201543e-05,4.9293145488475756e-05,0.12054608964750908
ltown,lightgbm_3h,0.2818382931264455,30,calibration,0.8321581124781529,0.0010285334786401944,0.014024674146015605,0.987837856796553,0.001305187869518795,0.0016232836563280903,0.6862394720520865,0.002168554586767721,0.014637326560421302,0.9025352074053478,0.001796018098532708,0.032490050291311516,0.9162042518904682,0.0024013375795528848,0.010381797636725766,0.9877708759699337,0.0014488124305682083,0.0019355081279114976,0.8961175328228779,0.0007429938002211892,0.005936012191708425,0.6862394720520865,0.002168554586767721,0.014637326560421302,0.0013540139139734781,1.1374118856663703e-05,5.410083152553822e-05,0.0015490272256377029,2.7900010235690046e-05,5.36846398964048e-05,0.1354013913973478
ltown,lightgbm_3h,0.31622776601683794,31,calibration,0.8218756484881832,0.001090300951262395,0.014545639365612477,0.9863591846370708,0.0013976937105808415,0.0015254665406780994,0.6830012248575861,0.002223226923257826,0.013597596864815098,0.9035982227614027,0.001735167797689775,0.03205290433279817,0.9190609031643313,0.0019068699917995575,0.010114043879656948,0.9859863804295755,0.0014806252109250979,0.002128882061018846,0.8956011831699933,0.0008600393864028955,0.005924000081716594,0.6830012248575861,0.002223226923257826,0.013597596864815098,0.0015233660685679995,1.0098861355795813e-05,5.954996700327577e-05,0.0017256042733403128,2.6123778784213852e-05,5.5733578363920534e-05,0.15233660685679995
ltown,lightgbm_3h,0.35481338923357547,32,calibration,0.8107342639509053,0.0009693688552056029,0.015177978625187638,0.9847019223524835,0.0015084162303053384,0.0016521875960840136,0.680395436348583,0.002587841453712704,0.012922477201423995,0.9045827232523839,0.0015943247897635979,0.031147466226544455,0.9210531292771608,0.0014216191042808642,0.009801822659572515,0.9840940341226401,0.0015262455248826001,0.0023676024354660104,0.8949654490706502,0.0009472851056803419,0.005793914871359051,0.680395436348583,0.002587841453712704,0.012922477201423995,0.0017102813292856226,9.747679416736767e-06,6.511009672673829e-05,0.001919423577811929,2.511893839551415e-05,5.800826900565774e-05,0.17102813292856225
ltown,lightgbm_3h,0.3981071705534973,33,calibration,0.7982880629982708,0.0011004490281335405,0.01598937197239407,0.9825698555684776,0.0015618702398946238,0.0019117906333066214,0.6772646704385561,0.002301139826428813,0.012343906758237017,0.9048468973170232,0.0013938526808279976,0.030675305244263113,0.9225401334373365,0.0010766008123120994,0.00926559831947826,0.9819951798195921,0.0016160386880060807,0.0026357971665628846,0.8938433473161972,0.0010028882043880442,0.005762997392461541,0.6772646704385561,0.002301139826428813,0.012343906758237017,0.0019207163430350219,9.300880754092687e-06,7.09608914136891e-05,0.002138125101979445,2.585588462744315e-05,6.334596973203734e-05,0.1920716343035022
ltown,lightgbm_3h,0.44668359215096326,34,calibration,0.7846327232250327,0.0010987316654617633,0.01681049907977914,0.9799462984244011,0.00150654745173275,0.002250071922294884,0.6751604929126834,0.002199746235439146,0.0117740979837119,0.9048154657151574,0.0012439641769883228,0.029907535100148694,0.9233410855701625,0.0008034009458541691,0.00895895977434644,0.9794200403903002,0.0016089601549553203,0.0029473384203849945,0.8925366766025409,0.0010751734012718413,0.005718328025458876,0.6751604929126834,0.002199746235439146,0.0117740979837119,0.002157797305491994,1.0636178336258444e-05,7.598766673607488e-05,0.002383441895296945,2.5747703868972882e-05,6.778047356570468e-05,0.2157797305491994
ltown,lightgbm_3h,0.5011872336272725,35,calibration,0.7697931389142076,0.0010342263520320223,0.017664259490169965,0.9768068407235996,0.0014406577111781137,0.0025676382876369357,0.6733132094941087,0.0024155745407651377,0.011342475683612886,0.9045051635512507,0.0013069955362613865,0.029231711346309235,0.923789198411475,0.0008899859177519282,0.008318877526649872,0.9763232990392836,0.0014981459950526494,0.0031798067047282418,0.8909475422439435,0.0010736549177733407,0.00573808876785764,0.6733132094941087,0.0024155745407651377,0.011342475683612886,0.0024240217175736153,1.4318433086417029e-05,8.265521526647933e-05,0.0026595119312996744,2.3227470234950357e-05,7.354958997090032e-05,0.24240217175736153
ltown,lightgbm_3h,0.5623413251903491,36,calibration,0.7535431430244327,0.0009863670418260879,0.01848362533493936,0.9731520981554261,0.0014158169529528248,0.0029379959997041594,0.6701497364634255,0.0022156835217571344,0.010767016284752497,0.9038854662716485,0.001003443446775804,0.028466439646626474,0.9232965771896545,0.0010601504895177698,0.007916828442973563,0.9727345035140796,0.0015146980319099717,0.00357747141888266,0.8886436763188468,0.0010637003242721806,0.005557471374217198,0.6701497364634255,0.0022156835217571344,0.010767016284752497,0.0027218619033995742,1.7363342285273604e-05,8.739124482216341e-05,0.002969581881920514,2.189044975302981e-05,7.854635338608122e-05,0.27218619033995745
ltown,lightgbm_3h,0.6309573444801934,37,calibration,0.7358872489265451,0.0009981879746855794,0.01911023632459134,0.969198350810704,0.0012369893124349273,0.003507986618612589,0.6670581901258714,0.002629545298237424,0.010770531954853474,0.9027732000957851,0.0009389469688579312,0.027419561108016972,0.922042866354861,0.0009963703352097977,0.007527162797697541,0.9688351038501819,0.0015224279879520435,0.003800621294221795,0.8859815422474806,0.001068371648470791,0.005378923949813011,0.6670581901258714,0.002629545298237424,0.010770531954853474,0.003060617074879452,1.9006359426095465e-05,9.860267284046081e-05,0.003321015279942707,2.0587460224883656e-05,9.066124742548835e-05,0.3060617074879452
ltown,lightgbm_3h,0.707945784384138,38,calibration,0.7173752743162907,0.0006348658865710015,0.01982064669525251,0.9649012887390571,0.0010257413350741073,0.0036379968854907906,0.6643044555782374,0.0027472546017174326,0.010453903680281125,0.9011737234305964,0.0010316384145874005,0.027051841891278836,0.9198891825259089,0.000700465037292984,0.007232083033901576,0.964380244365212,0.001366308860912774,0.00397732715346065,0.8829297789278024,0.0009776338659033585,0.00530486595885807,0.6643044555782374,0.0027472546017174326,0.010453903680281125,0.0034316761121871496,1.6217564927733642e-05,0.00011071658617988403,0.003706238273487697,1.2548087335569697e-05,0.00010112209130505107,0.343167611218715
ltown,lightgbm_3h,0.7943282347242817,39,calibration,0.6972200204887943,0.0007929618850078732,0.020620771691637403,0.9599188725908923,0.0008451960894181693,0.003965670826098665,0.6606028674178109,0.002491633493297095,0.010641017250894528,0.8987386825632219,0.000812448321406158,0.026828914714944967,0.9172628094297893,0.0008954455712813293,0.0068809479886422905,0.9592977841552603,0.001133411354452195,0.004445516295133099,0.879164203231395,0.0008135936792617268,0.005272787464846204,0.6606028674178109,0.002491633493297095,0.010641017250894528,0.003855247488159944,1.9084205489846976e-05,0.00012007679178850398,0.00414625391033761,1.7594278223557445e-05,0.00011010176166711306,0.3855247488159944
ltown,lightgbm_3h,0.8912509381337459,40,calibration,0.6760575520392695,0.0005041714794295646,0.021144492760318736,0.9545522086494954,0.0009086409930085765,0.004072922660946407,0.6570791772586947,0.0022651633721802026,0.01057525136760982,0.8954484489860253,0.0008637331369677375,0.02629111847458346,0.9134550722117664,0.0005592933909692094,0.006732059755351711,0.9536978382974322,0.0012163910027349774,0.004761827294429725,0.8748465490806826,0.0007369339334849836,0.005246429418968367,0.6570791772586947,0.0022651633721802026,0.01057525136760982,0.004324922050377977,1.4077599712341886e-05,0.00013321751144099433,0.004634391579186211,1.1406661492495392e-05,0.00011718203582743427,0.43249220503779773
ltown,lightgbm_3h,1.0,41,calibration,0.6536501294311511,0.0004644412164828268,0.021704233255331037,0.9486432566229546,0.0008437608656024978,0.00412398686711634,0.6528125374676982,0.0018391835814884116,0.011148924680584125,0.8911755178349418,0.0005759355178703587,0.025943615384258073,0.908802160641836,0.0007175906808813171,0.007114353671549338,0.9475034584135315,0.0009418538751747898,0.005371577992191465,0.8697873861961924,0.0005851394964230628,0.005244817729398124,0.6528125374676982,0.0018391835814884116,0.011148924680584125,0.00485373208599925,1.456152992338611e-05,0.00014154433799034452,0.005186073782874219,1.215326579791401e-05,0.00011987153423367,0.485373208599925
ltown,lightgbm_3h,1.1220184543019642,42,calibration,0.629940675220115,0.0004737561888227286,0.022244219369358508,0.9415394088609101,0.00042584671050845227,0.004133340509821574,0.6479014470474361,0.0018620854153000965,0.01140470816577349,0.8856705861173481,0.0007197155210987211,0.025464322698191006,0.9037166805894732,0.0006960249693270672,0.00722409937285036,0.9400880760555024,0.0005873136578342576,0.0058815976648536935,0.863783239734134,0.0005724556294869657,0.005401291265887873,0.6479014470474361,0.0018620854153000965,0.01140470816577349,0.005450676094982642,1.621232906706536e-05,0.00015732979233382954,0.005810653756114295,1.2399708935704413e-05,0.00013504776194429543,0.5450676094982643
ltown,lightgbm_3h,1.2589254117941675,43,calibration,0.6052168763081123,0.0004626498170518176,0.023011621897065515,0.9339406421321779,0.0005775096240521546,0.004269468896378995,0.6427300254195338,0.00166413766864988,0.011400563178852864,0.8789527266957639,0.0007243087426257542,0.02591584493616197,0.8972626922082956,0.0008330749393087266,0.007216912801188076,0.9321510395277758,0.0006569496061522997,0.006509274377876532,0.8570074251967092,0.0005698687427864387,0.005612366869551795,0.6427300254195338,0.00166413766864988,0.011400563178852864,0.006122710188369054,1.5430391834410417e-05,0.00016361947820014823,0.006513417202668464,1.3867954142379378e-05,0.00014354209561453823,0.6122710188369054
ltown,lightgbm_3h,1.412537544622754,44,calibration,0.5797640392577175,0.0006519638289461017,0.023448949816564497,0.9252991495980936,0.000769924937987907,0.004497282813408933,0.6374224596330421,0.0016640019332422049,0.011246057428463229,0.8717869469647859,0.0007770380752207609,0.02630902103660577,0.8904474602618017,0.0009563991584874749,0.007029178968907846,0.9235240948791724,0.0008842479971151537,0.006952064746534822,0.8496960222673791,0.0006784662582616059,0.005670112842725414,0.6374224596330421,0.0016640019332422049,0.011246057428463229,0.006878689244708739,1.759943339881052e-05,0.00017746624987806186,0.0073010070894388,2.0226453861546445e-05,0.00015463120643821482,0.6878689244708739
ltown,lightgbm_3h,1.584893192461114,45,calibration,0.5533682932726431,0.00048756040550921036,0.023871620672757273,0.916233801757351,0.000516663212897978,0.0045816601653857775,0.6312423886035373,0.0011809029591802055,0.010885059524092003,0.8636950743491661,0.0005857588080086734,0.026865557941715256,0.882607756522898,0.0008397332710363291,0.006134601130626167,0.9140168428634297,0.0009640420058105658,0.007700576712817231,0.8415591728192763,0.0004926751019371243,0.005769765330616591,0.6312423886035373,0.0011809029591802055,0.010885059524092003,0.007738265230552569,1.5919896143348795e-05,0.00018634553352801908,0.00819371901925888,1.738736060696898e-05,0.00015908920219214116,0.7738265230552569
ltown,lightgbm_3h,1.7782794100389228,46,calibration,0.526111717677243,0.0005590669491263086,0.024146336327030442,0.906149116273875,0.0007781196368251555,0.004211110318254265,0.6237394448335647,0.0014450326713187991,0.0112390341096568,0.854905601482837,0.0006452879768356893,0.02677459868288072,0.8736275181526577,0.001211636207277107,0.005916251394814766,0.9029321386385442,0.000873097907130708,0.008381829850534084,0.8322707638762956,0.00044879079382498883,0.005698102667087166,0.6237394448335647,0.0014450326713187991,0.0112390341096568,0.008714240744589267,2.269261507691507e-05,0.00019630558215049995,0.009208379232171172,2.2782373035768328e-05,0.0001684143454408602,0.8714240744589267
ltown,lightgbm_3h,1.9952623149688808,47,calibration,0.4988524178410344,0.000431436462429502,0.0243315638214843,0.894761847281201,0.0006936561228592732,0.003853322045268971,0.6155259786117385,0.001222929700522441,0.011848175654955438,0.8447994651892544,0.0010655806994427964,0.027264532960140933,0.8635318881287223,0.0013193708852542226,0.0055300777754878575,0.8912149843742868,0.0008211737257654899,0.008863470638862498,0.8219668327170406,0.0005367798066460048,0.005655892711410451,0.6155259786117385,0.001222929700522441,0.011848175654955438,0.009797228274036063,1.8688604474488382e-05,0.00019940523985801156,0.010338238904929306,1.9335608328697363e-05,0.00017203017898991633,0.9797228274036063
ltown,lightgbm_3h,2.23872113856834,48,calibration,0.47152015523145213,0.000456512449211135,0.024307243594827194,0.8824780658054884,0.0009446747166456127,0.004100886405337428,0.6062842354902205,0.0009433048324057743,0.012451327503484403,0.833553675678143,0.0008879702252668977,0.027748764658743576,0.8526799663489393,0.0012043225717514971,0.005290682220578258,0.8785964831221419,0.0008150689291045452,0.008816060585759254,0.8107184852889867,0.0004278747435099219,0.00541342393532679,0.6062842354902205,0.0009433048324057743,0.012451327503484403,0.011011910688993485,2.2147849262526595e-05,0.00019695495318049254,0.011603051411731395,2.310227184940709e-05,0.00017331984047258266,1.1011910688993485
ltown,lightgbm_3h,2.5118864315095824,49,calibration,0.4443155177636191,0.0005084314005104791,0.023987904068836066,0.8689040698464908,0.0009019928323661776,0.004358439932400092,0.5955818854030926,0.0010534391140783852,0.012386955381461232,0.8220085677337562,0.0006328770417897948,0.027609669342208324,0.8406697544133692,0.0015876077711769936,0.005148626630948101,0.8650966447829834,0.0007219062261626187,0.008764818340353975,0.7984521844359385,0.0005329760576388182,0.005380105078949285,0.5955818854030926,0.0010534391140783852,0.012386955381461232,0.012372623804326428,2.279728200005941e-05,0.00020001420186506623,0.013019493470659223,2.7526920638354658e-05,0.00018047403911960393,1.2372623804326428
ltown,lightgbm_3h,2.818382931264455,50,calibration,0.4172493532887011,0.0005774708353778597,0.023530678798089226,0.8540449637718843,0.0009367051808517122,0.005081770307557257,0.5835135521907359,0.0016994497481915582,0.012437592498766052,0.8089193804091761,0.0007033761319863882,0.02780866299783041,0.8273181457151878,0.00172711694135588,0.00504542558763162,0.8505256792956526,0.0011030577897484183,0.00898184742557938,0.7848643442765274,0.000712957601797371,0.0052414530313529325,0.5835135521907359,0.0016994497481915582,0.012437592498766052,0.013900678418092371,3.040814226216362e-05,0.00020767405334519873,0.014612049437267096,3.3564030001232136e-05,0.00019011765669530695,1.3900678418092371
ltown,lightgbm_3h,3.1622776601683795,51,calibration,0.3906460686617068,0.00033074748924009933,0.02315265321672003,0.8381472295724908,0.0007083856498712697,0.006130662631618964,0.5704824348310479,0.0012227194445921744,0.012238405577252249,0.7948834010627224,0.0008302002337240961,0.027622439741564603,0.8131745555825006,0.0015146123382723876,0.005192778956742635,0.8347361238929009,0.0006394282810696133,0.008963416072383778,0.7702847489883327,0.0005466370460640999,0.004992812277345759,0.5704824348310479,0.0012227194445921744,0.012238405577252249,0.015613120131197608,2.073598722829106e-05,0.0002109042265218452,0.016392910658376367,2.087510057246573e-05,0.0001938275962846366,1.5613120131197609
ltown,lightgbm_3h,3.548133892335757,52,calibration,0.3645546063047484,0.0002486548504529977,0.0225885551609309,0.8210649290852564,0.0010399944157846242,0.006760816909311234,0.5563967707724752,0.001481183819360948,0.01181243575264944,0.7795728142046227,0.0008960329442035121,0.026970469896211824,0.7978926991855421,0.0013617520934303521,0.00598729056622036,0.8176132405361342,0.0007309321174727103,0.00989841069702196,0.7545080907568061,0.0005582431350932916,0.005039262882347705,0.5563967707724752,0.001481183819360948,0.01181243575264944,0.017539542622166317,1.7337785883528413e-05,0.00020786967803146483,0.018395599780512754,1.8088450612047178e-05,0.00019357130605115528,1.7539542622166318
ltown,lightgbm_3h,3.981071705534973,53,calibration,0.3391091585323846,0.00038107754591149397,0.021847921500140723,0.8023991833327531,0.0011216155479688425,0.007638219855779628,0.5411931301503046,0.0013710101433977594,0.010801957543478216,0.7626199756199806,0.000860952770956736,0.026781087771951154,0.7808948081924308,0.0013682317493039083,0.0067992954462859165,0.7992226719201264,0.0010150911212898528,0.010144698597291908,0.7372659538431191,0.000661601540595218,0.005066938091632308,0.5411931301503046,0.0013710101433977594,0.010801957543478216,0.019703811834459163,3.3834061143344804e-05,0.00021614638660536224,0.020649783457301486,3.6207198326976174e-05,0.00019550926293362408,1.9703811834459164
ltown,lightgbm_3h,4.4668359215096345,54,calibration,0.3145332832835405,0.0003497463493880106,0.02109164216286893,0.7826196050270352,0.0010764858857724557,0.00831809880522347,0.5252715602367312,0.001466858172794735,0.010451396234348953,0.7445849020491663,0.0008150890946356313,0.027142901723876886,0.7625321317767766,0.0011468205207784724,0.007515936383927764,0.7793938205198206,0.0009986928669592616,0.011140123191074405,0.7188804039219059,0.0007371534087429483,0.005211613594868891,0.5252715602367312,0.001466858172794735,0.010451396234348953,0.022131226311963504,3.0993418225816784e-05,0.00022516426878732958,0.02317724535277544,3.582816663639239e-05,0.00019773893917014187,2.2131226311963506
ltown,lightgbm_3h,5.011872336272725,55,calibration,0.2909517542326576,0.00032167395669093683,0.020059498442611595,0.7625600438931442,0.0011337972459495305,0.008526117854741874,0.5084844456364306,0.0013518239115878532,0.010734954700025974,0.7260941668268813,0.0008587243332525488,0.026681853447498342,0.7436590021583409,0.0008255122555969383,0.008318825161427868,0.7586939916521023,0.001080844652676948,0.01239862767824005,0.6998983300333798,0.0006290905018400025,0.005098075426480508,0.5084844456364306,0.0013518239115878532,0.010734954700025974,0.024866681900478232,3.6772064859636914e-05,0.0002487685757716218,0.026011348555599827,3.9476984683134706e-05,0.0002126559453968422,2.486668190047823
ltown,lightgbm_3h,5.623413251903491,56,calibration,0.26831443843984126,0.00032067967509359657,0.01904567681872473,0.7410586835500349,0.0012126203643009056,0.008261943349434139,0.4904730024621167,0.0014588996242459777,0.010442517700587664,0.7062828371740579,0.0009659473974829683,0.026305537213355358,0.7232566953075487,0.0008751772262615152,0.008379565540667456,0.7362474513250149,0.001196704224908836,0.013153383881506107,0.6794637339637546,0.0007966083326544487,0.005091842891156748,0.4904730024621167,0.0014588996242459777,0.010442517700587664,0.027943400873066983,4.706417467663272e-05,0.0002666371762655897,0.029201886857279244,5.107573255109896e-05,0.00022421412749143498,2.7943400873066984
ltown,lightgbm_3h,6.309573444801936,57,calibration,0.24698564878672954,0.00022663556751124992,0.01809310219417816,0.7180564911682452,0.0009606680721857879,0.008104251138117222,0.4714522129069992,0.0014185350699518848,0.010687811979508759,0.6854160906396732,0.0009468014450745806,0.026510638849705056,0.7010906363419183,0.0008415362524797714,0.008735573582028077,0.71327559060683,0.0010165424605007654,0.01370113456649743,0.6578582043327331,0.0007221383395626285,0.004910834041513334,0.4714522129069992,0.0014185350699518848,0.010687811979508759,0.03135999014223948,4.760003472509195e-05,0.0003025649550063401,0.032749876595348566,4.218094590929423e-05,0.00024662383396105496,3.1359990142239482
ltown,lightgbm_3h,7.07945784384138,58,calibration,0.22681074533504952,0.00019022131090695217,0.017001395542418262,0.6945658982411655,0.001110107940141642,0.007799561326299508,0.4518952620943104,0.0013928125318558604,0.010846422292392185,0.6633156649446705,0.0009186754083286149,0.026400286167866358,0.6783468259723431,0.001137748045688534,0.008451859953789496,0.6890741006592741,0.0010582072317903255,0.013597493595601785,0.6354395503823528,0.0009200976135003315,0.004662643415571201,0.4518952620943104,0.0013928125318558604,0.010846422292392185,0.03520007892165214,3.6517623711111475e-05,0.00033582146503894196,0.03673192024605031,4.170942229657544e-05,0.0002769325533333212,3.520007892165214
ltown,lightgbm_3h,7.943282347242821,59,calibration,0.20770880995420885,0.0002350391043915897,0.015898763843047198,0.6697468097941383,0.0009581064580585318,0.007959333184154297,0.4302931247900526,0.0011852588054677435,0.01143165740838779,0.6400015021978689,0.0014374940917774935,0.026001877054599186,0.6537508525661483,0.001246897895444381,0.007226287908264328,0.6639520512525238,0.0012965635587895063,0.013642786438160099,0.6115488681201463,0.0010431469396783256,0.004272563904719054,0.4302931247900526,0.0011852588054677435,0.01143165740838779,0.039514013403871076,3.879597395391256e-05,0.00035303361355310805,0.04121684661840579,6.123326696076967e-05,0.0003021781880043887,3.9514013403871076
ltown,lightgbm_3h,8.91250938133746,60,calibration,0.18995408102468253,0.00015796061783554324,0.014821363536856806,0.6434651620547575,0.0010803434706615803,0.00827630396666703,0.40892565397586417,0.00090783747953903,0.011514791923073055,0.6153334150141947,0.0014939677457273008,0.026380432850476854,0.629212385541902,0.0010399068641340763,0.005951389501520233,0.6387436733557088,0.0011119577224869709,0.013283961059261492,0.5871360579884854,0.000986029435779249,0.003977079355111831,0.40892565397586417,0.00090783747953903,0.011514791923073055,0.044315378122873346,2.231940034482022e-05,0.00037766506129461116,0.046203920550036116,4.3608531074896855e-05,0.00033625174701496007,4.431537812287335
ltown,lightgbm_3h,10.0,61,calibration,0.17315581500199637,0.0001510642043056825,0.013791925391982287,0.6159785264011027,0.0011401206651030494,0.00862417149380172,0.3870838507104155,0.0009497852861422107,0.011709892314031481,0.5891969476704286,0.0011108357343806812,0.0266598481000843,0.6034727780822305,0.0009716788155174798,0.005493876936432033,0.612327836885009,0.000930356217613895,0.013279277604072557,0.5616119879498372,0.0008565951376969077,0.003973774167485268,0.3870838507104155,0.0009497852861422107,0.011709892314031481,0.04975549359813939,4.1702511637557375e-05,0.00038503555382125593,0.05185209666139396,5.43475517562519e-05,0.0003449286342810502,4.975549359813939
ltown,lightgbm_3h,11.220184543019641,62,calibration,0.15754060963823424,0.00014302559375825558,0.012801519544835473,0.5879563907197884,0.0008428637044876847,0.009268874031529728,0.3648312319419349,0.0009025381247840451,0.01170333819080132,0.5629607072573535,0.0012989639919599595,0.027409701141006545,0.5772906264257285,0.000848101945577364,0.004702692137467031,0.5853356695734183,0.0010744732618592386,0.013805365801607083,0.5356749251836447,0.0007971702501688048,0.004012847641264727,0.3648312319419349,0.0009025381247840451,0.01170333819080132,0.055862114077280624,4.720309337201045e-05,0.0003925004959261425,0.05818616598965715,6.155162403348261e-05,0.000354443348903435,5.5862114077280625
ltown,lightgbm_3h,12.589254117941675,63,calibration,0.14305997005374357,0.00013545762495381942,0.011841174689342343,0.5598964415104268,0.0008712301785682704,0.009478852090266273,0.3425347815615256,0.000926739302678743,0.011755997256401135,0.5351082089392815,0.0014133020471098201,0.02848121804080451,0.5508695208691141,0.001133081583198223,0.004665581680976068,0.5574112083142171,0.0010003987124679546,0.013991343165544864,0.5091640322389129,0.000891212598421333,0.0042117247145778604,0.3425347815615256,0.000926739302678743,0.011755997256401135,0.06271474511360271,5.699876541332073e-05,0.0004099666143475999,0.06529524692833542,7.035256334668653e-05,0.00037360190125826067,6.271474511360271
ltown,lightgbm_3h,14.125375446227554,64,calibration,0.12972271995652887,0.00011873291507771726,0.010888672679889251,0.5311827355186213,0.0009309608953669134,0.009176547018135016,0.32030202709625655,0.0007807268285844057,0.011659960940896167,0.5066946161320289,0.0009672764757769586,0.029896452643935204,0.5236087572681705,0.0010176594031169476,0.004098754315814969,0.5292414213447567,0.0009872362150838393,0.014025425629614795,0.4822059114719668,0.0007784124099941737,0.004674396475595114,0.32030202709625655,0.0007807268285844057,0.011659960940896167,0.07037541080581829,5.8515521421242546e-05,0.0004258954994773496,0.0732558341095094,7.307573348109243e-05,0.0003994778234043648,7.037541080581828
ltown,lightgbm_3h,15.848931924611142,65,calibration,0.11739858518385006,0.00010765230947834504,0.010004203885882704,0.5023836730936665,0.0008234356655483077,0.009228900932957222,0.29830819769348,0.0005828131205652989,0.011451616952574224,0.4779813421329094,0.001035397732104143,0.03160024005638639,0.4959096711813647,0.0010592111243348044,0.0037768932894335673,0.5011621062327012,0.0009333262874216079,0.014211054368197843,0.4551489980668243,0.0007521007106735594,0.005169693787947852,0.29830819769348,0.0005828131205652989,0.011451616952574224,0.07900685009565257,6.186116888631873e-05,0.00047033859612044575,0.08222104044817043,7.549318644834643e-05,0.00042202977413277447,7.900685009565257
ltown,lightgbm_3h,17.78279410038923,66,calibration,0.10612142477177529,7.227144935050601e-05,0.009170691740825703,0.473575413144761,0.0004604808212754017,0.009819489034372257,0.2771255346799496,0.00037757406422819713,0.011151811750920984,0.44927866509693193,0.0010053887143018218,0.03236781139974425,0.467926883552973,0.0009586366597529298,0.0035803780017375545,0.47325679395763487,0.001042585803504752,0.013708052954943978,0.4282326580864501,0.0006045560410535051,0.005598028496829172,0.2771255346799496,0.00037757406422819713,0.011151811750920984,0.08866933336583216,4.996389552070035e-05,0.0005118179191107717,0.09225896514492235,6.492034678447772e-05,0.00044173097413127216,8.866933336583216
ltown,lightgbm_3h,19.952623149688808,67,calibration,0.09581655709710493,8.75570324472261e-05,0.00837662344534946,0.4449356598253083,0.0006190602802216292,0.009972643833782617,0.25661669057451836,0.000544064143877978,0.010556779620737618,0.4215717207472299,0.0009831688667121816,0.03243273124787087,0.44013704724203634,0.0010547861864252358,0.003489759729741167,0.44502816645997784,0.0008962506641012834,0.012748229724067901,0.4016578569698141,0.000549498774544686,0.005830041443399602,0.25661669057451836,0.000544064143877978,0.010556779620737618,0.09950963503217831,7.66037175232001e-05,0.000570362748505794,0.10352160961489959,9.411083655053794e-05,0.00044652205735861187,9.950963503217832
ltown,lightgbm_3h,22.3872113856834,68,calibration,0.0863853448240624,6.543379519862626e-05,0.007629995514002034,0.41688074874702163,0.0007390211404809674,0.010512469315581249,0.23707734176475093,0.000532584897012139,0.010043494161296938,0.39474480527303296,0.0006515048839234559,0.03164655219882353,0.4122516180741444,0.000945948458796771,0.003811040129936536,0.4170673975608314,0.0005949349892291759,0.011956714515645554,0.3756043822839563,0.0005061315250968566,0.005968082883910163,0.23707734176475093,0.000532584897012139,0.010043494161296938,0.11171997380445792,6.3905080461948e-05,0.0006542389078717938,0.11619876266148935,8.417178776559485e-05,0.00045012529190652305,11.171997380445791
ltown,lightgbm_3h,25.11886431509582,69,calibration,0.0778105588217398,6.761301355038899e-05,0.006941788941172069,0.3889758731357453,0.0008258270758102958,0.010919196861827324,0.21833629888862843,0.00048306641558306925,0.009709205347900256,0.3684160555664862,0.0007901769450432633,0.03053827940596729,0.38493945813937647,0.000847763599902125,0.004325777059042139,0.38978565267880183,0.0007162590680666667,0.011323209609295105,0.3500906676818076,0.000617038498370438,0.006030889716957803,0.21833629888862843,0.00048306641558306925,0.009709205347900256,0.1253823285416224,8.28998190822697e-05,0.0007381035729739796,0.13039094151773764,0.00011095662586418055,0.0004310110849928071,12.53823285416224
ltown,lightgbm_3h,28.18382931264455,70,calibration,0.07001690649267604,3.915030707405992e-05,0.006284960390063805,0.36175642252005613,0.0006417461277938337,0.010806802768708509,0.20048354241633481,0.00038021079436133145,0.009353491292887199,0.34292598629841203,0.0007087748417820288,0.028987651745323192,0.3583865938723862,0.0006511745630218105,0.0046746738643804525,0.36299585461784617,0.0005259767120491657,0.010713426609118054,0.325309679945007,0.0004897051945084745,0.005987323911151659,0.20048354241633481,0.00038021079436133145,0.009353491292887199,0.14072981522144914,6.980537369723396e-05,0.0007968331020005274,0.14633587211252666,8.851579132053987e-05,0.00044956405306185575,14.072981522144914
ltown,lightgbm_3h,31.622776601683793,71,calibration,0.06296562773639408,2.9143203849123927e-05,0.005687016437674908,0.3354848249756001,0.0005915992461182224,0.010554362008345782,0.18384123592314322,0.000316043549527072,0.009001573722849314,0.31856095380032645,0.0005482201392496749,0.02718342473652157,0.33284233274123903,0.0006579807524152136,0.005071031694920797,0.33695245330011325,0.0005776759664777307,0.010130704200027563,0.3015363601480845,0.0004174375734057949,0.005866608464903135,0.18384123592314322,0.000316043549527072,0.009001573722849314,0.15791635615968544,7.899317157104466e-05,0.0009015860207816527,0.1641796978005322,8.146644346896994e-05,0.0004510021808603497,15.791635615968543
ltown,lightgbm_3h,35.48133892335757,72,calibration,0.05658316126367683,2.5525651666312835e-05,0.005141037419246309,0.31054819631922964,0.0005435403958566673,0.01034218057261184,0.16820084506835573,0.0002869017826687937,0.008458309946001122,0.29524415454451447,0.0006201940235119955,0.025176710598422317,0.30840426553628664,0.0005598672237084008,0.005054414948381312,0.3115750862976434,0.000579842472085137,0.009612104555419254,0.278794509553206,0.0004405251916235147,0.005618838691385263,0.16820084506835573,0.0002869017826687937,0.008458309946001122,0.177200422280357,9.377719320954745e-05,0.0010401075976510404,0.18419154970109497,9.045859211694321e-05,0.00048024304922415935,17.7200422280357
ltown,lightgbm_3h,39.810717055349734,73,calibration,0.050801464236849704,2.4650642660296415e-05,0.004639899475960487,0.2863640962405289,0.00044670946742686647,0.009606623358919385,0.1536600243736651,0.00025985109302065874,0.007758620538612739,0.27299455981231596,0.0005231399825328469,0.023000513043277472,0.28513137148432166,0.00047001406259565575,0.005231351583849362,0.2872183872274136,0.0006480927402680971,0.009002235284048532,0.257073687827649,0.00035916332730119696,0.005217819504055673,0.1536600243736651,0.00025985109302065874,0.007758620538612739,0.1988927562231206,0.00011373810109792108,0.0011421898426625455,0.20669499117966972,9.400084625491974e-05,0.0004874615162536437,19.88927562231206
ltown,lightgbm_3h,44.668359215096345,74,calibration,0.045582422887009505,1.4793756250819949e-05,0.004185601988354232,0.26342637727353774,0.0004532794131209609,0.00868479336133316,0.14005985676984822,0.00029339823567276163,0.007007758614647546,0.2517905225839316,0.0003259949709646049,0.020441905186334892,0.2630070612688509,0.0005734974883383456,0.0054382948918170445,0.2638884373980467,0.0005128162711854233,0.008303002102146623,0.23643445105884303,0.0003680068812806273,0.004639842832016377,0.14005985676984822,0.00029339823567276163,0.007007758614647546,0.22322937813462576,9.303052913672406e-05,0.0012172956723008595,0.23194377299574195,8.157783827393531e-05,0.0005078798174894586,22.322937813462577
ltown,lightgbm_3h,50.11872336272725,75,calibration,0.04087551173564377,1.5203331510038452e-05,0.00377572383359276,0.24167259798042362,0.00028747238655208937,0.007615166306450909,0.12754591055356207,0.00030254771469385815,0.0061834859149148425,0.23180520781122685,0.0004400958989168212,0.017761524940090704,0.2418913906911346,0.0005225856631091102,0.005432403508027981,0.24193969555658365,0.0004584943208356341,0.007600476731812964,0.21697096051858616,0.0003513658621776238,0.0040368271313580865,0.12754591055356207,0.00030254771469385815,0.0061834859149148425,0.2505314303947582,0.00012378932485740933,0.0013318698297481797,0.2602510504655003,0.00011442897909173802,0.0005205135005027941,25.053143039475824
ltown,lightgbm_3h,56.23413251903491,76,calibration,0.03663408108032576,1.0019363158355042e-05,0.0034042887001924844,0.2213670102845738,0.0004703829864210773,0.006567662866445041,0.11590452962409728,0.00023917116793938233,0.005330328562879974,0.2133031084383283,0.00035664581538361056,0.015176790064738857,0.22200299718900227,0.0004562459223287193,0.005138134184892823,0.22131105144486726,0.0004517934915302631,0.006688097169990431,0.19877773939617382,0.0003616311417967248,0.0033388792770362085,0.11590452962409728,0.00023917116793938233,0.005330328562879974,0.28119274185775966,0.00011946215842896675,0.0014723082915545447,0.2919989998784756,0.00010490643479461837,0.0005271246906320268,28.119274185775968
ltown,lightgbm_3h,63.095734448019364,77,calibration,0.03282167210028011,9.413075567208757e-06,0.0030646660600469862,0.2023810684129229,0.00041421362559392174,0.005593222830567947,0.10527032455007951,0.00020764132830645516,0.00458084831860937,0.19592380061442335,0.00033730504116862833,0.012637976374164334,0.2033420489192333,0.00041325322782823087,0.0047084367293252355,0.2020115334723421,0.0004266195268899513,0.005888061024617023,0.18178575519380022,0.0003331642392207128,0.0027119443897115135,0.10527032455007951,0.00020764132830645516,0.00458084831860937,0.31554678432993616,0.00011235898772056836,0.001560601655548592,0.32754373045082663,0.00010785771372351844,0.0005368216923556635,31.554678432993615
ltown,lightgbm_3h,70.79457843841381,78,calibration,0.02938344714184648,1.0436121907282869e-05,0.0027487834213279013,0.18468035189302706,0.0004473947337710595,0.0049329326342113355,0.09542419299734123,0.00018188041863542053,0.0039660058506127745,0.1795900777627245,0.0003621777506611829,0.010390791682417036,0.1859588611931534,0.0003837904625116962,0.004254180067620945,0.18407670730815714,0.00038578903266228275,0.005176360469267274,0.1659460382308807,0.0003276137075977521,0.002206860366615644,0.09542419299734123,0.00018188041863542053,0.0039660058506127745,0.3542141461646279,0.0001336154662511508,0.0016383835360159246,0.3675090774254108,0.00014391693299967755,0.0005776993750927174,35.42141461646279
ltown,lightgbm_3h,79.43282347242821,79,calibration,0.0262967761799408,9.886366522039137e-06,0.002463039105109602,0.1682481519188491,0.00045123934403933205,0.004411682283516041,0.08640239470346919,0.00022592138271525236,0.003509418268708518,0.16431183539098104,0.0004143368324647487,0.008480490122439212,0.16970194496207386,0.00036070949281906504,0.0038713743802373307,0.1673564569985126,0.00041557853029901574,0.004514196063830469,0.1512041567947772,0.0003566464619017363,0.0017628275321945593,0.08640239470346919,0.00022592138271525236,0.003509418268708518,0.3975429214708879,9.463225241920239e-05,0.0017158557360054789,0.4122824807879781,0.00016193460457125764,0.0006185779765593252,39.75429214708879
ltown,lightgbm_3h,89.12509381337459,80,calibration,0.02352528214077547,1.1506877353333231e-05,0.0022057868145840083,0.15301783697540208,0.000461117190653516,0.003940365674976361,0.0780808438009787,0.0002528559404082336,0.003157003172565196,0.1500560610178674,0.0003615193715139908,0.006941377740480343,0.1546576141712717,0.0003350639344035936,0.003524585522651585,0.1520592116003381,0.0003727365864137113,0.004019214266641576,0.13757431351317162,0.00033914347802758196,0.0014311626466589188,0.0780808438009787,0.0002528559404082336,0.003157003172565196,0.44618151645390636,0.00010446141922590593,0.0018080859229756443,0.46250078618296114,0.00024371161452553202,0.0006729853104577186,44.61815164539063
ltown,lightgbm_3h,100.0,81,calibration,0.021036330126571502,9.707105046346342e-06,0.0019766862008145938,0.13901112164926863,0.000341451509192053,0.00344793521185677,0.07052990191985026,0.00020235513108565818,0.002795804300267683,0.13680035303124613,0.000280031286481549,0.00551728339089577,0.14065622329997843,0.0003709779922950708,0.0032143806677233256,0.13797170207635162,0.0003478863232463344,0.0036364203983544965,0.12499386039533902,0.00029899294365227344,0.0011419892349361148,0.07052990191985026,0.00020235513108565818,0.002795804300267683,0.5007724660046223,0.00012293320001570738,0.0019301470785711597,0.5188105966123187,0.0002436254028725684,0.0007492100134192551,50.07724660046223
ltown,lightgbm_0h,0.0,0,calibration,0.6515463527837989,0.20027422773192446,0.011319272712670995,0.8087309866991139,0.2369901019369149,0.012420918327310173,0.41475860606793025,0.09027702286414072,0.033439499419215486,0.5642798364387444,0.17906711530504535,0.037036343411723315,0.3910751521749364,0.14552970507895285,0.03386538722688909,0.809859859485643,0.23532709070661115,0.014068729185696887,0.5977408881732735,0.17658402805193602,0.009594464272173192,0.3691987685474175,0.1307603358565262,0.02004632804256985,3.649805957628218e-07,4.7462266125978264e-07,4.536243051824576e-07,3.928026357329714e-07,5.286053790600018e-07,4.3980996448866654e-07,3.649805957628218e-05
ltown,lightgbm_0h,0.01,1,calibration,0.8595071526518973,0.002666449495584983,0.014032734336623883,0.9917275223762053,0.0003209376203331921,0.003302447549667911,0.6674448129663894,0.0048054283351772415,0.037873733702063574,0.7747151769999177,0.001517755768462846,0.047915412361394946,0.6892517882645113,0.013452918362770417,0.02527411085951732,0.9923423819948487,0.00047578033491859977,0.00266081307428103,0.8230963365203746,0.0035642332582336298,0.014965901445137425,0.65825694161392,0.007163980746870445,0.026156529891272522,5.268960887129189e-05,1.6591986987258321e-06,7.9366402131715e-06,6.440458448342436e-05,5.2672038329985016e-06,7.770265191911201e-06,0.005268960887129189
ltown,lightgbm_0h,0.011220184543019636,2,calibration,0.8607487932244946,0.002495601969315325,0.013850045016876089,0.991846206012943,0.00034930623119059766,0.0032351025158730913,0.6711798869062029,0.00495146361287843,0.0368293261475722,0.7764249605543185,0.001748452510336511,0.04765640654476478,0.6949905324320926,0.012704638111045729,0.02504066169406542,0.9925935142802174,0.00039400964705356,0.002610688732050553,0.825407020037155,0.0033338527453251154,0.014701700700974612,0.6630927054256559,0.006485177369051819,0.026057054954084745,5.789954841596321e-05,1.325382898188134e-06,7.60134331660615e-06,7.106129075647321e-05,5.0919612495054915e-06,7.582440152800211e-06,0.005789954841596321
ltown,lightgbm_0h,0.012589254117941675,3,calibration,0.8618922464668513,0.0024529628822958266,0.013670085263843737,0.9920162878694518,0.0004083056381739595,0.003076950775704814,0.6745000863397446,0.004664769722789641,0.03652871258368464,0.7778938244926451,0.0017000315143493512,0.0476233260132527,0.7007970761783022,0.012174824213857884,0.024308475995778914,0.9927935453021776,0.00038669924071224485,0.0025726371486223263,0.8276001640364644,0.003212836225908638,0.014647370744807693,0.6675316412097153,0.005919761756048723,0.026410748932979806,6.381541005197771e-05,1.438468038723325e-06,7.780713818882905e-06,7.863111064859266e-05,5.173974212439436e-06,7.795766753347278e-06,0.006381541005197771
ltown,lightgbm_0h,0.01412537544622754,4,calibration,0.8629965307720152,0.002398918209400719,0.013434894354328328,0.9921215539548405,0.0004450986455223585,0.0029837426706675416,0.6774452075538273,0.004675708922384187,0.035321771222630804,0.7798552228824885,0.0018509941916038937,0.04725285080339384,0.7071851132115569,0.011711361203341871,0.023697807067486504,0.9929287150591464,0.0004006715257224056,0.002494664240425667,0.829907162532372,0.003078912112280268,0.014343134493668608,0.6719895019838389,0.005355979378137279,0.02688935166739229,7.149151807495381e-05,1.5527877995733599e-06,8.611627745853699e-06,8.86740115544662e-05,5.576793046083336e-06,8.24279638956787e-06,0.007149151807495381
ltown,lightgbm_0h,0.015848931924611134,5,calibration,0.864164679598544,0.002405251530914059,0.013302009186294138,0.9922386039941935,0.000439868165840012,0.002997367850789445,0.6802879191047629,0.004386273447854404,0.03435714316805543,0.7818990395248764,0.0020026216878523922,0.046825719542358125,0.7140791639818722,0.011924915948306003,0.023609405400053483,0.9930142189251122,0.00039411086726554164,0.0024542568468915813,0.8323037891061634,0.002998723102746644,0.01419874469791226,0.6762022052121579,0.005041417707526674,0.02783919324327852,7.941574947779658e-05,1.9035180955253103e-06,8.967199572485547e-06,9.909828583210639e-05,6.214786715292748e-06,8.756408164820789e-06,0.007941574947779658
ltown,lightgbm_0h,0.01778279410038923,6,calibration,0.8651641378182159,0.002250680267814674,0.013078313925643998,0.9923463409563151,0.0003744093443187209,0.0028940435079593124,0.6827915456943613,0.0042820804205093346,0.0331884177340387,0.7835669825441572,0.0019008039613723875,0.04654680536969641,0.7207841853277791,0.011777232310536399,0.02278260068910212,0.9931517206654613,0.0003575381556952924,0.0024081902782005812,0.8345281550376147,0.0027692586446401114,0.013919714860969726,0.6800987499029494,0.004692277658589545,0.028663197770144404,8.824647579944158e-05,1.9714934911996705e-06,9.050216203512844e-06,0.00011082863791410856,6.566929260226126e-06,9.03756446777483e-06,0.008824647579944158
ltown,lightgbm_0h,0.0199526231496888,7,calibration,0.8660016292260366,0.002198296075648403,0.012960867526007567,0.9924050481368429,0.00038648913670673876,0.0028183620788405877,0.6854019435682109,0.004116438375333895,0.03219187869288417,0.785099260553,0.0016528140578583334,0.04634070443622835,0.7274851179742041,0.011757381037709016,0.022486788448294055,0.9932313917761623,0.00035067760805745853,0.0023371374118439426,0.8367245524016839,0.0025117925650419625,0.013791214965673164,0.6835288269109625,0.003618550074998127,0.028873803185297697,9.853117961360191e-05,3.2373246273989965e-06,9.49663896140147e-06,0.00012411920754038457,7.506369469609636e-06,9.279866497260274e-06,0.009853117961360191
ltown,lightgbm_0h,0.0223872113856834,8,calibration,0.8667502639204651,0.0021807456515020494,0.012655084347201823,0.992485699096939,0.00041578566620828776,0.0027074082438671315,0.6877368463462366,0.004034427631291577,0.030991165816870545,0.7868907261910383,0.0013574660911173664,0.045997266280381435,0.734162353985361,0.012455685735107792,0.02188696378577898,0.993257859560229,0.00036202169436956377,0.0022172725074489125,0.8389066970359608,0.002467333030511,0.01346487223944072,0.6866573985848266,0.003789757641643692,0.028821616196821484,0.00011027575546768275,2.9873821590899563e-06,1.0233026977865898e-05,0.00013930504714997828,9.062335028605143e-06,9.962412402770146e-06,0.011027575546768276
ltown,lightgbm_0h,0.025118864315095794,9,calibration,0.8674496685550215,0.002114237007780575,0.012293961558836225,0.9925619347871176,0.0004445586699990652,0.00270086543802063,0.6897139380828315,0.005167720167652578,0.029741323841386207,0.78858164642824,0.0012099848095156152,0.045450379785360484,0.7413674156569245,0.012825675484238146,0.021906316778476365,0.9934038494254119,0.000307841668268693,0.0021324909168753616,0.8411257568761051,0.0023712440944097034,0.013064922980534735,0.6889966287137768,0.004459816804475791,0.028164760384921616,0.0001234884876647654,2.106041942795095e-06,1.1986919687769437e-05,0.00015695214150546424,1.0084119908357935e-05,1.1750435637916746e-05,0.01234884876647654
ltown,lightgbm_0h,0.028183829312644536,10,calibration,0.8680197626383769,0.001874677532235436,0.012094956182672801,0.9926558965323032,0.0004603885880029155,0.002571827995683524,0.6912194949336801,0.006115119911823815,0.02914776813311238,0.7903644659784613,0.0010085126726419474,0.044923689480699296,0.748746929419995,0.01256593929440172,0.021604513491551812,0.9933895198904311,0.00034566565511108934,0.0021109389580588065,0.8432752613509742,0.0020902867299627784,0.012797580032136564,0.6908123195761213,0.005608235236520999,0.028246357601653154,0.00013791434872884365,2.779487937696479e-06,1.320256547419369e-05,0.00017641377031176543,1.2344555232636537e-05,1.2840883807035805e-05,0.013791434872884365
ltown,lightgbm_0h,0.03162277660168379,11,calibration,0.8683688982804085,0.001682131126312399,0.011790332292170282,0.9926860613257922,0.00043838100825977335,0.002520132528150042,0.6922187002414047,0.0076840598735768454,0.02739058796919847,0.7919424624405978,0.0011644424738360558,0.044782426543101196,0.7562428364633871,0.012133185371566303,0.020961557963241645,0.9935131598336778,0.00037526797305007566,0.0020469025448950585,0.8453206440609718,0.0020166838583937268,0.01235827491174781,0.6921282893813776,0.007535259242812094,0.027189903393633322,0.0001547295201540365,2.850075449568632e-06,1.588280983579739e-05,0.00019955039219842285,1.3107249924118281e-05,1.4245739899086588e-05,0.01547295201540365
ltown,lightgbm_0h,0.03548133892335755,12,calibration,0.8686102749544382,0.0016177810925827876,0.011525659097895763,0.9927523036438906,0.0004339125859152336,0.002411839225747432,0.6926568453285018,0.007866032400364986,0.02605352439761159,0.7937095354513822,0.0012632464640106658,0.044474467060740194,0.7642438688146135,0.01177096931057139,0.020752040062514156,0.9935534556059445,0.0003813403428372159,0.0020951705826198343,0.8473832017688665,0.0018744864265484809,0.01200412935820415,0.6926568453285018,0.007866032400364986,0.02605352439761159,0.0001737477521772656,3.532020563152012e-06,1.8649325747027755e-05,0.00022544946566374616,1.3662371393669176e-05,1.6846520034818462e-05,0.01737477521772656
ltown,lightgbm_0h,0.039810717055349734,13,calibration,0.8684950335017605,0.0014590318675009415,0.011535233933697793,0.9927038271681802,0.00043824657482925114,0.0023862469114934986,0.6928284109599662,0.008631052899931463,0.025572858271248205,0.7952194496690385,0.0014223095765136294,0.04419318315254828,0.7715033526754758,0.011166232050297651,0.020824324860146032,0.9935473764240889,0.0003820324259687966,0.002048637914137364,0.8491604833793499,0.0016968515104159954,0.011974860723684626,0.6928284109599662,0.008631052899931463,0.025572858271248205,0.00019433124205097213,3.214362890413507e-06,2.0394496484837636e-05,0.00025263157036663236,1.3171325962055534e-05,1.8619866484041197e-05,0.019433124205097213
ltown,lightgbm_0h,0.0446683592150963,14,calibration,0.8682655148516887,0.0014675430151727432,0.01146706415308169,0.9926891970548619,0.00041172713862810484,0.0023538558940277643,0.6922850071117691,0.00825499452347614,0.025220865291885195,0.7965662243685362,0.0016978525569213108,0.04396261042200239,0.7789209627317543,0.010739102526816771,0.020719101919425074,0.993520487489258,0.00045539590433970776,0.0019259686886663652,0.850796375751236,0.0018764804200958462,0.01177724477283477,0.6922850071117691,0.00825499452347614,0.025220865291885195,0.00021600704640989583,4.0732487446693636e-06,2.237328807113275e-05,0.00028148913110184016,1.2707498126135182e-05,2.0819151330100454e-05,0.021600704640989583
ltown,lightgbm_0h,0.05011872336272725,15,calibration,0.8677254811631894,0.0014667339595416527,0.011400263759407019,0.9925641012017048,0.00042219552887662163,0.0022587291863233635,0.6909895032727247,0.00786413562652456,0.023884344892234045,0.7979241454469682,0.0015083183079987379,0.04393200586102609,0.7863614862363426,0.009750559388602633,0.020460698633589607,0.9933309892692904,0.0004540919724077624,0.0018880601326852005,0.8522340450854061,0.0017893253689425343,0.011479773493841418,0.6909895032727247,0.00786413562652456,0.023884344892234045,0.00024028837513571027,3.7595772288915902e-06,2.4082079717461447e-05,0.0003141725391481172,1.029338655342618e-05,2.256023460829116e-05,0.024028837513571027
ltown,lightgbm_0h,0.05623413251903491,16,calibration,0.8668046216113264,0.0014684903655253284,0.01127433511195303,0.9924541249486137,0.0004072058577822691,0.0020783277721840914,0.689351708441946,0.007724606456442239,0.022904105128171762,0.7994906408079024,0.001708417016651419,0.043433930681687945,0.7939187806917128,0.00887006329250394,0.019859887460298042,0.9932148582865149,0.0004475700996314939,0.0018120046394541492,0.853686022635338,0.001639491038215609,0.011160700417381498,0.689351708441946,0.007724606456442239,0.022904105128171762,0.0002702214985489673,4.2367202200880555e-06,2.7498263965994733e-05,0.00035273741068652016,9.52366141464736e-06,2.4908015245621866e-05,0.027022149854896732
ltown,lightgbm_0h,0.06309573444801933,17,calibration,0.8658559071507892,0.0014171475328855771,0.011306429052190679,0.9924093591699523,0.00044471307706622407,0.0020731108980783807,0.6889271808961198,0.0064778719711489135,0.02260806404564733,0.801018204001183,0.0017594770576061353,0.043433364933808935,0.8016292602193646,0.008093494587786935,0.019440206001163796,0.9930844367750721,0.0004607147283150485,0.0017841662406065586,0.8554136882123385,0.0015374946758547265,0.010987852146188535,0.6889271808961198,0.0064778719711489135,0.02260806404564733,0.0003031057718284452,4.309670320270259e-06,2.9341532632406583e-05,0.0003929093668146669,7.298039610687641e-06,2.5645501444467616e-05,0.03031057718284452
ltown,lightgbm_0h,0.0707945784384138,18,calibration,0.8645550300226276,0.0012709075666799666,0.011304478221698073,0.9922663396918657,0.0004237323706111079,0.002013450528163113,0.6881937971203702,0.005161231899284211,0.021797178241551318,0.8029187023057697,0.0015127547500340132,0.043014972778097266,0.8092383015402906,0.007068813411747931,0.018973417801752126,0.9928816009192475,0.0005397604391201563,0.001737466962153998,0.8570997483155087,0.0013910380727775494,0.010656858192762743,0.6881937971203702,0.005161231899284211,0.021797178241551318,0.000341212390265494,4.598222608546561e-06,3.119877767499709e-05,0.0004376696399272563,8.196505736415082e-06,2.775700481101426e-05,0.0341212390265494
ltown,lightgbm_0h,0.07943282347242814,19,calibration,0.8627730811059728,0.0012909907451567725,0.01129928255379976,0.9920693086558013,0.0004566896861731036,0.0019471885630918794,0.687834544406087,0.004501257314027937,0.021211086961536712,0.8044960546675752,0.0014178662493887445,0.04298692483035585,0.8159649521117968,0.006550307967480203,0.018425014432238422,0.9926118767131761,0.0005121563100242303,0.0017635291258732652,0.858595347310887,0.0013426963666592902,0.01043933320424281,0.687834544406087,0.004501257314027937,0.021211086961536712,0.0003835735134012939,5.480748788310661e-06,3.3783025579782424e-05,0.0004870176609302959,7.209464735005314e-06,3.016417642921789e-05,0.038357351340129395
ltown,lightgbm_0h,0.08912509381337459,20,calibration,0.8606383853565229,0.0010724902015290987,0.011432123994025468,0.9918097889059484,0.00037604768881669835,0.0018371077144717543,0.687053596831444,0.0038270800253942805,0.021412111550033495,0.8063240615595791,0.001446790105582171,0.04281439536870566,0.8231944611152404,0.0058454355149435405,0.01784783316584034,0.9923152034724604,0.00048548750882807705,0.0017259151356189032,0.8601394223769346,0.0012408534273197324,0.010434785791528267,0.687053596831444,0.0038270800253942805,0.021412111550033495,0.0004322112772837088,6.320009992971037e-06,3.4354905452095825e-05,0.000542894419601281,8.52405055270855e-06,2.8917509954220776e-05,0.04322112772837088
ltown,lightgbm_0h,0.1,21,calibration,0.8580351372827449,0.0011548624548178739,0.01171517373806158,0.9915637247528948,0.0003837202846203175,0.0018491480007760202,0.6868500284603756,0.0036303941266114578,0.021035689166032726,0.8078880647524268,0.001523112260177578,0.042736619349633125,0.8296867455189639,0.005407645760830185,0.017255955998670105,0.9919918087945939,0.0005111163515148681,0.0017456896534729742,0.861596074455851,0.001226545764844562,0.010311365880314357,0.6868500284603756,0.0036303941266114578,0.021035689166032726,0.0004863796656792142,8.904416517709046e-06,3.351581666591589e-05,0.0006031180106898669,8.819031621772673e-06,2.799055046838097e-05,0.04863796656792142
ltown,lightgbm_0h,0.11220184543019636,22,calibration,0.8550216073295245,0.0011421713988264103,0.011969700382796504,0.9912688267903161,0.0004498283498868902,0.0016977788928197552,0.6860378274217488,0.003200859826214947,0.02097456098780317,0.8094401930559989,0.0014277395181070682,0.04249667071443244,0.8356759595679403,0.005027359367686694,0.016668366121641943,0.991591148723726,0.0005149074295211149,0.0016911028586118996,0.862802791111946,0.0011251975382563497,0.010215280873590667,0.6860378274217488,0.003200859826214947,0.02097456098780317,0.0005445830460139487,9.106335194428285e-06,3.4144626809090163e-05,0.0006673387674674844,9.062923960780558e-06,2.6957379574572016e-05,0.05445830460139487
ltown,lightgbm_0h,0.12589254117941676,23,calibration,0.8514610772357193,0.0010628196646974791,0.01222270432732699,0.9909574250955704,0.0005104672161975761,0.0014574993336450078,0.6858718545123761,0.0029751109499791986,0.02038262039810367,0.8109973579897803,0.0016376990897863269,0.04214022100667936,0.8414748870309317,0.004736116874160421,0.016044018755750795,0.9912108690328348,0.00046543417162796567,0.0016210150236702359,0.8641024787322987,0.0010979257807668024,0.010111467120116619,0.6858718545123761,0.0029751109499791986,0.02038262039810367,0.0006121650003628424,9.084376329634086e-06,3.526356706735346e-05,0.0007400778036606517,1.0084659282327784e-05,2.7884092196575863e-05,0.06121650003628424
ltown,lightgbm_0h,0.14125375446227548,24,calibration,0.8472947491736592,0.0009708908688059621,0.01253952783098689,0.9904892224931301,0.0006132548284382771,0.0014911336756340636,0.6852045715127063,0.002430547307742024,0.01931339989639682,0.8128567692128164,0.001540020700826885,0.041803890545811476,0.8470548997084885,0.004244899771895726,0.015067538559396113,0.9904565856610392,0.0004317733742887771,0.0016916613839763825,0.865212409717636,0.0010153740213172256,0.009786146476790436,0.6852045715127063,0.002430547307742024,0.01931339989639682,0.000687267276259407,7.860510029517622e-06,3.869383567690785e-05,0.0008210213546964707,7.3545412012554206e-06,2.999573994655657e-05,0.0687267276259407
ltown,lightgbm_0h,0.15848931924611143,25,calibration,0.842327086840038,0.0010117379280013426,0.01304544130753303,0.989979732320497,0.0006006817390096642,0.0014616101713524692,0.6843009906767862,0.002396357898087528,0.018459409241307387,0.8145216558978999,0.0012543104030790374,0.041484637485155684,0.8520225245341172,0.00378414087748761,0.014040274632415499,0.9897462629683552,0.0004007800628929806,0.0016492127281671257,0.866114233279531,0.0010217288527133387,0.009695082032458089,0.6843009906767862,0.002396357898087528,0.018459409241307387,0.0007729398080158453,7.67350534749178e-06,3.968236233611628e-05,0.0009122170860086102,7.802972468333912e-06,2.837645123632953e-05,0.07729398080158452
ltown,lightgbm_0h,0.1778279410038923,26,calibration,0.8367410567204558,0.0008756050405093694,0.01374766467603997,0.9892430010639379,0.0005206684732610004,0.001444487101024363,0.6834368312627631,0.0023345104063523044,0.017382966035424864,0.8162434034112928,0.0014137033331136526,0.04118981491815115,0.8565986825330842,0.0036710213238345542,0.01370630523837313,0.9889172676541972,0.00040310963423727936,0.0015667548368555539,0.8668878371850552,0.0010377005864267666,0.009627636091018223,0.6834368312627631,0.0023345104063523044,0.017382966035424864,0.0008675519369791934,4.4707576783913805e-06,4.394011509140993e-05,0.0010123674719787206,4.471353799836435e-06,3.0474617698105295e-05,0.08675519369791934
ltown,lightgbm_0h,0.19952623149688797,27,calibration,0.8302504437712942,0.0008680387112033276,0.014141955483234615,0.9883448662678852,0.0004649808440308826,0.0014754798528004876,0.6824956241574391,0.0020915650274915434,0.01669325807801229,0.8180124902297305,0.0014396867101895928,0.040821025706383,0.8607153836642921,0.003297591446126063,0.013531530489003511,0.9879228171889471,0.0005105569369618843,0.001555008597924444,0.8674982363016587,0.0009565770256383204,0.00947668807956925,0.6824956241574391,0.0020915650274915434,0.01669325807801229,0.0009760044169111932,3.7781685584566996e-06,4.5503153646389056e-05,0.0011265491528230794,4.937142925490035e-06,3.0672560198394685e-05,0.09760044169111932
ltown,lightgbm_0h,0.223872113856834,28,calibration,0.8230177493206057,0.00127247147641732,0.014748284723530425,0.9872050531133493,0.0005676578630328529,0.0017197338540386098,0.6811713335111897,0.0024394864786105113,0.015483782826929152,0.8193133766721206,0.0014569563316276046,0.04052432279456914,0.8643232200509969,0.00317893592023029,0.013211183278549006,0.9868826978749368,0.0006335442519216862,0.0015959192252618783,0.8677791362445187,0.0011322847811494519,0.009367295810523367,0.6811713335111897,0.0024394864786105113,0.015483782826929152,0.0010946657227175478,1.0458700281163617e-05,4.972345548945467e-05,0.0012508193526652258,1.184808978187602e-05,3.305284270204732e-05,0.10946657227175478
ltown,lightgbm_0h,0.25118864315095807,29,calibration,0.8149669183519409,0.0011059547275789543,0.015542817265356973,0.9860566850909431,0.0005841940001554656,0.0019939217137631667,0.6806726702175631,0.0024775786662993775,0.01496248829614972,0.8206681670864092,0.0013517739721749,0.040574350756697686,0.8674452163512452,0.002741207368891278,0.01266190729397644,0.9856191518076085,0.000780976052378654,0.0017173095229532243,0.8680923781107539,0.0011999833384108546,0.009382841363416366,0.6806726702175631,0.0024775786662993775,0.01496248829614972,0.0012286095807400772,7.546598395959829e-06,5.74337049751087e-05,0.0013895451433275966,9.114159207878397e-06,3.743585284817598e-05,0.12286095807400772
ltown,lightgbm_0h,0.2818382931264455,30,calibration,0.8057417406317459,0.0009121337456208325,0.01624069427561573,0.9846218783983607,0.0006128618102174378,0.0020519102734375765,0.6797526351579751,0.0026578029756191505,0.014503410631534996,0.8214922906016866,0.0014006151054992005,0.04037262508191408,0.8700840198944777,0.0023265053785981164,0.012561172889012626,0.9840346257539223,0.0007502696136609514,0.0018292285854303759,0.8679970899612844,0.0011662635175936386,0.009160561521790428,0.6797526351579751,0.0026578029756191505,0.014503410631534996,0.0013803768020325192,8.58828274671094e-06,6.22076325924415e-05,0.0015474684819640652,8.6194097232456e-06,4.1917067233627965e-05,0.1380376802032519
ltown,lightgbm_0h,0.31622776601683794,31,calibration,0.7958581671348794,0.0008932303408906248,0.017136624117387866,0.9830016649785711,0.0005832428474327461,0.002179315139927593,0.6791483017695463,0.0027637158461340716,0.014084074424925406,0.8223983301034166,0.0012794088387515835,0.04019455991301357,0.8723828730739591,0.0017424786164182062,0.012047590099829229,0.9823175302921678,0.0007968705419005354,0.001955298769888373,0.867849740043532,0.0010956556588638429,0.009144182508610208,0.6791483017695463,0.0027637158461340716,0.014084074424925406,0.0015465273063701224,1.102511673930218e-05,6.525449830327028e-05,0.0017192500512015168,1.1433421962993322e-05,4.419333683666333e-05,0.15465273063701224
ltown,lightgbm_0h,0.35481338923357547,32,calibration,0.7848026903030411,0.0009037646127471455,0.017855212030653007,0.9810979102970893,0.0006073860113934556,0.0022445826253454045,0.6786686676866804,0.0028475622177779195,0.013375596923622545,0.8228502259915894,0.0016209799853744201,0.040054912966614384,0.8740973884131086,0.0015239165700082896,0.011769067364386468,0.9803409810858035,0.0006895165215214208,0.0022618996689988524,0.8674110346948541,0.0011163461348313354,0.008992739076579777,0.6786686676866804,0.0028475622177779195,0.013375596923622545,0.0017341060814786947,1.0321319749589665e-05,7.26457479830393e-05,0.0019122018103779187,1.1039296510799912e-05,4.8865480424816175e-05,0.17341060814786946
ltown,lightgbm_0h,0.3981071705534973,33,calibration,0.7726907708390413,0.0006619772577861411,0.01857185940628167,0.9788965703304022,0.0006016538332932726,0.0019717412918460625,0.678315630686074,0.0031357621410842075,0.012842127252577816,0.8229948555203603,0.001317404732409847,0.03993246502945055,0.875316592968329,0.0014216848302970701,0.011623870705879377,0.9777839363113372,0.000640321537380063,0.002249253005001489,0.8666615171633006,0.0010649601366038873,0.008866842766257998,0.678315630686074,0.0031357621410842075,0.012842127252577816,0.0019429433282844215,7.554207782946257e-06,7.701130033915858e-05,0.002129043525356442,6.854824308226628e-06,5.2884319791128654e-05,0.19429433282844216
ltown,lightgbm_0h,0.44668359215096326,34,calibration,0.7593219682222624,0.0005106426089339114,0.019485224429206794,0.9764137792679081,0.0004075128543402001,0.0017704385793299092,0.6775047672058971,0.003366030318510725,0.012396010951747596,0.8229464886092421,0.001095216938328774,0.03942992148831838,0.8762415631734695,0.001360918220030718,0.01118696266660515,0.9750058419846713,0.0006694983709674292,0.002425929346401334,0.8656224880482376,0.0009471998399825456,0.008700130230467798,0.6775047672058971,0.003366030318510725,0.012396010951747596,0.00217999880436309,1.0829479757046123e-05,8.11759129075612e-05,0.0023740726948745287,1.0365183572939476e-05,5.5924632258107335e-05,0.217999880436309
ltown,lightgbm_0h,0.5011872336272725,35,calibration,0.7445831876725418,0.0006767061519901042,0.0204301756630521,0.9735247050965331,0.0004008781723216211,0.001424046402763803,0.6772725998007465,0.0029578630383115707,0.012062170744532941,0.8224148968171485,0.0011212347883116517,0.03892710774459531,0.8762748897116899,0.001101055692338481,0.010886685137060427,0.9719664424088974,0.0006581968739118783,0.002635751168784769,0.864290706767003,0.0008370702729360825,0.008627601063722463,0.6772725998007465,0.0029578630383115707,0.012062170744532941,0.0024493928808663533,8.576384854536893e-06,8.324031030904109e-05,0.0026521798636420777,9.078456758380083e-06,5.937005679383604e-05,0.24493928808663532
ltown,lightgbm_0h,0.5623413251903491,36,calibration,0.7284786109975067,0.0007439169425360214,0.02122441866784489,0.970308725858334,0.0004617745498278498,0.0010880337316244424,0.6760930225346312,0.002682142162920868,0.012031445751803675,0.8217680094949238,0.0013990010252307257,0.03835881352703548,0.8758352305310757,0.0008015627873198013,0.010482618402781406,0.9680358083409277,0.0006838017414242511,0.003157207661529311,0.8624081593519785,0.0007286632682690246,0.008614873128839535,0.6760930225346312,0.002682142162920868,0.012031445751803675,0.0027530810645397235,1.4234711602058769e-05,8.5479100712056e-05,0.0029670372382922393,1.4390556115361725e-05,6.2275778082982e-05,0.27530810645397236
ltown,lightgbm_0h,0.6309573444801934,37,calibration,0.7111689881422496,0.0006450093460348263,0.021858534105443406,0.9665313732265137,0.0004451146259643582,0.0007050687546626167,0.6742947896538014,0.0024751168562875243,0.012129961125277871,0.8205224554146001,0.0014070481638796806,0.03787641925732464,0.8746077414662655,0.0007203373778273258,0.010464982968284796,0.9637749424318879,0.0007081352282190032,0.0035580084233782297,0.8599462604386138,0.0006816777576004907,0.00858720259601865,0.6742947896538014,0.0024751168562875243,0.012129961125277871,0.003091330315192639,1.584441430883618e-05,8.733554315418088e-05,0.0033181368969530446,1.4925621252735028e-05,6.272840122136e-05,0.3091330315192639
ltown,lightgbm_0h,0.707945784384138,38,calibration,0.6923543907904668,0.0005792040935913448,0.022458196052961014,0.9623359347162472,0.0006015069974377519,0.00042087643174285364,0.6722282091896902,0.0026738169589472028,0.012158483539721552,0.8189103664734957,0.0012776927982371547,0.0370780109979825,0.8723494200855869,0.0008854452283283589,0.010048869180404969,0.9591890871521347,0.0008626857803959039,0.0038822545872874924,0.8570026035234309,0.0006437761391933911,0.00845545710184994,0.6722282091896902,0.0026738169589472028,0.012158483539721552,0.003477386489716187,1.5077905075420971e-05,9.313302816280006e-05,0.0037185731978368955,1.430678527325547e-05,6.883979509397525e-05,0.3477386489716187
ltown,lightgbm_0h,0.7943282347242817,39,calibration,0.6727675189577603,0.0004631960065179104,0.02314523518025139,0.9576449384993672,0.0005991679782355566,0.0002881796610166496,0.6702265593076386,0.00281362061647571,0.013160066505519217,0.8168680242286436,0.001125590626962526,0.0363285491411368,0.869736210891452,0.0008309409878079225,0.010348906055387389,0.9539672241508047,0.0007273917495223949,0.0043987383078260825,0.8536885914155814,0.0006282631296897459,0.008505347266668737,0.6702265593076386,0.00281362061647571,0.013160066505519217,0.003901838160925638,1.100473878892397e-05,9.552193269938148e-05,0.0041596441308402645,1.0566313715717905e-05,7.205019121499356e-05,0.3901838160925638
ltown,lightgbm_0h,0.8912509381337459,40,calibration,0.6517322484159976,0.0005823815562307952,0.02385710431513348,0.9521278380662861,0.0005843893231299836,0.0003706213933298772,0.6671609875442197,0.0020682622489694344,0.013828096849586323,0.8142798123314872,0.0007027681922657163,0.03585451978733086,0.8663208815938898,0.000955600176891507,0.010308409883314948,0.9481245046731708,0.0006063716366151524,0.004678277008700852,0.8496028048418107,0.00043234645964463524,0.008478668207752733,0.6671609875442197,0.0020682622489694344,0.013828096849586323,0.004383143645436959,1.1941460057915459e-05,0.00010072641879762521,0.004660519414785972,1.2941353167085068e-05,7.64965878022332e-05,0.4383143645436959
ltown,lightgbm_0h,1.0,41,calibration,0.629549759917632,0.000586529451743907,0.02448983350054797,0.9462541033466405,0.0004427720145071692,0.0010389115318378877,0.6624503739201357,0.0023381283265785473,0.014988477523103224,0.810278855309527,0.0007289977816231389,0.03533321850476137,0.8623532534844954,0.0009143552645401466,0.010291627315383169,0.9415330657945007,0.0007399434365049669,0.005253628128079101,0.84457393037106,0.0004962579361038034,0.008502027428441854,0.6624503739201357,0.0023381283265785473,0.014988477523103224,0.004921030513009046,1.6220705422843248e-05,0.00010569484886901365,0.005222693810349487,1.5776288917554268e-05,7.997561531286299e-05,0.4921030513009046
ltown,lightgbm_0h,1.1220184543019642,42,calibration,0.6068613894480163,0.000489821761060678,0.025006542755628934,0.9392780833897122,0.0006713061565050838,0.0022181505306730254,0.6580034910541548,0.002353757474418534,0.015254982488430177,0.8061648632319938,0.0006853369021779431,0.03519052070069784,0.8573589958628232,0.0009170703516114898,0.010209793411058214,0.9344790940200892,0.0008682381323874155,0.005820745530318462,0.8390569055117546,0.0005123640403576045,0.008415096480209161,0.6580034910541548,0.002353757474418534,0.015254982488430177,0.005512485754193714,1.2729378214706977e-05,0.00011384877461477273,0.005840605244228236,1.246198196295571e-05,8.75396702300078e-05,0.5512485754193713
ltown,lightgbm_0h,1.2589254117941675,43,calibration,0.5831816375660913,0.0006146232477904535,0.025407729126379203,0.9320034517300483,0.0005339335788726025,0.002514039053460544,0.6525506529382674,0.0020646634802441916,0.01599305502325489,0.8011854583075757,0.0006967252598414309,0.034665832938320686,0.851765771208022,0.0009493467789350755,0.010544133167993519,0.9264988857065138,0.0008144945600300828,0.006181680111598935,0.8328008439780853,0.00041840207178873247,0.008251704846540496,0.6525506529382674,0.0020646634802441916,0.01599305502325489,0.006179684650405584,1.9853933011696634e-05,0.00011764123419505455,0.006536872304487363,1.832647560455312e-05,8.83016131623748e-05,0.6179684650405584
ltown,lightgbm_0h,1.412537544622754,44,calibration,0.5581465171456272,0.00033183456266554494,0.02588245943985915,0.923735082269721,0.00077631373191988,0.0029312551049747214,0.6463523090788246,0.002077323836431,0.01502282809830427,0.7953935183461256,0.0006407186131539204,0.03442557040254783,0.8454243694695163,0.000799558059021427,0.010273976538899476,0.9178305206278277,0.0009581134904965958,0.006643419489494554,0.8257471599584031,0.0004905102617176084,0.008070877886818777,0.6463523090788246,0.002077323836431,0.01502282809830427,0.006949531998146727,1.367097748885127e-05,0.00011708410382434825,0.007336980239279302,1.1005382038214585e-05,8.770172073942087e-05,0.6949531998146727
ltown,lightgbm_0h,1.584893192461114,45,calibration,0.5329064369814173,0.0004626480957584844,0.02592477153351682,0.9145272450004912,0.0008425648754138355,0.0031962185671011805,0.6393843379532496,0.0018320164410993154,0.014455553192087443,0.7886558137348924,0.000658068085009193,0.034580097465987544,0.8380771821630396,0.0008185677059006052,0.010490933961152945,0.9083177391465286,0.000913908824836155,0.007357657501129034,0.8177924635996402,0.0005537012289643457,0.007877872877730863,0.6393843379532496,0.0018320164410993154,0.014455553192087443,0.007798000243061115,1.617610798224555e-05,0.0001236367002920419,0.008222618100177598,1.8305186742344636e-05,9.417248095463355e-05,0.7798000243061115
ltown,lightgbm_0h,1.7782794100389228,46,calibration,0.5070957806546849,0.00038203870945123123,0.026170930696570165,0.9042465685717745,0.0007322810200459719,0.0033160496062515366,0.6309547119292567,0.001960827742199837,0.014298700555803616,0.780969354070028,0.0006770095909191553,0.034772594638957856,0.8295663587860633,0.000818731291767373,0.010281575784197437,0.8980909587187101,0.0006069816112337264,0.007890744935214149,0.8087655904151666,0.0006079220977411958,0.007723588563810389,0.6309547119292567,0.001960827742199837,0.014298700555803616,0.008750786111627756,1.3017498560771625e-05,0.0001252719277599542,0.009217354734871681,1.6079735092522497e-05,8.885931392564822e-05,0.8750786111627755
ltown,lightgbm_0h,1.9952623149688808,47,calibration,0.48086439599781855,0.0005840053347290532,0.026006312464764418,0.8926153465222946,0.0007857652234306992,0.003281322547414318,0.6228768234030944,0.0018872399230108147,0.014155049851130102,0.7727668038227087,0.0005933979834358703,0.034800062719749864,0.8205045626865878,0.001060673493100207,0.01021225195123807,0.886587998421706,0.0005482473186559498,0.008211492289881111,0.7990703069712783,0.0006113187940191183,0.00740528986553628,0.6228768234030944,0.0018872399230108147,0.014155049851130102,0.009830599086577524,2.080375415284427e-05,0.00013632744105120155,0.01034023249977792,2.5316304034853083e-05,9.806474775101208e-05,0.9830599086577524
ltown,lightgbm_0h,2.23872113856834,48,calibration,0.4546870968751062,0.000484667416236995,0.02579511305835503,0.8799522165595788,0.0010793315702430535,0.0032647715571252393,0.6140452801714922,0.0018989868207400084,0.013359727477828136,0.7633135881284718,0.0009343776576634914,0.03468034834421743,0.8100419799313933,0.0010412272857308346,0.010286419956943663,0.8744546941337219,0.0006204669735070453,0.008541450697569064,0.7883615517849317,0.000701500836507624,0.007414303792937728,0.6140452801714922,0.0018989868207400084,0.013359727477828136,0.011035152614945153,1.818134292624006e-05,0.00014048959345146388,0.011595484210830263,2.2605814928689706e-05,9.984660941038017e-05,1.1035152614945154
ltown,lightgbm_0h,2.5118864315095824,49,calibration,0.4284204780288764,0.0003989674917707845,0.02556287536899241,0.8661297148190688,0.0009068728392782626,0.00343113505549603,0.6047513306258765,0.0015552613896625926,0.01338652700259205,0.7520476846890958,0.0011379420292799154,0.035227682630907524,0.7986819480580383,0.0011206020649687618,0.010174189005783358,0.8608816585605321,0.0008226361601434819,0.008819181165545732,0.7764984673505225,0.0007027044281220935,0.007319189466282152,0.6047513306258765,0.0015552613896625926,0.01338652700259205,0.012393670006809134,1.8273829080829912e-05,0.00014601372315912968,0.01301217589790938,2.061108145562586e-05,0.00010015819429169245,1.2393670006809134
ltown,lightgbm_0h,2.818382931264455,50,calibration,0.4024020383909897,0.0004241116244857911,0.024849134128021404,0.8514234411171843,0.0010089044962205262,0.004181802649506477,0.5934547245832141,0.0011906924294118476,0.013072608200723873,0.7399909173906306,0.0010430434952909858,0.03425596059981347,0.7862495487812778,0.0009786806698270586,0.00979784978072573,0.8463334155926633,0.0008197983262251747,0.009056864218335871,0.763490409492994,0.000686920602344134,0.006752281276139647,0.5934547245832141,0.0011906924294118476,0.013072608200723873,0.013914709921772295,2.104542209278021e-05,0.00015107365718319436,0.014596582320274347,2.705793658356268e-05,0.00010105008624149001,1.3914709921772295
ltown,lightgbm_0h,3.1622776601683795,51,calibration,0.37679476484671337,0.0003866811291658333,0.02401091802234679,0.8354874492518317,0.0008954860316802161,0.004488135089785416,0.5811764325793403,0.0009680760408309603,0.012748392385480622,0.7275377916104541,0.0009409192250822927,0.03393994900857443,0.7725503977261686,0.0011945398733339138,0.009410074478914785,0.8302794024870017,0.0009633059152870591,0.00911677575823698,0.7494062947309593,0.0007513415382184975,0.006421493857894665,0.5811764325793403,0.0009680760408309603,0.012748392385480622,0.015623970740450138,2.103281689750968e-05,0.00014938744827979993,0.016376973790631136,2.6479666505875063e-05,0.00010196135909290939,1.5623970740450137
ltown,lightgbm_0h,3.548133892335757,52,calibration,0.3516800532652796,0.00035450505505233137,0.023186001229427922,0.8184202180321022,0.000737404831999354,0.005001307539051709,0.5673464664,0.001565343283807442,0.011911816486044705,0.7138977714566705,0.0008234665286421494,0.03345139687980461,0.7578220128214478,0.0014841096970228372,0.009916917694121808,0.8136868716350845,0.0005628608235162296,0.008661299059415878,0.734234668069061,0.0007109091456174026,0.0059221739345787575,0.5673464664,0.001565343283807442,0.011911816486044705,0.017547406952463467,3.0077248250273257e-05,0.00014822934801581443,0.018374931964598884,2.8448317102352056e-05,9.80051497603536e-05,1.7547406952463467
ltown,lightgbm_0h,3.981071705534973,53,calibration,0.3271742757046932,0.00029888080500496315,0.022188769896311248,0.8005744674367035,0.0010240674253186146,0.005392162784432978,0.5523794025353023,0.0016368512032312317,0.011765148367271888,0.6985850990184346,0.0008972402018082932,0.032368184358789,0.74171571378727,0.001474136228603768,0.009706614160065012,0.7954581126161498,0.000601496941973528,0.008944567275749733,0.7177425590787719,0.0007716195796455329,0.0056919116659750815,0.5523794025353023,0.0016368512032312317,0.011765148367271888,0.0197126800421169,2.9812851478467285e-05,0.00015208822555576985,0.020626140590826382,2.7075325075948908e-05,9.981305480563331e-05,1.97126800421169
ltown,lightgbm_0h,4.4668359215096345,54,calibration,0.30343024253515616,0.0003643482694905594,0.02114619835151601,0.7816214952770892,0.0010584402991552077,0.005757895648040148,0.5364325283139016,0.002584721365973248,0.011501445931521491,0.6827845845830864,0.001179559480722752,0.03138525471016826,0.7245457147592977,0.0011687475902660343,0.009367980849467961,0.7757757517185115,0.0008880090655828257,0.009190692140907076,0.7002320149303773,0.0010257845275199508,0.005167983945736075,0.5364325283139016,0.002584721365973248,0.011501445931521491,0.022154695853904335,3.572415973691708e-05,0.00015939074617435923,0.023159576343065588,3.838539651587386e-05,0.00010811914278094456,2.2154695853904336
ltown,lightgbm_0h,5.011872336272725,55,calibration,0.28067573222078984,0.0002876892489108205,0.020041109095849753,0.7611086226996424,0.0011355252023514967,0.0061259024214670625,0.5185548800813262,0.002193884792582053,0.01083353118043839,0.665889293385219,0.0009052852300928945,0.02967182774574012,0.7064742567945478,0.001139494607786486,0.009452976923062871,0.7548482450670932,0.0008352367823233391,0.009539454107224753,0.6813750596055658,0.0009993639817325773,0.004832025664192422,0.5185548800813262,0.002193884792582053,0.01083353118043839,0.02488932729728425,3.916215682774248e-05,0.00015788606005688117,0.026002374586360465,3.439660595389198e-05,0.00011245370741675415,2.488932729728425
ltown,lightgbm_0h,5.623413251903491,56,calibration,0.2590882603897757,0.0002681567724023063,0.018906949780090273,0.7398398375991843,0.0008630129097133319,0.006010573269570879,0.500571570807394,0.0018820994361878785,0.010723527706219357,0.6481098760429956,0.0013013811916745275,0.028475604085033482,0.6874991415318666,0.0010663944247898348,0.009191128464984327,0.7324545199121728,0.0008126632573694473,0.009796807254101422,0.6616949891787226,0.0009101693221596458,0.004565394911594722,0.500571570807394,0.0018820994361878785,0.010723527706219357,0.027947093078678004,4.810371118493959e-05,0.0001535201204333973,0.029176787028246297,4.055885963845462e-05,0.0001196547192790969,2.7947093078678003
ltown,lightgbm_0h,6.309573444801936,57,calibration,0.23854518551915432,0.00024163059565271525,0.017747129848678368,0.7168102723415185,0.0007603656068324289,0.0058299547683733875,0.48129698851195274,0.0014603707102521773,0.011348237030105362,0.6299654095415336,0.0011221223798593611,0.02739605929008925,0.6672905425259116,0.0007690543061938557,0.009056769802587105,0.7090143380521141,0.0009864066939720576,0.010139267425610152,0.6408755101946061,0.0009226171417811677,0.004133422212710173,0.48129698851195274,0.0014603707102521773,0.011348237030105362,0.03137837667648752,5.0391312328630446e-05,0.0001694347694369484,0.03273992329736284,4.238425092738586e-05,0.00014831668303745915,3.1378376676487516
ltown,lightgbm_0h,7.07945784384138,58,calibration,0.2190624027856742,0.00023981428635971348,0.016636689888962747,0.6926700439569445,0.0009745862249961966,0.006270672275527171,0.4605497714388776,0.0011552776017866892,0.011532873625701557,0.6103148714679146,0.001451110310852494,0.02723846143683911,0.6456719870212267,0.0009988939765157654,0.008473682910524204,0.6847262943164772,0.0008566574684667238,0.010107610708456291,0.6187865936402882,0.0009514204782178859,0.003849153958993892,0.4605497714388776,0.0011552776017866892,0.011532873625701557,0.0352295214909214,5.1788803481497406e-05,0.00018883727351992318,0.036740081892140904,5.3733610104313995e-05,0.00017290335341270608,3.52295214909214
ltown,lightgbm_0h,7.943282347242821,59,calibration,0.20064121016709716,0.00016409105588403858,0.01554600844942081,0.6669544335044945,0.0009757689308560228,0.007200560778272597,0.4390622215445319,0.0009314231091776796,0.011531931734610701,0.5895762225690591,0.001028377592774783,0.02663518999036402,0.6230171574300677,0.001015451121179918,0.008151248598040726,0.6593263142829916,0.0008618869406552494,0.010424990076987887,0.5955872698662288,0.0008364267628970498,0.0035390671357780215,0.4390622215445319,0.0009314231091776796,0.011531931734610701,0.03956445262107081,3.195416670094227e-05,0.00021336530243911577,0.041244210762579475,4.28856935178998e-05,0.00020228967821130583,3.9564452621070814
ltown,lightgbm_0h,8.91250938133746,60,calibration,0.18337686022579922,0.00015061003351172277,0.01448321075133935,0.6399369876588649,0.0007223272881390356,0.007178502038389385,0.4162650171138882,0.0010344418304652785,0.011408250397264142,0.5682710828792518,0.0008247511612540501,0.025660017583317103,0.5993975742035215,0.0009182641305649494,0.00802224756531354,0.6333767380711209,0.001032541901953731,0.010537313639450664,0.5714494799853294,0.0007056015326465109,0.003249290891527594,0.4162650171138882,0.0010344418304652785,0.011408250397264142,0.04442784380008224,4.2677163585261864e-05,0.00023614798798351588,0.04630018499184382,4.296127813180622e-05,0.00022845042461497306,4.442784380008224
ltown,lightgbm_0h,10.0,61,calibration,0.16736364642407783,0.00013594933377701567,0.013495473121440825,0.6126344874082362,0.001099209490923193,0.007585756313998878,0.3934958463227018,0.001124953320855685,0.011431131766121578,0.5458289695054752,0.00043840947603151614,0.024468291617700894,0.5751305993837329,0.0009048175118165249,0.007814357905067706,0.6071268132174349,0.0010767745830271172,0.01042509082332892,0.5468433431675163,0.0007328464291499761,0.0028881854215369253,0.3934958463227018,0.001124953320855685,0.011431131766121578,0.04985554566758961,4.1327656576671774e-05,0.00029536589952921806,0.05194009959180012,4.7292778767998446e-05,0.0002701311093016415,4.985554566758961
ltown,lightgbm_0h,11.220184543019641,62,calibration,0.1524653260567059,5.6442185985384245e-05,0.012587062833649455,0.5844768430704373,0.0009839079594568328,0.007418635067079131,0.3701554032117397,0.0006354627716433963,0.010992992490611975,0.5228264830900875,0.0006568708766128259,0.024002995285859995,0.5502990539514079,0.0007279337943296206,0.007856478913224201,0.5796271168988247,0.0008957971209328367,0.010875548825853863,0.5214769800444994,0.0005040276503593186,0.0029504376854240367,0.3701554032117397,0.0006354627716433963,0.010992992490611975,0.05593294315418207,2.153358556811073e-05,0.0003500633563002381,0.05826197174376553,1.7852155590586426e-05,0.00030401364341975525,5.593294315418207
ltown,lightgbm_0h,12.589254117941675,63,calibration,0.13863448371327539,7.770618191193571e-05,0.011703858672721407,0.555980053380617,0.0008640388307708581,0.007984518445981602,0.3467081012118202,0.0007129771204867019,0.011046237781873188,0.4986166192520901,0.000694081064895789,0.023464415693668726,0.5248489507033985,0.0005557672840694049,0.007599067304275006,0.5515528501227287,0.0009478420897897174,0.01075178174226016,0.4955413149341309,0.0006001385902346957,0.0030520932752931143,0.3467081012118202,0.0007129771204867019,0.011046237781873188,0.06275212251169912,3.114994896753555e-05,0.00038374275985447926,0.0653614267353421,3.5976264083413e-05,0.00031427067997354927,6.275212251169912
ltown,lightgbm_0h,14.125375446227554,64,calibration,0.12583795364388253,0.00013532725500870423,0.010831614300680987,0.5270860962652821,0.0008696615326116695,0.008653222859527179,0.32356997519934694,0.0009388227206763786,0.010477477468290947,0.474216804070481,0.000939340416665968,0.02285955191816848,0.4985947107565457,0.0005374030698865815,0.007020297320504573,0.5227302534577466,0.0008887677313579325,0.011053197290024913,0.46923956794988053,0.000675590230244427,0.0033522748787699944,0.32356997519934694,0.0009388227206763786,0.010477477468290947,0.070394318747321,8.269306487055846e-05,0.00044917196905450374,0.07332458238185927,8.889171865886744e-05,0.00033647926279605704,7.0394318747321
ltown,lightgbm_0h,15.848931924611142,65,calibration,0.114012709785893,9.815626978254926e-05,0.009941038373127023,0.49799074876705135,0.0008558557396388845,0.009189454975356864,0.3007924195305995,0.0008268910115239452,0.010400258429870083,0.44934826860350596,0.0009062338338998225,0.02254092831537518,0.4722201021176042,0.0007007536458225747,0.006320446581214896,0.4938843496245106,0.0007977493759745768,0.01063473180202588,0.44284717772865434,0.0006612247078295993,0.003297784197496801,0.3007924195305995,0.0008268910115239452,0.010400258429870083,0.07899273775757948,5.962291684781475e-05,0.0004791169870262137,0.08228134387995016,6.99474046877452e-05,0.0003500854885127449,7.899273775757948
ltown,lightgbm_0h,17.78279410038923,66,calibration,0.10317612301404085,6.235983372357744e-05,0.009083953169809164,0.4693104495373854,0.0007054156684533013,0.009371273263555087,0.2791605959280432,0.0007019261645085954,0.009738801895974621,0.42426764738710454,0.0010512600045478563,0.021571829253668903,0.44571236857761576,0.0007046045669161689,0.005442242895548147,0.46516250655203745,0.0007241326238073231,0.010009854249074593,0.41672271359643726,0.0005972093883017448,0.0033149154199957954,0.2791605959280432,0.0007019261645085954,0.009738801895974621,0.08863647255750128,3.864948359588757e-05,0.0005200578199431985,0.0923226107344521,5.1238840690819375e-05,0.0003691363707009485,8.863647255750127
ltown,lightgbm_0h,19.952623149688808,67,calibration,0.09325248992837762,4.687370388232215e-05,0.008262639605015129,0.4406336763049425,0.0006713536950400256,0.009108873983491927,0.25823334702708234,0.0005554549511012903,0.00934123173325177,0.3993397423683239,0.0009137090990307262,0.020557140487254672,0.4196868495383998,0.0005963964893147836,0.00452820080917245,0.4367877278611752,0.0006703790156034924,0.009587671748387155,0.39093626861998476,0.000544536770395104,0.003144868395224339,0.25823334702708234,0.0005554549511012903,0.00934123173325177,0.09945466257780115,4.089986409002642e-05,0.0005460071233599082,0.10358390218206583,5.317036427060911e-05,0.0003767161251831635,9.945466257780115
ltown,lightgbm_0h,22.3872113856834,68,calibration,0.08420353742562697,3.517175778310342e-05,0.007525148477677288,0.41253124078966974,0.0007094106122139253,0.008952238971915601,0.23848952278457547,0.0005592061138852401,0.008639330279388098,0.37486378671905507,0.0007773605529475046,0.019096011602362906,0.3938432222016028,0.0005776672880030702,0.0039230505593625875,0.40907562625621086,0.0005773811307773896,0.009177914445059655,0.3657606797502228,0.0005018430585415234,0.00290207988675556,0.23848952278457547,0.0005592061138852401,0.008639330279388098,0.11156284498574011,5.251712443801232e-05,0.0005926604053597309,0.11617749496580196,5.2691362259530507e-05,0.000393326914255254,11.156284498574012
ltown,lightgbm_0h,25.11886431509582,69,calibration,0.07591107987154018,4.2520977327029614e-05,0.006856207307479134,0.38503485289520395,0.0007829650172574771,0.008553756948265092,0.21963169360210688,0.0005696084750189174,0.00795043326941157,0.3506860778392877,0.00098931427170823,0.01746080076826311,0.36821709662118773,0.0007491781282382018,0.0038915085883217617,0.3818539019625715,0.0008397153790721172,0.008535365881746327,0.3410847245840715,0.0006503846805995678,0.0027950930983819235,0.21963169360210688,0.0005696084750189174,0.00795043326941157,0.1252262106475065,5.070378394625881e-05,0.0006645296255236652,0.13038378601875966,6.190437704728846e-05,0.000407431748058808,12.52262106475065
ltown,lightgbm_0h,28.18382931264455,70,calibration,0.06835627063192619,3.5239636379779e-05,0.006236148959105289,0.358064671452394,0.0006692997427211437,0.00801604407943189,0.20144681098643777,0.0005383532621536928,0.007389535264639277,0.32702511821591285,0.0008182477670796068,0.016017833965940326,0.34334749544636745,0.0006656678147746757,0.0040961387507153875,0.3552742803214074,0.0009880840805890176,0.008193224188216606,0.31703167528450393,0.0005527678899461787,0.0025412078562175176,0.20144681098643777,0.0005383532621536928,0.007389535264639277,0.14058322978943483,3.7390706640612486e-05,0.00076215353112017,0.14636131323341062,7.237492401664705e-05,0.00043064555525480227,14.058322978943483
ltown,lightgbm_0h,31.622776601683793,71,calibration,0.061494492933196004,3.73527381878206e-05,0.005669208864959725,0.3319110092497121,0.0005900049483826004,0.007525656789165655,0.1843277611728596,0.0005526444150712466,0.0067663005643098855,0.3040660390079137,0.0007456835047696107,0.014983804675037522,0.3189229646348058,0.0006651616618715191,0.004212456884348952,0.3292108701073329,0.0009587961498847409,0.007693068876736638,0.2936877288345248,0.000583624539341138,0.0025088972466966388,0.1843277611728596,0.0005526444150712466,0.0067663005643098855,0.15782319219304647,6.917928862525512e-05,0.0008542391314792868,0.16430838926259558,0.00010576675148420068,0.000452661464711137,15.782319219304647
ltown,lightgbm_0h,35.48133892335757,72,calibration,0.055297858633338595,2.7178515770040636e-05,0.005153045032931131,0.30676711111572064,0.0006639867127724717,0.007014967400651217,0.168373665987236,0.000427231287730757,0.006043422536408053,0.2818322978506403,0.0005378428509636266,0.013813752309092441,0.29538320225968373,0.0003879312722355762,0.004276349687187738,0.303908676061119,0.0009279981636369434,0.007063448262296107,0.2712529906548799,0.00046537616640149,0.0023219072415215742,0.168373665987236,0.000427231287730757,0.006043422536408053,0.17713463806769617,6.323080931095005e-05,0.000989705180785224,0.1844359981633942,0.0001082038064861672,0.000498441249870436,17.713463806769617
ltown,lightgbm_0h,39.810717055349734,73,calibration,0.04970244873976168,2.0677889404311086e-05,0.004668033754574327,0.28269642555331964,0.0006729195323965378,0.006778933601636751,0.15328224866181403,0.0003417074077601057,0.005573591527881384,0.2605950264929186,0.0004246151500170544,0.012517322377712954,0.2731667970806541,0.0005910926856145259,0.004266224089873749,0.2798281659334893,0.0007980425980332272,0.006586984799513275,0.2499137327444391,0.0003937802602084728,0.0021674031642134766,0.15328224866181403,0.0003417074077601057,0.005573591527881384,0.19876515180343382,6.454658852406625e-05,0.0011384812149584365,0.20698690878963558,9.273397837552953e-05,0.0005397748687359716,19.876515180343382
ltown,lightgbm_0h,44.668359215096345,74,calibration,0.04462948580647315,1.6470760819323083e-05,0.004218629761799298,0.25955341566670137,0.0004709068386793006,0.0064172560594134035,0.13930399801552434,0.0003174775190550699,0.005184988711581297,0.2406505346531314,0.00039861715352170076,0.01108109858392736,0.25176086380479945,0.0004378181156200451,0.0043433504946873555,0.25683003696028855,0.0008467866561790307,0.006111790265381297,0.22961976982008903,0.0003134081578711902,0.002005958750472965,0.13930399801552434,0.0003174775190550699,0.005184988711581297,0.2231006282878631,0.0001365804393075365,0.001299714636607285,0.23236042931312043,9.037589739358472e-05,0.0005768629455195876,22.310062828786307
ltown,lightgbm_0h,50.11872336272725,75,calibration,0.04006675189948554,1.8077329259776694e-05,0.00380194945847926,0.2378500470747485,0.0004833546054766295,0.006209982774374992,0.126428309489428,0.0002733627405088981,0.004749202463493411,0.22169025908853565,0.0004377129830787369,0.009575068631818737,0.23144925580266662,0.0003637573330553892,0.004316906408271645,0.23525202714790291,0.0007581661992335792,0.005553614650617453,0.21053397972065632,0.00030340993779666393,0.001812479784911017,0.126428309489428,0.0002733627405088981,0.004749202463493411,0.2503451393694179,0.00017356770034227388,0.001424948717105028,0.26077048155115723,0.00013081845701605604,0.000584845981643897,25.03451393694179
ltown,lightgbm_0h,56.23413251903491,76,calibration,0.03594094552944927,2.032299369264483e-05,0.003422688125977737,0.21741076978524848,0.0004892161481316203,0.005874315568229332,0.11438587574355791,0.00031199892573799024,0.004192338737170918,0.20372146126140905,0.00034238778983227574,0.008260372019056047,0.21226101226327485,0.00035277876449054876,0.004356838776878437,0.21497999167980278,0.0006471303054211708,0.004939776215984041,0.1925518221466586,0.0003163319113985557,0.0017148116128493146,0.11438587574355791,0.00031199892573799024,0.004192338737170918,0.2809936195041011,0.00018046219653812147,0.001631108391202061,0.2927354708784518,0.00015519146656808473,0.0006197799926844432,28.099361950410113
ltown,lightgbm_0h,63.095734448019364,77,calibration,0.032220070704543406,1.72492943593889e-05,0.003079024127382804,0.19821759191619176,0.0003137908609988344,0.0055654755524316745,0.10334580054025638,0.0002593443440338359,0.0036875958653543486,0.18676440522791937,0.0004356869697454974,0.00741719327555558,0.19424788718225455,0.0002513627823015074,0.004045309665029086,0.19601758144194176,0.0005266249032156799,0.004420252006316803,0.1757186532617127,0.0002621603492922468,0.0015729545483817765,0.10334580054025638,0.0002593443440338359,0.0036875958653543486,0.31541674250055923,0.00020945449405438676,0.0017983861116229504,0.3286351335061635,0.0001625131559896787,0.0006207799955477432,31.541674250055923
ltown,lightgbm_0h,70.79457843841381,78,calibration,0.028869480832423734,1.1719194793009225e-05,0.002757556738588291,0.18039997760499518,0.00032086406422945197,0.0051217505187649915,0.09329783853651524,0.00024318282972063372,0.0032828704692933444,0.17099131103887855,0.0004099001924529408,0.006542686172149946,0.177483091987208,0.0002324467132879726,0.003809464050955419,0.178320202389726,0.0004447884623418544,0.004043749927741655,0.16009848431146453,0.0002431357186419074,0.0013978880233959448,0.09329783853651524,0.00024318282972063372,0.0032828704692933444,0.35415480308008435,0.00018968456842485232,0.0019261550854677947,0.36900761604698373,0.0001498188784258667,0.0005810452454316168,35.41548030800843
ltown,lightgbm_0h,79.43282347242821,79,calibration,0.025866940065614994,1.1306774769017737e-05,0.002473169659929534,0.16393170286723394,0.00031168980557150276,0.0046498663802681224,0.08415819207050367,0.0002323198955588484,0.0029387320884116095,0.15644428919169065,0.00035201057947759556,0.005566337496953897,0.16188745924178213,0.00023783987851393092,0.00341769077789995,0.1620347360100053,0.00040571255010851844,0.003747211670830055,0.14569127587624311,0.00022855122598228203,0.0012479105313470628,0.08415819207050367,0.0002323198955588484,0.0029387320884116095,0.3975579571975197,0.00014685432360383972,0.002186010184487883,0.41421803489091263,0.0001519975374588021,0.0006099230588317695,39.755795719751966
ltown,lightgbm_0h,89.12509381337459,80,calibration,0.02317098576437543,1.3150283404096528e-05,0.0022155122373587275,0.14874249010139298,0.00029373460512691806,0.004010863844884696,0.07586142624068146,0.00016181948034342959,0.00260675783313426,0.14292344950339247,0.0002834252184900977,0.004723972377322704,0.14745777691565246,0.000214447829201003,0.0030906779701913877,0.14700758917835038,0.0003434594935243393,0.0034790928055221794,0.13239854638789395,0.00019874412722949137,0.0011149100533728383,0.07586142624068146,0.00016181948034342959,0.00260675783313426,0.4462287161586733,0.00018076126331743485,0.002446006841781002,0.4648917856424103,0.0001748647719004948,0.0006888392857435393,44.62287161586733
ltown,lightgbm_0h,100.0,81,calibration,0.02074905934369585,5.731078462014746e-06,0.0019807023337092026,0.13481326093696208,0.00024877232439768446,0.0033615143007702654,0.06835632676848005,0.00011927497218599079,0.0023571363606796525,0.1304238336741095,0.00023897677711123136,0.0038762996999458297,0.13412912366791774,0.0001529468777179712,0.0027551846622421265,0.13331373464481006,0.00024301208458373083,0.003245902929269,0.12020725593845588,0.0001557776669020827,0.0009863119569503964,0.06835632676848005,0.00011927497218599079,0.0023571363606796525,0.5009449380789212,0.00011078255197465661,0.0026541048920832185,0.5217769582368272,0.00011173616495332459,0.0007362375968696231,50.094493807892114
