network,lightgbm_delay_hours,objective,calibration_clean_fpr_cap,metric,mean_hybrid_minus_lightgbm,higher_cells,equal_cells,lower_cells,source_mean_differences_json,model_mean_differences_json
modena,0,pooled,0.0,pooled_f1,-0.3553366893986335,0,0,60,"{""40811"": -0.3456419385273186, ""41811"": -0.3534515255534379, ""42811"": -0.3722067634423778, ""43811"": -0.3501721602307804, ""44811"": -0.3403693814934411, ""45811"": -0.3701783671444452}","{""701"": -0.30718974368415736, ""702"": -0.4692157543007071, ""703"": -0.4341344961600026, ""704"": -0.39911157028118255, ""705"": -0.36179579346045637, ""706"": -0.25610942388080565, ""707"": -0.2701880061791087, ""708"": -0.34167060121013076, ""709"": -0.4549616929800406, ""710"": -0.25898981184974323}"
modena,0,pooled,0.0,random,-0.5936421996721923,0,0,60,"{""40811"": -0.6055144249229782, ""41811"": -0.5734435528012213, ""42811"": -0.6062510813502303, ""43811"": -0.5740664078690928, ""44811"": -0.6296706983674429, ""45811"": -0.5729070327221886}","{""701"": -0.5194021253706606, ""702"": -0.7780918434713929, ""703"": -0.6852027267097935, ""704"": -0.7277587286436762, ""705"": -0.5964576385228765, ""706"": -0.3681713161172029, ""707"": -0.46009917042653314, ""708"": -0.6123276989237639, ""709"": -0.7583064280858506, ""710"": -0.43060432045017355}"
modena,0,pooled,0.0,replay,0.024833528534976793,44,0,16,"{""40811"": 0.046670387198064746, ""41811"": 0.01763732337155528, ""42811"": 0.03823145064685994, ""43811"": 0.009803939733594525, ""44811"": 0.04865876850199363, ""45811"": -0.012000698242207331}","{""701"": 0.06623311720882154, ""702"": -0.036756842972703506, ""703"": 0.005867370186428633, ""704"": 7.225497827996936e-05, ""705"": 0.026420605000117097, ""706"": 0.027643775716012398, ""707"": 0.052696425685286374, ""708"": 0.07053061399350274, ""709"": -0.021187310962174816, ""710"": 0.056815276516197555}"
modena,0,pooled,0.0,drift,-0.2866326041891781,0,0,60,"{""40811"": -0.23435215508581927, ""41811"": -0.3554550202616657, ""42811"": -0.24920414975930494, ""43811"": -0.366141178540108, ""44811"": -0.2273235571074778, ""45811"": -0.28731956438069284}","{""701"": -0.2721137898250683, ""702"": -0.37921278252400853, ""703"": -0.34895786147953745, ""704"": -0.250667947583792, ""705"": -0.3218149695493258, ""706"": -0.3070858716707337, ""707"": -0.19405013500517854, ""708"": -0.2737210041718045, ""709"": -0.32245361951979995, ""710"": -0.1962480605625321}"
modena,0,pooled,0.0,noise,-0.15873965695343245,0,0,60,"{""40811"": -0.13391055031124957, ""41811"": -0.22531229931832594, ""42811"": -0.11468186211384032, ""43811"": -0.11259342602731863, ""44811"": -0.17571645459523927, ""45811"": -0.1902233493546211}","{""701"": -0.14139974059854463, ""702"": -0.16645195051632597, ""703"": -0.274165357842921, ""704"": -0.07219030731251759, ""705"": -0.1492137936770956, ""706"": -0.17173436815060658, ""707"": -0.14615176204344518, ""708"": -0.10629128812901283, ""709"": -0.1988215089727895, ""710"": -0.16097649229106584}"
modena,0,pooled,0.0,targeted,-0.5869721638819374,0,0,60,"{""40811"": -0.550257907967135, ""41811"": -0.5623549557077213, ""42811"": -0.6339483886308981, ""43811"": -0.5630290371383143, ""44811"": -0.6291368856015029, ""45811"": -0.5831058082460535}","{""701"": -0.5064658555779378, ""702"": -0.7923874008358215, ""703"": -0.6684171072957096, ""704"": -0.7504615197010088, ""705"": -0.5888315350494461, ""706"": -0.32557275116401946, ""707"": -0.4330765798900084, ""708"": -0.6100661541042912, ""709"": -0.7787359949426791, ""710"": -0.4157067402584527}"
modena,0,pooled,0.0,family_macro_f1,-0.32023061923235274,0,0,60,"{""40811"": -0.2954729302178235, ""41811"": -0.3397857009434758, ""42811"": -0.31317080624148275, ""43811"": -0.32120522196824786, ""44811"": -0.3226377654339338, ""45811"": -0.3291112905891526}","{""701"": -0.2746296788326779, ""702"": -0.4305801640640505, ""703"": -0.3941751366283066, ""704"": -0.3602012496525429, ""705"": -0.32597946635972547, ""706"": -0.22898410627731006, ""707"": -0.2361362443359758, ""708"": -0.3063751062670739, ""709"": -0.41590097249665875, ""710"": -0.22934406740920532}"
modena,0,pooled,0.0,worst_family_f1,-0.200472203754884,0,0,60,"{""40811"": -0.17234510787830937, ""41811"": -0.27771300704795243, ""42811"": -0.16661880438593543, ""43811"": -0.1365032728801992, ""44811"": -0.22331344776951978, ""45811"": -0.2263395825673878}","{""701"": -0.14139974059854463, ""702"": -0.2786565913261389, ""703"": -0.274165357842921, ""704"": -0.22883353643467289, ""705"": -0.17141712343411833, ""706"": -0.17173436815060658, ""707"": -0.14615176204344518, ""708"": -0.16225176076026668, ""709"": -0.26913530466706, ""710"": -0.16097649229106584}"
modena,0,pooled,0.0,clean_fpr,-6.861318691430009e-07,3,43,14,"{""40811"": 4.5271094632432666e-07, ""41811"": -2.2952625780389278e-07, ""42811"": -2.275996431237596e-07, ""43811"": 0.0, ""44811"": -6.843768178759224e-07, ""45811"": -3.427999442378757e-06}","{""701"": 0.0, ""702"": -1.1426664807929192e-06, ""703"": -2.2854318092699793e-06, ""704"": -1.1457369290122563e-06, ""705"": -3.80888826930973e-07, ""706"": -3.80888826930973e-07, ""707"": 0.0, ""708"": -3.6297049940341285e-09, ""709"": -1.5228758240573204e-06, ""710"": 7.997105584464891e-10}"
modena,0,pooled,0.0,all_negative_fpr,-3.3287687517174434e-07,12,29,19,"{""40811"": -7.996465562221498e-07, ""41811"": -1.9996760524794981e-07, ""42811"": 1.0021887802961668e-06, ""43811"": 0.0, ""44811"": 1.2017328988401277e-06, ""45811"": -3.2015687686966615e-06}","{""701"": 6.676293882445153e-07, ""702"": -1.6671730520495048e-06, ""703"": -2.0007006267725526e-06, ""704"": -6.671457119936996e-07, ""705"": -3.328681177095403e-07, ""706"": 1.0033835893520155e-06, ""707"": 6.286290296952396e-10, ""708"": 1.0013816333632313e-06, ""709"": -1.6674909994325268e-06, ""710"": 3.3358651625092237e-07}"
modena,3,pooled,0.0,pooled_f1,-0.4265176805691503,0,0,60,"{""40811"": -0.4207332849446653, ""41811"": -0.42732918728077063, ""42811"": -0.43420513079035883, ""43811"": -0.42742198860613134, ""44811"": -0.4046986328861097, ""45811"": -0.4447178589068662}","{""701"": -0.4530609186857019, ""702"": -0.5306459290976688, ""703"": -0.5035539209614227, ""704"": -0.4078768831804069, ""705"": -0.4851723380918886, ""706"": -0.3127871493603412, ""707"": -0.3484084565115341, ""708"": -0.434410051003801, ""709"": -0.49074294674267044, ""710"": -0.2985182120560681}"
modena,3,pooled,0.0,random,-0.6771187728634256,0,0,60,"{""40811"": -0.6928083024589017, ""41811"": -0.6550832247252589, ""42811"": -0.6732795683824983, ""43811"": -0.6757083683715079, ""44811"": -0.6971888224085226, ""45811"": -0.6686443508338634}","{""701"": -0.6788189365583005, ""702"": -0.851051893947311, ""703"": -0.7584864862159034, ""704"": -0.74275044610748, ""705"": -0.7303668302688742, ""706"": -0.433998493113952, ""707"": -0.5658355694088897, ""708"": -0.7166785547372494, ""709"": -0.8036487022533453, ""710"": -0.4895518160229492}"
modena,3,pooled,0.0,replay,0.0062401818500354275,34,0,26,"{""40811"": 0.023583722144234563, ""41811"": -0.01090287939872706, ""42811"": 0.022016549736473302, ""43811"": -0.017503470131039957, ""44811"": 0.03269690294827935, ""45811"": -0.012449734199007634}","{""701"": -0.026557504467951038, ""702"": -0.025137890882898917, ""703"": -0.02443443933984868, ""704"": 0.03770132423075906, ""705"": -0.029777370993596897, ""706"": 0.025895407713913077, ""707"": 0.04547401115845625, ""708"": 0.008586533549838682, ""709"": -0.014333444484458982, ""710"": 0.06498519201614172}"
modena,3,pooled,0.0,drift,-0.3614536414052359,0,0,60,"{""40811"": -0.3053733847346715, ""41811"": -0.4315581504264344, ""42811"": -0.3118119819783692, ""43811"": -0.44843360904270124, ""44811"": -0.3002022196928049, ""45811"": -0.3713425025564344}","{""701"": -0.41926576584955666, ""702"": -0.4485890111743829, ""703"": -0.42286155440486956, ""704"": -0.26028858723056564, ""705"": -0.4659933550517554, ""706"": -0.3729804472746377, ""707"": -0.26944222046311966, ""708"": -0.36283054420610056, ""709"": -0.3576409301371, ""710"": -0.2346439982602713}"
modena,3,pooled,0.0,noise,-0.2074900576015238,0,0,60,"{""40811"": -0.18267899080622174, ""41811"": -0.2799192215037999, ""42811"": -0.16043279421479079, ""43811"": -0.148884899429158, ""44811"": -0.23441904134558333, ""45811"": -0.23860539830958918}","{""701"": -0.246377810711805, ""702"": -0.22094308426294515, ""703"": -0.33982230446643014, ""704"": -0.08334561517219607, ""705"": -0.24312196407483602, ""706"": -0.21386447886476315, ""707"": -0.17833089662320323, ""708"": -0.1684335952017673, ""709"": -0.21621807228416642, ""710"": -0.1644427543531256}"
modena,3,pooled,0.0,targeted,-0.6727238355293669,0,0,60,"{""40811"": -0.6433621046765876, ""41811"": -0.6588066808011787, ""42811"": -0.7109493047311458, ""43811"": -0.6468711033180558, ""44811"": -0.7103107610660562, ""45811"": -0.6660430585831774}","{""701"": -0.6700091272316232, ""702"": -0.8714009066894818, ""703"": -0.743391930892466, ""704"": -0.77282560729074, ""705"": -0.7249060528114412, ""706"": -0.39492533422139015, ""707"": -0.5326617096499808, ""708"": -0.7143660258389649, ""709"": -0.829436430237831, ""710"": -0.4733152304297496}"
modena,3,pooled,0.0,family_macro_f1,-0.38250922510990326,0,0,60,"{""40811"": -0.36012781210642963, ""41811"": -0.4072540313710798, ""42811"": -0.36689141991406615, ""43811"": -0.3874802900584926, ""44811"": -0.3818847883129376, ""45811"": -0.3914170088964144}","{""701"": -0.4082058289638473, ""702"": -0.483424557391404, ""703"": -0.4577993430639036, ""704"": -0.36430178631404453, ""705"": -0.4388331146401007, ""706"": -0.277974669152166, ""707"": -0.3001592769973474, ""708"": -0.39074443728684877, ""709"": -0.4442555158793804, ""710"": -0.25939372140999084}"
modena,3,pooled,0.0,worst_family_f1,-0.24922260440297533,0,0,60,"{""40811"": -0.2211135483732815, ""41811"": -0.33231992923342635, ""42811"": -0.2123697364868859, ""43811"": -0.17279474628203856, ""44811"": -0.28201603451986385, ""45811"": -0.27472163152235585}","{""701"": -0.246377810711805, ""702"": -0.3331477250727581, ""703"": -0.33982230446643014, ""704"": -0.23998884429435138, ""705"": -0.2653252938318587, ""706"": -0.21386447886476315, ""707"": -0.17833089662320323, ""708"": -0.2243940678330212, ""709"": -0.28653186797843694, ""710"": -0.1644427543531256}"
modena,3,pooled,0.0,clean_fpr,-3.047860430320247e-07,3,48,9,"{""40811"": 4.5271094632432666e-07, ""41811"": 0.0, ""42811"": -4.551992862475192e-07, ""43811"": 0.0, ""44811"": -1.140628029793204e-06, ""45811"": -6.855998884757514e-07}","{""701"": 0.0, ""702"": 0.0, ""703"": -7.595420818040006e-07, ""704"": 0.0, ""705"": -7.61777653861946e-07, ""706"": -1.139751425068402e-06, ""707"": -7.655275857478549e-07, ""708"": -2.9502213274624784e-09, ""709"": -3.802093432644014e-07, ""710"": 7.618978807538209e-07}"
modena,3,pooled,0.0,all_negative_fpr,1.6705337809235153e-07,12,40,8,"{""40811"": 3.998232781110749e-07, ""41811"": -1.9996760524794981e-07, ""42811"": 6.013132681777001e-07, ""43811"": -2.0018937915267845e-07, ""44811"": 1.2017328988401275e-06, ""45811"": -8.003921921741654e-07}","{""701"": 6.676293882445153e-07, ""702"": 3.3381469412225764e-07, ""703"": -1.0009912340997693e-06, ""704"": 3.3381469412225764e-07, ""705"": -6.669934934784712e-07, ""706"": 3.343111594085203e-07, ""707"": -3.3333101787144197e-07, ""708"": 6.675669392409735e-07, ""709"": 0.0, ""710"": 1.3347126512346732e-06}"
modena,0,pooled,0.0001,pooled_f1,0.017510387139745242,46,0,14,"{""40811"": 0.013508640269319028, ""41811"": 0.02560866071465149, ""42811"": 0.007016154266315156, ""43811"": 0.002049421045963207, ""44811"": 0.03018161443722913, ""45811"": 0.026697832104993435}","{""701"": 0.008804949880102534, ""702"": 0.027744082435093114, ""703"": 0.0034927183422370778, ""704"": -0.005934136015143587, ""705"": -0.012002845748571281, ""706"": 0.02121903861029582, ""707"": 0.04889432731731538, ""708"": 0.0417172156122092, ""709"": 0.025557257434277725, ""710"": 0.015611263529636432}"
modena,0,pooled,0.0001,random,-0.08472964823620296,0,0,60,"{""40811"": -0.08565978579477584, ""41811"": -0.09034493842453259, ""42811"": -0.09207662930442005, ""43811"": -0.09010337444914793, ""44811"": -0.07612925888780518, ""45811"": -0.07406390255653617}","{""701"": -0.0930102444912113, ""702"": -0.06490840456112029, ""703"": -0.1074470710502804, ""704"": -0.102146903357888, ""705"": -0.12777249289437106, ""706"": -0.07595880386888698, ""707"": -0.05152815563786323, ""708"": -0.05754472460247293, ""709"": -0.0724647700371608, ""710"": -0.09451491186077464}"
modena,0,pooled,0.0001,replay,-0.009563578038012143,1,0,59,"{""40811"": -0.008961896114520284, ""41811"": -0.0032490390440866324, ""42811"": -0.015300601264386282, ""43811"": -0.016577687442040433, ""44811"": -0.0036961639664487623, ""45811"": -0.009596080396590467}","{""701"": -0.011639150759955622, ""702"": -0.008585388224161217, ""703"": -0.008157058960439575, ""704"": -0.011330746506104475, ""705"": -0.012287596482539445, ""706"": -0.008584029029126675, ""707"": -0.00916045884708879, ""708"": -0.007113354528898071, ""709"": -0.009587174843538696, ""710"": -0.00919082219826887}"
modena,0,pooled,0.0001,drift,0.10336188051402015,60,0,0,"{""40811"": 0.1177420849725443, ""41811"": 0.08707106215443508, ""42811"": 0.12432155565103187, ""43811"": 0.06902083794190002, ""44811"": 0.12279384418800054, ""45811"": 0.09922189817620897}","{""701"": 0.09759389976715138, ""702"": 0.11122555609872713, ""703"": 0.07948938861820003, ""704"": 0.06086376649410408, ""705"": 0.06569575857595346, ""706"": 0.10983839354217091, ""707"": 0.14329628236745576, ""708"": 0.14554668160764037, ""709"": 0.10926971209430979, ""710"": 0.11079936597448842}"
modena,0,pooled,0.0001,noise,0.2661192246280136,60,0,0,"{""40811"": 0.256162398808803, ""41811"": 0.25977843991556054, ""42811"": 0.2831896124498706, ""43811"": 0.27559128479244793, ""44811"": 0.25644627180833146, ""45811"": 0.265547339993068}","{""701"": 0.2429180019644397, ""702"": 0.2627226022888493, ""703"": 0.274433664245633, ""704"": 0.20544932553984227, ""705"": 0.24681101011979686, ""706"": 0.2593867877424965, ""707"": 0.32685956110409004, ""708"": 0.2966343962763059, ""709"": 0.2714330846011148, ""710"": 0.2745438123975675}"
modena,0,pooled,0.0001,targeted,-0.06546830961034665,0,0,60,"{""40811"": -0.057657462057186804, ""41811"": -0.044880952549215744, ""42811"": -0.10128957573162434, ""43811"": -0.06748181002537262, ""44811"": -0.055429555293102985, ""45811"": -0.06607050200557744}","{""701"": -0.07316091933635403, ""702"": -0.05052833354690941, ""703"": -0.08041260516712438, ""704"": -0.07616024380672985, ""705"": -0.09988720551488788, ""706"": -0.06502445763771125, ""707"": -0.03722655981230827, ""708"": -0.040696008758773085, ""709"": -0.05662391605477211, ""710"": -0.0749628464678963}"
modena,0,pooled,0.0001,family_macro_f1,0.0419439138514944,60,0,0,"{""40811"": 0.044325067962972885, ""41811"": 0.04167491441043214, ""42811"": 0.03976887236009433, ""43811"": 0.034089850163557436, ""44811"": 0.048797027569795016, ""45811"": 0.043007750642114595}","{""701"": 0.032540317428814025, ""702"": 0.04998520641107712, ""703"": 0.03158126353719783, ""704"": 0.01533503967264486, ""705"": 0.0145118947607904, ""706"": 0.043931578149788486, ""707"": 0.07444813383485709, ""708"": 0.06736539799876046, ""709"": 0.04840538715199055, ""710"": 0.04133491956902319}"
modena,0,pooled,0.0001,worst_family_f1,0.236172480595679,60,0,0,"{""40811"": 0.23898900777316218, ""41811"": 0.2193948219780993, ""42811"": 0.25166774211373377, ""43811"": 0.27559128479244793, ""44811"": 0.17295469996813054, ""45811"": 0.2584373269485}","{""701"": 0.21971827891210863, ""702"": 0.23344632724729017, ""703"": 0.22630936309140406, ""704"": 0.17779511620961533, ""705"": 0.20287836245950272, ""706"": 0.2352044681984141, ""707"": 0.2978317153984746, ""708"": 0.2891610984819798, ""709"": 0.23506493261128317, ""710"": 0.24431514334671714}"
modena,0,pooled,0.0001,clean_fpr,-9.941820347191445e-07,27,0,33,"{""40811"": 3.39533209743245e-05, ""41811"": 9.410576569959606e-06, ""42811"": -2.093916716738588e-05, ""43811"": 1.5462478104438657e-05, ""44811"": -1.4600038781353014e-05, ""45811"": -2.9252261908298726e-05}","{""701"": 1.8968787411760377e-06, ""702"": 1.4829348161982859e-06, ""703"": 1.5280087604424792e-05, ""704"": -2.6670500482417042e-05, ""705"": -1.4407821410007998e-05, ""706"": -1.2592624094433998e-05, ""707"": 1.4032264791206957e-05, ""708"": 1.7533244620538587e-05, ""709"": -6.8860638805392376e-06, ""710"": 3.897789466621762e-07}"
modena,0,pooled,0.0001,all_negative_fpr,-1.4751575765300208e-05,24,3,33,"{""40811"": 1.0995140148054561e-05, ""41811"": 2.7105054312137612e-21, ""42811"": -1.5032831704442504e-05, ""43811"": 7.407007028649103e-06, ""44811"": -3.5451120515783764e-05, ""45811"": -5.6427649548278656e-05}","{""701"": -1.1009715818157055e-05, ""702"": -1.0011923687429164e-05, ""703"": 3.33853202159607e-06, ""704"": -4.6063101705883396e-05, ""705"": -2.7350800237239433e-05, ""706"": -2.803902045807079e-05, ""707"": 4.660600711468819e-06, ""708"": -5.820228738650402e-09, ""709"": -2.1357887860874986e-05, ""710"": -1.1676620389673505e-05}"
modena,3,pooled,0.0001,pooled_f1,-0.017467771139153845,12,0,48,"{""40811"": -0.0230653347649755, ""41811"": -0.010847439846662699, ""42811"": -0.023642724246511915, ""43811"": -0.02917905169846662, ""44811"": -0.0027064641682886803, ""45811"": -0.015365612110017668}","{""701"": -0.028501288569758292, ""702"": -0.007571338055954909, ""703"": -0.02666933299414533, ""704"": -0.037138410689367775, ""705"": -0.05393600446072847, ""706"": -0.0035721442597099937, ""707"": 0.01427200684453885, ""708"": -0.0041186352798739945, ""709"": -0.00675192958722598, ""710"": -0.020690634339312564}"
modena,3,pooled,0.0001,random,-0.10716148809808433,0,0,60,"{""40811"": -0.11065720592839796, ""41811"": -0.10802474249522169, ""42811"": -0.10874617204510076, ""43811"": -0.11674882161805038, ""44811"": -0.09339351175415686, ""45811"": -0.10539847474757842}","{""701"": -0.11615849931349125, ""702"": -0.08297843921793258, ""703"": -0.12472439601376083, ""704"": -0.11806066254341328, ""705"": -0.15547410793412056, ""706"": -0.09106801853033863, ""707"": -0.0766370024102885, ""708"": -0.09430693485498597, ""709"": -0.09408733974641502, ""710"": -0.11811948041609688}"
modena,3,pooled,0.0001,replay,-0.004784476113163642,14,0,46,"{""40811"": -0.005008535117457325, ""41811"": 0.002537270079927323, ""42811"": -0.007711840329513197, ""43811"": -0.010082640664588827, ""44811"": -0.001203774311796646, ""45811"": -0.0072373363355531795}","{""701"": -0.001782641945315781, ""702"": -0.004513221049599077, ""703"": -0.003513749304890993, ""704"": -0.0021823015188957573, ""705"": -0.010953550718241648, ""706"": -0.0020492553296134384, ""707"": -0.00932756692826664, ""708"": -0.002383883887392376, ""709"": -0.006682739210864467, ""710"": -0.004455851238556241}"
modena,3,pooled,0.0001,drift,0.0314343209796903,49,0,11,"{""40811"": 0.04055550777276064, ""41811"": 0.024467511428359078, ""42811"": 0.04298394729503402, ""43811"": 0.009511202112562133, ""44811"": 0.03986433976533412, ""45811"": 0.0312234175040918}","{""701"": 0.021202123749323582, ""702"": 0.03164925712162472, ""703"": 0.01819783281951794, ""704"": -0.009114810452140723, ""705"": -0.015266331398275268, ""706"": 0.05258107115958627, ""707"": 0.07138398639496779, ""708"": 0.06606006341879488, ""709"": 0.04113503331126476, ""710"": 0.03651498367223904}"
modena,3,pooled,0.0001,noise,0.18585297900676928,60,0,0,"{""40811"": 0.1774113295507081, ""41811"": 0.16986767743793374, ""42811"": 0.2168638300149761, ""43811"": 0.20801504466792045, ""44811"": 0.17541284570922033, ""45811"": 0.16754714665985707}","{""701"": 0.14916486160472966, ""702"": 0.1735838466115891, ""703"": 0.1924566265348493, ""704"": 0.12558192745535732, ""705"": 0.15519588379172236, ""706"": 0.20269428387646396, ""707"": 0.2566871630708474, ""708"": 0.20410302804820316, ""709"": 0.20158127416470753, ""710"": 0.1974808949092232}"
modena,3,pooled,0.0001,targeted,-0.08549614548563143,0,0,60,"{""40811"": -0.0803769855890877, ""41811"": -0.07451847539795173, ""42811"": -0.1202087684384211, ""43811"": -0.08540625665931095, ""44811"": -0.06613012371020074, ""45811"": -0.08633626311881656}","{""701"": -0.09271040651920277, ""702"": -0.06584440889899838, ""703"": -0.09729909642093522, ""704"": -0.08965407141811449, ""705"": -0.1258280212794706, ""706"": -0.07734206363028447, ""707"": -0.05837553119343982, ""708"": -0.07587453368009063, ""709"": -0.07574224268075934, ""710"": -0.09629107913501893}"
modena,3,pooled,0.0001,family_macro_f1,0.003969038057916061,37,0,23,"{""40811"": 0.004384822137705158, ""41811"": 0.0028658482106093675, ""42811"": 0.004636199299395049, ""43811"": 0.0010577055677065904, ""44811"": 0.010909955139680039, ""45811"": -4.030200759983504e-05}","{""701"": -0.00805691248479129, ""702"": 0.010379406913336811, ""703"": -0.002976556477043905, ""704"": -0.018685983695441295, ""705"": -0.030465225507677107, ""706"": 0.016963203509162805, ""707"": 0.03674620978676405, ""708"": 0.01951954780890584, ""709"": 0.013240797167586674, ""710"": 0.003025893558358028}"
modena,3,pooled,0.0001,worst_family_f1,0.15590623497443465,60,0,0,"{""40811"": 0.16023793851506732, ""41811"": 0.12948405950047254, ""42811"": 0.18534195967883932, ""43811"": 0.20801504466792045, ""44811"": 0.09192127386901941, ""45811"": 0.16043713361528908}","{""701"": 0.1259651385523986, ""702"": 0.1443075715700299, ""703"": 0.14433232538062035, ""704"": 0.09792771812513039, ""705"": 0.11126323613142823, ""706"": 0.1785119643323816, ""707"": 0.22765931736523193, ""708"": 0.1966297302538771, ""709"": 0.1652131221748759, ""710"": 0.16725222585837285}"
modena,3,pooled,0.0001,clean_fpr,-4.156013881421905e-06,26,2,32,"{""40811"": 3.214247718902719e-05, ""41811"": 5.9676827029012115e-06, ""42811"": -3.7098741829172814e-05, ""43811"": 9.462113466895299e-06, ""44811"": -7.300019390676506e-06, ""45811"": -2.8109595427505808e-05}","{""701"": -3.088045514488594e-06, ""702"": 3.866935972636456e-07, ""703"": 4.223487940999806e-06, ""704"": -2.056620194316669e-05, ""705"": -1.2147211854751242e-05, ""706"": -1.7544072097619247e-05, ""707"": 5.661917500275013e-06, ""708"": 8.76350653145206e-06, ""709"": -1.2993590471579727e-05, ""710"": 5.743377497395932e-06}"
modena,3,pooled,0.0001,all_negative_fpr,-2.9100637313139626e-05,10,2,48,"{""40811"": 4.398056059221825e-06, ""41811"": -2.1396533761530634e-05, ""42811"": -5.251469208751914e-05, ""43811"": -1.0610037095091954e-05, ""44811"": -3.605198696520383e-05, ""45811"": -5.842863002871407e-05}","{""701"": -3.3365381974493414e-05, ""702"": -2.2697393074467513e-05, ""703"": -2.0691378258242527e-05, ""704"": -5.406470697029625e-05, ""705"": -3.23559033536398e-05, ""706"": -4.505597722668746e-05, ""707"": -1.0365551189255159e-05, ""708"": -2.0016418568321953e-05, ""709"": -3.604159764888305e-05, ""710"": -1.63520648671092e-05}"
modena,0,pooled,0.00025,pooled_f1,0.04258951461325081,60,0,0,"{""40811"": 0.042335414666211324, ""41811"": 0.041963313214895645, ""42811"": 0.03856489886348078, ""43811"": 0.036230511044970756, ""44811"": 0.04681839186616309, ""45811"": 0.04962455802378325}","{""701"": 0.04181748256358647, ""702"": 0.041975348979212866, ""703"": 0.04027567206954966, ""704"": 0.034453591787871087, ""705"": 0.03071270527022746, ""706"": 0.0471484262511237, ""707"": 0.05128844582555921, ""708"": 0.050312814167263666, ""709"": 0.046515679073312464, ""710"": 0.041394980144801495}"
modena,0,pooled,0.00025,random,-0.03425600822391303,0,0,60,"{""40811"": -0.034537831520675064, ""41811"": -0.0379510724785855, ""42811"": -0.03868463969595474, ""43811"": -0.035970377123733036, ""44811"": -0.03465703262666912, ""45811"": -0.02373509589786076}","{""701"": -0.029388094389393216, ""702"": -0.02989033440171877, ""703"": -0.0435868822119013, ""704"": -0.0415812583817898, ""705"": -0.05295611534579255, ""706"": -0.03001688571717409, ""707"": -0.02527814428140368, ""708"": -0.02412845699723354, ""709"": -0.028367920769378812, ""710"": -0.037365989743344596}"
modena,0,pooled,0.00025,replay,0.0009395254558781874,36,0,24,"{""40811"": 0.002014171106571594, ""41811"": 0.006518430669790953, ""42811"": -0.005342081756182016, ""43811"": -0.011146182961145302, ""44811"": 0.00622062833882252, ""45811"": 0.007372187337411374}","{""701"": -0.0003771294628617065, ""702"": 0.0028873430349422393, ""703"": 0.0009974640851161027, ""704"": 0.0045561854929299095, ""705"": -0.0014096648347252845, ""706"": 0.005521235514184282, ""707"": -0.0018761833179975484, ""708"": -0.0013854141750231548, ""709"": -0.0004160478206558145, ""710"": 0.0008974660428728484}"
modena,0,pooled,0.00025,drift,0.11641700156649736,60,0,0,"{""40811"": 0.13632894878513802, ""41811"": 0.10321986189911439, ""42811"": 0.12542818784356988, ""43811"": 0.09928216144766243, ""44811"": 0.118623120386024, ""45811"": 0.11561972903747537}","{""701"": 0.1152115860889592, ""702"": 0.10940630017429642, ""703"": 0.11649965716254401, ""704"": 0.10047576494717385, ""705"": 0.1045910097567041, ""706"": 0.11746069661093789, ""707"": 0.12363622885366038, ""708"": 0.13666266717668335, ""709"": 0.11976172285920329, ""710"": 0.12046438203481095}"
modena,0,pooled,0.00025,noise,0.24302927567227064,60,0,0,"{""40811"": 0.23830056511501962, ""41811"": 0.23155652931556886, ""42811"": 0.2507632949562146, ""43811"": 0.28037751091862845, ""44811"": 0.22602225109702084, ""45811"": 0.23115550263117166}","{""701"": 0.2397917378929828, ""702"": 0.22159345627282653, ""703"": 0.2619908853995618, ""704"": 0.21412241605791338, ""705"": 0.23455085605037762, ""706"": 0.23695389603635553, ""707"": 0.2612514408441536, ""708"": 0.26417401501062204, ""709"": 0.2437915326531476, ""710"": 0.25207252050476575}"
modena,0,pooled,0.00025,targeted,-0.025773826402983556,0,0,60,"{""40811"": -0.014766051029721427, ""41811"": -0.022769826070372645, ""42811"": -0.035071571889912743, ""43811"": -0.029731532247859137, ""44811"": -0.019678406422570738, ""45811"": -0.03262557075746466}","{""701"": -0.025527088180541963, ""702"": -0.020793160208096795, ""703"": -0.03310092126311407, ""704"": -0.03174446801204034, ""705"": -0.04126244206614362, ""706"": -0.0184702125808797, ""707"": -0.014797248996374005, ""708"": -0.02227419046199804, ""709"": -0.019025635952483817, ""710"": -0.030742896308163237}"
modena,0,pooled,0.00025,family_macro_f1,0.06007119361354994,60,0,0,"{""40811"": 0.06546796049126652, ""41811"": 0.0561147846671032, ""42811"": 0.05941863789154704, ""43811"": 0.06056231600671073, ""44811"": 0.059306112154525546, ""45811"": 0.05955735047014658}","{""701"": 0.05994220238982904, ""702"": 0.05664072097444991, ""703"": 0.06056004063444135, ""704"": 0.04916572802083741, ""705"": 0.04870272871208401, ""706"": 0.06228974597268485, ""707"": 0.06858721862040779, ""708"": 0.07060972411061008, ""709"": 0.06314873019396655, ""710"": 0.06106509650618839}"
modena,0,pooled,0.00025,worst_family_f1,0.21340908642748854,60,0,0,"{""40811"": 0.217767114257322, ""41811"": 0.20157420888124608, ""42811"": 0.21322245523836636, ""43811"": 0.28037751091862845, ""44811"": 0.1453027539571993, ""45811"": 0.22221047531216911}","{""701"": 0.21020233379340547, ""702"": 0.1924009012735588, ""703"": 0.2245984131066486, ""704"": 0.18083984575564505, ""705"": 0.2007773608952744, ""706"": 0.20837936954551836, ""707"": 0.23411168214053188, ""708"": 0.24999331827053375, ""709"": 0.21171477976241015, ""710"": 0.221072859731359}"
modena,0,pooled,0.00025,clean_fpr,8.845875090519937e-06,34,0,26,"{""40811"": 5.115633693464892e-05, ""41811"": 4.1085200146896815e-05, ""42811"": -3.3457147539192664e-05, ""43811"": 2.2616759018432654e-05, ""44811"": -6.843768178759234e-06, ""45811"": -2.1482129838906874e-05}","{""701"": 3.3838878307915476e-05, ""702"": -9.475942932580088e-06, ""703"": 2.1485960518314556e-05, ""704"": -1.9411924953436605e-05, ""705"": -1.122745151834187e-06, ""706"": -1.8639351639552714e-05, ""707"": 5.624965024713554e-06, ""708"": 3.844012677408742e-05, ""709"": 6.784951803439959e-06, ""710"": 3.0933833154131985e-05}"
modena,0,pooled,0.00025,all_negative_fpr,-2.4502088005339933e-06,29,0,31,"{""40811"": 2.2789926852331275e-05, ""41811"": 3.939361823384613e-05, ""42811"": -1.9442462337745645e-05, ""43811"": 8.608143303565172e-06, ""44811"": -1.902743756496868e-05, ""45811"": -4.702304129023221e-05}","{""701"": 3.068897455840619e-05, ""702"": -1.43613879121272e-05, ""703"": 9.665338315148511e-06, ""704"": -3.9389732363940304e-05, ""705"": -1.9361440700620575e-05, ""706"": -3.2705515014616795e-05, ""707"": 3.3103169638617854e-06, ""708"": 1.0656223958937009e-05, ""709"": 3.989431408838264e-06, ""710"": 2.300570278077318e-05}"
modena,3,pooled,0.00025,pooled_f1,0.014915772048702433,58,0,2,"{""40811"": 0.01359003269373218, ""41811"": 0.013458823884228954, ""42811"": 0.013327127866494426, ""43811"": 0.013668378194337505, ""44811"": 0.01965406983828353, ""45811"": 0.015796199815138013}","{""701"": 0.015598291097166206, ""702"": 0.01430234977714808, ""703"": 0.014502481955068017, ""704"": 0.008320392055392053, ""705"": 0.0004781113894053816, ""706"": 0.022453130031115393, ""707"": 0.01956935973016664, ""708"": 0.022043310911333287, ""709"": 0.019558954368081232, ""710"": 0.012331339172148051}"
modena,3,pooled,0.00025,random,-0.044535340871157264,0,0,60,"{""40811"": -0.04627748314575079, ""41811"": -0.048229500304890274, ""42811"": -0.04564478700616501, ""43811"": -0.04977750283651831, ""44811"": -0.03907907550136791, ""45811"": -0.03820369643225131}","{""701"": -0.03851398090873914, ""702"": -0.037982355680948286, ""703"": -0.05424089559836955, ""704"": -0.049094729403851234, ""705"": -0.06261521610188885, ""706"": -0.04099640421268245, ""707"": -0.03722776934645707, ""708"": -0.039200980108710794, ""709"": -0.03740694077002162, ""710"": -0.04807413657990367}"
modena,3,pooled,0.00025,replay,0.022159530877859757,58,0,2,"{""40811"": 0.015074188321794635, ""41811"": 0.029169178410891804, ""42811"": 0.023320264591831008, ""43811"": 0.016040177870146388, ""44811"": 0.017634251970298376, ""45811"": 0.031719124102196315}","{""701"": 0.03337293737024775, ""702"": 0.022473606273325248, ""703"": 0.02642598681359141, ""704"": 0.023038385942927325, ""705"": 0.004958616663278792, ""706"": 0.04312188880932669, ""707"": 0.006339472066413702, ""708"": 0.0317410408678947, ""709"": 0.01704128589379957, ""710"": 0.013082088077792356}"
modena,3,pooled,0.00025,drift,0.04645569042479097,60,0,0,"{""40811"": 0.05632162163721993, ""41811"": 0.04575459216502105, ""42811"": 0.04619739032765794, ""43811"": 0.04422280027214577, ""44811"": 0.0423708300899688, ""45811"": 0.04386690805673236}","{""701"": 0.04172381416290932, ""702"": 0.03703774214384845, ""703"": 0.05213796857314229, ""704"": 0.033213892346403595, ""705"": 0.03457667709439666, ""706"": 0.05129757850956659, ""707"": 0.043750444873542016, ""708"": 0.07228797464448117, ""709"": 0.0495858225689683, ""710"": 0.048944989330651355}"
modena,3,pooled,0.00025,noise,0.15958729684835635,60,0,0,"{""40811"": 0.159379680579008, ""41811"": 0.1367724375214982, ""42811"": 0.17075633195709633, ""43811"": 0.2001323451342834, ""44811"": 0.14854728974990308, ""45811"": 0.1419356961483492}","{""701"": 0.15421095368591223, ""702"": 0.14568607694320637, ""703"": 0.17423040602085535, ""704"": 0.14010495013318255, ""705"": 0.15103095178996262, ""706"": 0.16197651629427726, ""707"": 0.16511594598763993, ""708"": 0.17157329901170337, ""709"": 0.16729833299575916, ""710"": 0.1646455356210648}"
modena,3,pooled,0.00025,targeted,-0.0355477798746559,0,0,60,"{""40811"": -0.025904803727889437, ""41811"": -0.037098847755898924, ""42811"": -0.0437836005938352, ""43811"": -0.036650641081604284, ""44811"": -0.0267281983412458, ""45811"": -0.04312058774746178}","{""701"": -0.0335575491785652, ""702"": -0.029682225916445665, ""703"": -0.043628191522094274, ""704"": -0.040130596984383905, ""705"": -0.05152803406658305, ""706"": -0.028759742993522703, ""707"": -0.02600779352997405, ""708"": -0.035474983874619094, ""709"": -0.026856486786143923, ""710"": -0.03985219389422717}"
modena,3,pooled,0.00025,family_macro_f1,0.029623879481038794,60,0,0,"{""40811"": 0.03171864073287648, ""41811"": 0.025273572007324385, ""42811"": 0.030169119855317072, ""43811"": 0.03479343587169061, ""44811"": 0.028549019593511284, ""45811"": 0.02723948882551295}","{""701"": 0.03144723502635299, ""702"": 0.0275065687525972, ""703"": 0.030985054857425105, ""704"": 0.0214263804068557, ""705"": 0.01528459907583322, ""706"": 0.03732796728139309, ""707"": 0.030394060010232926, ""708"": 0.04018527010814982, ""709"": 0.03393240278047235, ""710"": 0.02774925651107557}"
modena,3,pooled,0.00025,worst_family_f1,0.12996710760357424,60,0,0,"{""40811"": 0.13884622972131044, ""41811"": 0.10679011708717541, ""42811"": 0.13321549223924806, ""43811"": 0.2001323451342834, ""44811"": 0.06782779261008152, ""45811"": 0.13299066882934665}","{""701"": 0.12462154958633491, ""702"": 0.11649352194393865, ""703"": 0.13683793372794217, ""704"": 0.10682237983091426, ""705"": 0.11725745663485941, ""706"": 0.1334019898034401, ""707"": 0.13797618728401825, ""708"": 0.15739260227161508, ""709"": 0.13522158010502167, ""710"": 0.13364587484765794}"
modena,3,pooled,0.00025,clean_fpr,6.208289901362695e-06,34,1,25,"{""40811"": 4.14230515886759e-05, ""41811"": 3.787183253764232e-05, ""42811"": -4.256113326414305e-05, ""43811"": 6.4619311481236124e-06, ""44811"": 2.281256059586404e-06, ""45811"": -8.227198661709009e-06}","{""701"": 2.5858017949665932e-05, ""702"": 5.314241421017515e-06, ""703"": -2.7133643373446176e-07, ""704"": -9.955666516464837e-06, ""705"": 9.96460406599639e-06, ""706"": -1.3698229002305954e-05, ""707"": -2.2580091431276484e-05, ""708"": 2.816144122882902e-05, ""709"": 1.4776579501428632e-05, ""710"": 2.4513338230471202e-05}"
modena,3,pooled,0.00025,all_negative_fpr,-3.6811967728964844e-05,13,0,47,"{""40811"": -2.3989396686664505e-06, ""41811"": -4.999190131198744e-06, ""42811"": -6.674577276772471e-05, ""43811"": -4.964696602986426e-05, ""44811"": -3.505054288283706e-05, ""45811"": -6.203039489349784e-05}","{""701"": -2.80182215775058e-05, ""702"": -2.9034659439722436e-05, ""703"": -4.772017722276525e-05, ""704"": -5.640330255125161e-05, ""705"": -2.1029968381309502e-05, ""706"": -8.375381938931373e-05, ""707"": -3.605515086789374e-05, ""708"": -4.472494398248815e-05, ""709"": -1.5366637538106005e-05, ""710"": -6.01279633929218e-06}"
modena,0,pooled,0.0005,pooled_f1,0.04471681641648403,60,0,0,"{""40811"": 0.04489467879414634, ""41811"": 0.03866487317401719, ""42811"": 0.042027523072161246, ""43811"": 0.04321750975107079, ""44811"": 0.049705035295650145, ""45811"": 0.04979127841185843}","{""701"": 0.042976074841927024, ""702"": 0.042172336369669716, ""703"": 0.043824617628382155, ""704"": 0.0392221659581067, ""705"": 0.039604224526604524, ""706"": 0.048249364256739445, ""707"": 0.049045846962107786, ""708"": 0.04999705533077187, ""709"": 0.04778788082581179, ""710"": 0.04428859746471923}"
modena,0,pooled,0.0005,random,-0.023465806142009295,0,0,60,"{""40811"": -0.0205647992919891, ""41811"": -0.02513222232365303, ""42811"": -0.02621655246624649, ""43811"": -0.02503933765988059, ""44811"": -0.02617351782982925, ""45811"": -0.0176684072804573}","{""701"": -0.024696234857200832, ""702"": -0.019375739859195256, ""703"": -0.03009306993706462, ""704"": -0.023826026760092416, ""705"": -0.027807435688821287, ""706"": -0.01922240583233666, ""707"": -0.022360631842759698, ""708"": -0.020336316973335433, ""709"": -0.023779616724335206, ""710"": -0.02316058294495153}"
modena,0,pooled,0.0005,replay,0.006414538403311741,44,0,16,"{""40811"": 0.0013783890222361928, ""41811"": 0.016349796073749645, ""42811"": 0.0003158613148137257, ""43811"": -0.003835269532753938, ""44811"": 0.011087504916529777, ""45811"": 0.01319094862529504}","{""701"": 0.005636223940353846, ""702"": 0.00860862629852103, ""703"": 0.010508316730551434, ""704"": 0.0038170217384086804, ""705"": 0.0021615266871412944, ""706"": 0.008276569958352206, ""707"": 0.00858789572636968, ""708"": 0.010296737612718912, ""709"": 0.0025033873015077313, ""710"": 0.0037490780391925918}"
modena,0,pooled,0.0005,drift,0.11363917192070809,60,0,0,"{""40811"": 0.1376543293220406, ""41811"": 0.09921952536331043, ""42811"": 0.11916101127656824, ""43811"": 0.10018498521601911, ""44811"": 0.1142349022696794, ""45811"": 0.11138027807663069}","{""701"": 0.11028002575157814, ""702"": 0.11041637698824908, ""703"": 0.11051057688611214, ""704"": 0.11336923578239357, ""705"": 0.11339818577164817, ""706"": 0.11838339870759988, ""707"": 0.10422982630277415, ""708"": 0.12034306020064613, ""709"": 0.11341585162678092, ""710"": 0.12204518118929869}"
modena,0,pooled,0.0005,noise,0.2194206165292285,60,0,0,"{""40811"": 0.2175895314428951, ""41811"": 0.19398687060476952, ""42811"": 0.22761328873581949, ""43811"": 0.2700156982467583, ""44811"": 0.2049294620304652, ""45811"": 0.20238884811466348}","{""701"": 0.2111373364789869, ""702"": 0.2041792699149693, ""703"": 0.21944638623726043, ""704"": 0.21884881477208595, ""705"": 0.2235872944598621, ""706"": 0.23456095229064702, ""707"": 0.20008323516898333, ""708"": 0.21579314574369887, ""709"": 0.22775803177527845, ""710"": 0.23881169845051287}"
modena,0,pooled,0.0005,targeted,-0.014518566152213676,0,0,60,"{""40811"": -0.007792944565004944, ""41811"": -0.017984662116548467, ""42811"": -0.019230232484191256, ""43811"": -0.01325385953339533, ""44811"": -0.009714613846580488, ""45811"": -0.01913508436756157}","{""701"": -0.01723564347304607, ""702"": -0.012185700156356338, ""703"": -0.022008596266540115, ""704"": -0.014700804210576438, ""705"": -0.01908818844777993, ""706"": -0.009048260834966718, ""707"": -0.012877380788512915, ""708"": -0.010215295298265611, ""709"": -0.01540032607118528, ""710"": -0.012425465974907346}"
modena,0,pooled,0.0005,family_macro_f1,0.06029799091180507,60,0,0,"{""40811"": 0.06565290118603556, ""41811"": 0.05328786152032566, ""42811"": 0.060328675275352774, ""43811"": 0.0656144433473495, ""44811"": 0.058872747508052936, ""45811"": 0.05803131663371406}","{""701"": 0.05702434156813443, ""702"": 0.0583285666372376, ""703"": 0.05767272273006382, ""704"": 0.05950164826444385, ""705"": 0.05845027655641007, ""706"": 0.06659005085785913, ""707"": 0.055532588913370894, ""708"": 0.0631762662570926, ""709"": 0.06089946558160932, ""710"": 0.06580398175182911}"
modena,0,pooled,0.0005,worst_family_f1,0.1905423942822259,60,0,0,"{""40811"": 0.1963164366838071, ""41811"": 0.17155023936746572, ""42811"": 0.1876635962379147, ""43811"": 0.2700156982467583, ""44811"": 0.12483254140408695, ""45811"": 0.1928758537533229}","{""701"": 0.18298138688495347, ""702"": 0.17632184228326664, ""703"": 0.1863680228255069, ""704"": 0.18685462701453529, ""705"": 0.18952662830410894, ""706"": 0.20720042819379011, ""707"": 0.17390726657924394, ""708"": 0.19925816166423171, ""709"": 0.1958536303475967, ""710"": 0.20715194872502585}"
modena,0,pooled,0.0005,clean_fpr,1.832784843810085e-05,35,2,23,"{""40811"": 6.903841931445981e-05, ""41811"": 7.32188762394418e-05, ""42811"": -2.0028768594890842e-05, ""43811"": 2.723242412423525e-05, ""44811"": -2.3725063019698645e-05, ""45811"": -1.5768797434942293e-05}","{""701"": 3.0137515911696515e-06, ""702"": 4.30726236605284e-05, ""703"": -2.084259517737807e-05, ""704"": 9.594683174882694e-05, ""705"": 6.593861734158431e-05, ""706"": 4.762215949071459e-05, ""707"": -0.00010864082341223858, ""708"": -2.0916060412190676e-05, ""709"": -2.2514393126200953e-05, ""710"": 0.00010059837267619282}"
modena,0,pooled,0.0005,all_negative_fpr,1.8327319147062784e-05,36,0,24,"{""40811"": 4.717914681710683e-05, ""41811"": 7.578772238897298e-05, ""42811"": 9.420574534783958e-06, ""43811"": 2.1420263569336598e-05, ""44811"": -2.3433791527382477e-05, ""45811"": -2.04100009004412e-05}","{""701"": 6.9986269676600296e-06, ""702"": 4.1338835842116145e-05, ""703"": -2.6356865000868798e-05, ""704"": 0.0001080494599519766, ""705"": 7.171247738193581e-05, ""706"": 4.7678504328617286e-05, ""707"": -0.00011512024520152129, ""708"": -4.973591378190159e-05, ""709"": -2.2370037002819853e-05, ""710"": 0.00012107834798543345}"
modena,3,pooled,0.0005,pooled_f1,0.019682211294857026,60,0,0,"{""40811"": 0.019774445587503974, ""41811"": 0.013982460071116276, ""42811"": 0.017814775406368777, ""43811"": 0.02442779220359358, ""44811"": 0.022988517045252045, ""45811"": 0.019105277455307525}","{""701"": 0.01915854400842711, ""702"": 0.016939756251387588, ""703"": 0.021889942571788796, ""704"": 0.01487338247114143, ""705"": 0.012616501385715037, ""706"": 0.024728156976822513, ""707"": 0.020742746984426037, ""708"": 0.027327456744701512, ""709"": 0.02141596983128154, ""710"": 0.017129655722878723}"
modena,3,pooled,0.0005,random,-0.030264474424541808,0,0,60,"{""40811"": -0.029610486052246875, ""41811"": -0.03199815059357588, ""42811"": -0.030305755842273584, ""43811"": -0.03300527251060572, ""44811"": -0.027352082230931562, ""45811"": -0.0293150993176172}","{""701"": -0.03069843732788659, ""702"": -0.024869529133477158, ""703"": -0.036409450146001034, ""704"": -0.03136558466896152, ""705"": -0.035454042290585686, ""706"": -0.027915892396372804, ""707"": -0.02778740481179313, ""708"": -0.024625541023753122, ""709"": -0.03265357535045935, ""710"": -0.030865287096127642}"
modena,3,pooled,0.0005,replay,0.028252896226249633,58,0,2,"{""40811"": 0.01549550217107768, ""41811"": 0.035455003893451166, ""42811"": 0.031016530237222516, ""43811"": 0.02679257393366017, ""44811"": 0.023171287323295386, ""45811"": 0.03758647979879091}","{""701"": 0.03974703590605785, ""702"": 0.020561138647738248, ""703"": 0.030004338113894396, ""704"": 0.0272931495290271, ""705"": 0.01887820517911302, ""706"": 0.04206692221169576, ""707"": 0.008989841530298729, ""708"": 0.04898778212726501, ""709"": 0.028091765820579723, ""710"": 0.01790878319682654}"
modena,3,pooled,0.0005,drift,0.05245393197122692,60,0,0,"{""40811"": 0.06472722062944733, ""41811"": 0.050078557137500444, ""42811"": 0.049361431726762925, ""43811"": 0.054905714221177584, ""44811"": 0.047438998990227445, ""45811"": 0.04821166912224578}","{""701"": 0.04671180512267944, ""702"": 0.05207236640517671, ""703"": 0.06620788486187905, ""704"": 0.04600485819163732, ""705"": 0.040298226668686044, ""706"": 0.06132683151806436, ""707"": 0.04593083089314313, ""708"": 0.06824480662975717, ""709"": 0.042793917215749544, ""710"": 0.05494779220549645}"
modena,3,pooled,0.0005,noise,0.15872115336774975,60,0,0,"{""40811"": 0.16226012957018449, ""41811"": 0.1287414709944763, ""42811"": 0.16784221837634838, ""43811"": 0.21046447059284867, ""44811"": 0.14528332239494834, ""45811"": 0.13773530827769212}","{""701"": 0.14968040762675136, ""702"": 0.16174118890754646, ""703"": 0.17902481425395525, ""704"": 0.15002856948887064, ""705"": 0.141296022566305, ""706"": 0.1733769936632532, ""707"": 0.15626015231660104, ""708"": 0.16973651195626482, ""709"": 0.1389791641628213, ""710"": 0.16708770873512804}"
modena,3,pooled,0.0005,targeted,-0.02092130413116328,0,0,60,"{""40811"": -0.015040513481947427, ""41811"": -0.0257588401294639, ""42811"": -0.025477393620184363, ""43811"": -0.018789633427851726, ""44811"": -0.014623321871603246, ""45811"": -0.02583812225592904}","{""701"": -0.021831058750181043, ""702"": -0.017748212090697674, ""703"": -0.0265651050281047, ""704"": -0.022834492087350205, ""705"": -0.02649805209650234, ""706"": -0.0168956708732186, ""707"": -0.018629848876145955, ""708"": -0.015140216289290484, ""709"": -0.022940769728047743, ""710"": -0.020129615492094095}"
modena,3,pooled,0.0005,family_macro_f1,0.037648440601904226,60,0,0,"{""40811"": 0.03956637056730307, ""41811"": 0.03130360826047764, ""42811"": 0.03848740617557515, ""43811"": 0.04807357056184578, ""44811"": 0.03478364092118733, ""45811"": 0.03367604712503648}","{""701"": 0.03672195051548427, ""702"": 0.038351390547257336, ""703"": 0.042452496411124606, ""704"": 0.03382530009064466, ""705"": 0.027704072005403164, ""706"": 0.046391836824684396, ""707"": 0.03295271421042073, ""708"": 0.04944066868004867, ""709"": 0.030854100424128728, ""710"": 0.03778987630984587}"
modena,3,pooled,0.0005,worst_family_f1,0.12971924052471104,60,0,0,"{""40811"": 0.14098703481109648, ""41811"": 0.10630483975717246, ""42811"": 0.12789252587844357, ""43811"": 0.21046447059284867, ""44811"": 0.06444425819235347, ""45811"": 0.12822231391635155}","{""701"": 0.12152445803271793, ""702"": 0.13351067335145628, ""703"": 0.1459464508422017, ""704"": 0.11800214632839971, ""705"": 0.10723535641055178, ""706"": 0.1460164695663963, ""707"": 0.12925260109380843, ""708"": 0.15320152787679772, ""709"": 0.10707476273513951, ""710"": 0.13542795900964105}"
modena,3,pooled,0.0005,clean_fpr,7.537345497340269e-05,54,0,6,"{""40811"": 9.823827535237887e-05, ""41811"": 0.00013633859713551227, ""42811"": 3.982993754665792e-05, ""43811"": 6.138834590717437e-05, ""44811"": 5.954078315520527e-05, ""45811"": 5.690479074348738e-05}","{""701"": 6.287868912272064e-05, ""702"": 0.00014240142630503785, ""703"": 8.580904362083834e-05, ""704"": 9.972800981465993e-05, ""705"": 5.41741340104225e-05, ""706"": 0.00010090591168307522, ""707"": 1.6259135783475946e-05, ""708"": 0.00010429366950746237, ""709"": -4.152265048488665e-05, ""710"": 0.00012880718037122066}"
modena,3,pooled,0.0005,all_negative_fpr,4.434855812352542e-05,45,0,15,"{""40811"": 6.097304991193892e-05, ""41811"": 0.0001059828307814134, ""42811"": 3.046653892100347e-05, ""43811"": 1.3813067161534817e-05, ""44811"": 3.0443900103949887e-05, ""45811"": 2.441196186131205e-05}","{""701"": 1.7685279231946905e-05, ""702"": 0.0001224113481586783, ""703"": 5.403772821642826e-05, ""704"": 8.069536402680219e-05, ""705"": 3.5016915521890515e-05, ""706"": 5.134766154316024e-05, ""707"": 9.312250379145358e-06, ""708"": 2.26517819323933e-05, ""709"": -7.80923716573265e-05, ""710"": 0.00012841962388213566}"
modena,0,pooled,0.001,pooled_f1,0.04471681641648403,60,0,0,"{""40811"": 0.04489467879414634, ""41811"": 0.03866487317401719, ""42811"": 0.042027523072161246, ""43811"": 0.04321750975107079, ""44811"": 0.049705035295650145, ""45811"": 0.04979127841185843}","{""701"": 0.042976074841927024, ""702"": 0.042172336369669716, ""703"": 0.043824617628382155, ""704"": 0.0392221659581067, ""705"": 0.039604224526604524, ""706"": 0.048249364256739445, ""707"": 0.049045846962107786, ""708"": 0.04999705533077187, ""709"": 0.04778788082581179, ""710"": 0.04428859746471923}"
modena,0,pooled,0.001,random,-0.023465806142009295,0,0,60,"{""40811"": -0.0205647992919891, ""41811"": -0.02513222232365303, ""42811"": -0.02621655246624649, ""43811"": -0.02503933765988059, ""44811"": -0.02617351782982925, ""45811"": -0.0176684072804573}","{""701"": -0.024696234857200832, ""702"": -0.019375739859195256, ""703"": -0.03009306993706462, ""704"": -0.023826026760092416, ""705"": -0.027807435688821287, ""706"": -0.01922240583233666, ""707"": -0.022360631842759698, ""708"": -0.020336316973335433, ""709"": -0.023779616724335206, ""710"": -0.02316058294495153}"
modena,0,pooled,0.001,replay,0.006414538403311741,44,0,16,"{""40811"": 0.0013783890222361928, ""41811"": 0.016349796073749645, ""42811"": 0.0003158613148137257, ""43811"": -0.003835269532753938, ""44811"": 0.011087504916529777, ""45811"": 0.01319094862529504}","{""701"": 0.005636223940353846, ""702"": 0.00860862629852103, ""703"": 0.010508316730551434, ""704"": 0.0038170217384086804, ""705"": 0.0021615266871412944, ""706"": 0.008276569958352206, ""707"": 0.00858789572636968, ""708"": 0.010296737612718912, ""709"": 0.0025033873015077313, ""710"": 0.0037490780391925918}"
modena,0,pooled,0.001,drift,0.11363917192070809,60,0,0,"{""40811"": 0.1376543293220406, ""41811"": 0.09921952536331043, ""42811"": 0.11916101127656824, ""43811"": 0.10018498521601911, ""44811"": 0.1142349022696794, ""45811"": 0.11138027807663069}","{""701"": 0.11028002575157814, ""702"": 0.11041637698824908, ""703"": 0.11051057688611214, ""704"": 0.11336923578239357, ""705"": 0.11339818577164817, ""706"": 0.11838339870759988, ""707"": 0.10422982630277415, ""708"": 0.12034306020064613, ""709"": 0.11341585162678092, ""710"": 0.12204518118929869}"
modena,0,pooled,0.001,noise,0.2194206165292285,60,0,0,"{""40811"": 0.2175895314428951, ""41811"": 0.19398687060476952, ""42811"": 0.22761328873581949, ""43811"": 0.2700156982467583, ""44811"": 0.2049294620304652, ""45811"": 0.20238884811466348}","{""701"": 0.2111373364789869, ""702"": 0.2041792699149693, ""703"": 0.21944638623726043, ""704"": 0.21884881477208595, ""705"": 0.2235872944598621, ""706"": 0.23456095229064702, ""707"": 0.20008323516898333, ""708"": 0.21579314574369887, ""709"": 0.22775803177527845, ""710"": 0.23881169845051287}"
modena,0,pooled,0.001,targeted,-0.014518566152213676,0,0,60,"{""40811"": -0.007792944565004944, ""41811"": -0.017984662116548467, ""42811"": -0.019230232484191256, ""43811"": -0.01325385953339533, ""44811"": -0.009714613846580488, ""45811"": -0.01913508436756157}","{""701"": -0.01723564347304607, ""702"": -0.012185700156356338, ""703"": -0.022008596266540115, ""704"": -0.014700804210576438, ""705"": -0.01908818844777993, ""706"": -0.009048260834966718, ""707"": -0.012877380788512915, ""708"": -0.010215295298265611, ""709"": -0.01540032607118528, ""710"": -0.012425465974907346}"
modena,0,pooled,0.001,family_macro_f1,0.06029799091180507,60,0,0,"{""40811"": 0.06565290118603556, ""41811"": 0.05328786152032566, ""42811"": 0.060328675275352774, ""43811"": 0.0656144433473495, ""44811"": 0.058872747508052936, ""45811"": 0.05803131663371406}","{""701"": 0.05702434156813443, ""702"": 0.0583285666372376, ""703"": 0.05767272273006382, ""704"": 0.05950164826444385, ""705"": 0.05845027655641007, ""706"": 0.06659005085785913, ""707"": 0.055532588913370894, ""708"": 0.0631762662570926, ""709"": 0.06089946558160932, ""710"": 0.06580398175182911}"
modena,0,pooled,0.001,worst_family_f1,0.1905423942822259,60,0,0,"{""40811"": 0.1963164366838071, ""41811"": 0.17155023936746572, ""42811"": 0.1876635962379147, ""43811"": 0.2700156982467583, ""44811"": 0.12483254140408695, ""45811"": 0.1928758537533229}","{""701"": 0.18298138688495347, ""702"": 0.17632184228326664, ""703"": 0.1863680228255069, ""704"": 0.18685462701453529, ""705"": 0.18952662830410894, ""706"": 0.20720042819379011, ""707"": 0.17390726657924394, ""708"": 0.19925816166423171, ""709"": 0.1958536303475967, ""710"": 0.20715194872502585}"
modena,0,pooled,0.001,clean_fpr,1.832784843810085e-05,35,2,23,"{""40811"": 6.903841931445981e-05, ""41811"": 7.32188762394418e-05, ""42811"": -2.0028768594890842e-05, ""43811"": 2.723242412423525e-05, ""44811"": -2.3725063019698645e-05, ""45811"": -1.5768797434942293e-05}","{""701"": 3.0137515911696515e-06, ""702"": 4.30726236605284e-05, ""703"": -2.084259517737807e-05, ""704"": 9.594683174882694e-05, ""705"": 6.593861734158431e-05, ""706"": 4.762215949071459e-05, ""707"": -0.00010864082341223858, ""708"": -2.0916060412190676e-05, ""709"": -2.2514393126200953e-05, ""710"": 0.00010059837267619282}"
modena,0,pooled,0.001,all_negative_fpr,1.8327319147062784e-05,36,0,24,"{""40811"": 4.717914681710683e-05, ""41811"": 7.578772238897298e-05, ""42811"": 9.420574534783958e-06, ""43811"": 2.1420263569336598e-05, ""44811"": -2.3433791527382477e-05, ""45811"": -2.04100009004412e-05}","{""701"": 6.9986269676600296e-06, ""702"": 4.1338835842116145e-05, ""703"": -2.6356865000868798e-05, ""704"": 0.0001080494599519766, ""705"": 7.171247738193581e-05, ""706"": 4.7678504328617286e-05, ""707"": -0.00011512024520152129, ""708"": -4.973591378190159e-05, ""709"": -2.2370037002819853e-05, ""710"": 0.00012107834798543345}"
modena,3,pooled,0.001,pooled_f1,0.019682211294857026,60,0,0,"{""40811"": 0.019774445587503974, ""41811"": 0.013982460071116276, ""42811"": 0.017814775406368777, ""43811"": 0.02442779220359358, ""44811"": 0.022988517045252045, ""45811"": 0.019105277455307525}","{""701"": 0.01915854400842711, ""702"": 0.016939756251387588, ""703"": 0.021889942571788796, ""704"": 0.01487338247114143, ""705"": 0.012616501385715037, ""706"": 0.024728156976822513, ""707"": 0.020742746984426037, ""708"": 0.027327456744701512, ""709"": 0.02141596983128154, ""710"": 0.017129655722878723}"
modena,3,pooled,0.001,random,-0.030264474424541808,0,0,60,"{""40811"": -0.029610486052246875, ""41811"": -0.03199815059357588, ""42811"": -0.030305755842273584, ""43811"": -0.03300527251060572, ""44811"": -0.027352082230931562, ""45811"": -0.0293150993176172}","{""701"": -0.03069843732788659, ""702"": -0.024869529133477158, ""703"": -0.036409450146001034, ""704"": -0.03136558466896152, ""705"": -0.035454042290585686, ""706"": -0.027915892396372804, ""707"": -0.02778740481179313, ""708"": -0.024625541023753122, ""709"": -0.03265357535045935, ""710"": -0.030865287096127642}"
modena,3,pooled,0.001,replay,0.028252896226249633,58,0,2,"{""40811"": 0.01549550217107768, ""41811"": 0.035455003893451166, ""42811"": 0.031016530237222516, ""43811"": 0.02679257393366017, ""44811"": 0.023171287323295386, ""45811"": 0.03758647979879091}","{""701"": 0.03974703590605785, ""702"": 0.020561138647738248, ""703"": 0.030004338113894396, ""704"": 0.0272931495290271, ""705"": 0.01887820517911302, ""706"": 0.04206692221169576, ""707"": 0.008989841530298729, ""708"": 0.04898778212726501, ""709"": 0.028091765820579723, ""710"": 0.01790878319682654}"
modena,3,pooled,0.001,drift,0.05245393197122692,60,0,0,"{""40811"": 0.06472722062944733, ""41811"": 0.050078557137500444, ""42811"": 0.049361431726762925, ""43811"": 0.054905714221177584, ""44811"": 0.047438998990227445, ""45811"": 0.04821166912224578}","{""701"": 0.04671180512267944, ""702"": 0.05207236640517671, ""703"": 0.06620788486187905, ""704"": 0.04600485819163732, ""705"": 0.040298226668686044, ""706"": 0.06132683151806436, ""707"": 0.04593083089314313, ""708"": 0.06824480662975717, ""709"": 0.042793917215749544, ""710"": 0.05494779220549645}"
modena,3,pooled,0.001,noise,0.15872115336774975,60,0,0,"{""40811"": 0.16226012957018449, ""41811"": 0.1287414709944763, ""42811"": 0.16784221837634838, ""43811"": 0.21046447059284867, ""44811"": 0.14528332239494834, ""45811"": 0.13773530827769212}","{""701"": 0.14968040762675136, ""702"": 0.16174118890754646, ""703"": 0.17902481425395525, ""704"": 0.15002856948887064, ""705"": 0.141296022566305, ""706"": 0.1733769936632532, ""707"": 0.15626015231660104, ""708"": 0.16973651195626482, ""709"": 0.1389791641628213, ""710"": 0.16708770873512804}"
modena,3,pooled,0.001,targeted,-0.02092130413116328,0,0,60,"{""40811"": -0.015040513481947427, ""41811"": -0.0257588401294639, ""42811"": -0.025477393620184363, ""43811"": -0.018789633427851726, ""44811"": -0.014623321871603246, ""45811"": -0.02583812225592904}","{""701"": -0.021831058750181043, ""702"": -0.017748212090697674, ""703"": -0.0265651050281047, ""704"": -0.022834492087350205, ""705"": -0.02649805209650234, ""706"": -0.0168956708732186, ""707"": -0.018629848876145955, ""708"": -0.015140216289290484, ""709"": -0.022940769728047743, ""710"": -0.020129615492094095}"
modena,3,pooled,0.001,family_macro_f1,0.037648440601904226,60,0,0,"{""40811"": 0.03956637056730307, ""41811"": 0.03130360826047764, ""42811"": 0.03848740617557515, ""43811"": 0.04807357056184578, ""44811"": 0.03478364092118733, ""45811"": 0.03367604712503648}","{""701"": 0.03672195051548427, ""702"": 0.038351390547257336, ""703"": 0.042452496411124606, ""704"": 0.03382530009064466, ""705"": 0.027704072005403164, ""706"": 0.046391836824684396, ""707"": 0.03295271421042073, ""708"": 0.04944066868004867, ""709"": 0.030854100424128728, ""710"": 0.03778987630984587}"
modena,3,pooled,0.001,worst_family_f1,0.12971924052471104,60,0,0,"{""40811"": 0.14098703481109648, ""41811"": 0.10630483975717246, ""42811"": 0.12789252587844357, ""43811"": 0.21046447059284867, ""44811"": 0.06444425819235347, ""45811"": 0.12822231391635155}","{""701"": 0.12152445803271793, ""702"": 0.13351067335145628, ""703"": 0.1459464508422017, ""704"": 0.11800214632839971, ""705"": 0.10723535641055178, ""706"": 0.1460164695663963, ""707"": 0.12925260109380843, ""708"": 0.15320152787679772, ""709"": 0.10707476273513951, ""710"": 0.13542795900964105}"
modena,3,pooled,0.001,clean_fpr,7.537345497340269e-05,54,0,6,"{""40811"": 9.823827535237887e-05, ""41811"": 0.00013633859713551227, ""42811"": 3.982993754665792e-05, ""43811"": 6.138834590717437e-05, ""44811"": 5.954078315520527e-05, ""45811"": 5.690479074348738e-05}","{""701"": 6.287868912272064e-05, ""702"": 0.00014240142630503785, ""703"": 8.580904362083834e-05, ""704"": 9.972800981465993e-05, ""705"": 5.41741340104225e-05, ""706"": 0.00010090591168307522, ""707"": 1.6259135783475946e-05, ""708"": 0.00010429366950746237, ""709"": -4.152265048488665e-05, ""710"": 0.00012880718037122066}"
modena,3,pooled,0.001,all_negative_fpr,4.434855812352542e-05,45,0,15,"{""40811"": 6.097304991193892e-05, ""41811"": 0.0001059828307814134, ""42811"": 3.046653892100347e-05, ""43811"": 1.3813067161534817e-05, ""44811"": 3.0443900103949887e-05, ""45811"": 2.441196186131205e-05}","{""701"": 1.7685279231946905e-05, ""702"": 0.0001224113481586783, ""703"": 5.403772821642826e-05, ""704"": 8.069536402680219e-05, ""705"": 3.5016915521890515e-05, ""706"": 5.134766154316024e-05, ""707"": 9.312250379145358e-06, ""708"": 2.26517819323933e-05, ""709"": -7.80923716573265e-05, ""710"": 0.00012841962388213566}"
modena,0,pooled,0.0025,pooled_f1,0.04471681641648403,60,0,0,"{""40811"": 0.04489467879414634, ""41811"": 0.03866487317401719, ""42811"": 0.042027523072161246, ""43811"": 0.04321750975107079, ""44811"": 0.049705035295650145, ""45811"": 0.04979127841185843}","{""701"": 0.042976074841927024, ""702"": 0.042172336369669716, ""703"": 0.043824617628382155, ""704"": 0.0392221659581067, ""705"": 0.039604224526604524, ""706"": 0.048249364256739445, ""707"": 0.049045846962107786, ""708"": 0.04999705533077187, ""709"": 0.04778788082581179, ""710"": 0.04428859746471923}"
modena,0,pooled,0.0025,random,-0.023465806142009295,0,0,60,"{""40811"": -0.0205647992919891, ""41811"": -0.02513222232365303, ""42811"": -0.02621655246624649, ""43811"": -0.02503933765988059, ""44811"": -0.02617351782982925, ""45811"": -0.0176684072804573}","{""701"": -0.024696234857200832, ""702"": -0.019375739859195256, ""703"": -0.03009306993706462, ""704"": -0.023826026760092416, ""705"": -0.027807435688821287, ""706"": -0.01922240583233666, ""707"": -0.022360631842759698, ""708"": -0.020336316973335433, ""709"": -0.023779616724335206, ""710"": -0.02316058294495153}"
modena,0,pooled,0.0025,replay,0.006414538403311741,44,0,16,"{""40811"": 0.0013783890222361928, ""41811"": 0.016349796073749645, ""42811"": 0.0003158613148137257, ""43811"": -0.003835269532753938, ""44811"": 0.011087504916529777, ""45811"": 0.01319094862529504}","{""701"": 0.005636223940353846, ""702"": 0.00860862629852103, ""703"": 0.010508316730551434, ""704"": 0.0038170217384086804, ""705"": 0.0021615266871412944, ""706"": 0.008276569958352206, ""707"": 0.00858789572636968, ""708"": 0.010296737612718912, ""709"": 0.0025033873015077313, ""710"": 0.0037490780391925918}"
modena,0,pooled,0.0025,drift,0.11363917192070809,60,0,0,"{""40811"": 0.1376543293220406, ""41811"": 0.09921952536331043, ""42811"": 0.11916101127656824, ""43811"": 0.10018498521601911, ""44811"": 0.1142349022696794, ""45811"": 0.11138027807663069}","{""701"": 0.11028002575157814, ""702"": 0.11041637698824908, ""703"": 0.11051057688611214, ""704"": 0.11336923578239357, ""705"": 0.11339818577164817, ""706"": 0.11838339870759988, ""707"": 0.10422982630277415, ""708"": 0.12034306020064613, ""709"": 0.11341585162678092, ""710"": 0.12204518118929869}"
modena,0,pooled,0.0025,noise,0.2194206165292285,60,0,0,"{""40811"": 0.2175895314428951, ""41811"": 0.19398687060476952, ""42811"": 0.22761328873581949, ""43811"": 0.2700156982467583, ""44811"": 0.2049294620304652, ""45811"": 0.20238884811466348}","{""701"": 0.2111373364789869, ""702"": 0.2041792699149693, ""703"": 0.21944638623726043, ""704"": 0.21884881477208595, ""705"": 0.2235872944598621, ""706"": 0.23456095229064702, ""707"": 0.20008323516898333, ""708"": 0.21579314574369887, ""709"": 0.22775803177527845, ""710"": 0.23881169845051287}"
modena,0,pooled,0.0025,targeted,-0.014518566152213676,0,0,60,"{""40811"": -0.007792944565004944, ""41811"": -0.017984662116548467, ""42811"": -0.019230232484191256, ""43811"": -0.01325385953339533, ""44811"": -0.009714613846580488, ""45811"": -0.01913508436756157}","{""701"": -0.01723564347304607, ""702"": -0.012185700156356338, ""703"": -0.022008596266540115, ""704"": -0.014700804210576438, ""705"": -0.01908818844777993, ""706"": -0.009048260834966718, ""707"": -0.012877380788512915, ""708"": -0.010215295298265611, ""709"": -0.01540032607118528, ""710"": -0.012425465974907346}"
modena,0,pooled,0.0025,family_macro_f1,0.06029799091180507,60,0,0,"{""40811"": 0.06565290118603556, ""41811"": 0.05328786152032566, ""42811"": 0.060328675275352774, ""43811"": 0.0656144433473495, ""44811"": 0.058872747508052936, ""45811"": 0.05803131663371406}","{""701"": 0.05702434156813443, ""702"": 0.0583285666372376, ""703"": 0.05767272273006382, ""704"": 0.05950164826444385, ""705"": 0.05845027655641007, ""706"": 0.06659005085785913, ""707"": 0.055532588913370894, ""708"": 0.0631762662570926, ""709"": 0.06089946558160932, ""710"": 0.06580398175182911}"
modena,0,pooled,0.0025,worst_family_f1,0.1905423942822259,60,0,0,"{""40811"": 0.1963164366838071, ""41811"": 0.17155023936746572, ""42811"": 0.1876635962379147, ""43811"": 0.2700156982467583, ""44811"": 0.12483254140408695, ""45811"": 0.1928758537533229}","{""701"": 0.18298138688495347, ""702"": 0.17632184228326664, ""703"": 0.1863680228255069, ""704"": 0.18685462701453529, ""705"": 0.18952662830410894, ""706"": 0.20720042819379011, ""707"": 0.17390726657924394, ""708"": 0.19925816166423171, ""709"": 0.1958536303475967, ""710"": 0.20715194872502585}"
modena,0,pooled,0.0025,clean_fpr,1.832784843810085e-05,35,2,23,"{""40811"": 6.903841931445981e-05, ""41811"": 7.32188762394418e-05, ""42811"": -2.0028768594890842e-05, ""43811"": 2.723242412423525e-05, ""44811"": -2.3725063019698645e-05, ""45811"": -1.5768797434942293e-05}","{""701"": 3.0137515911696515e-06, ""702"": 4.30726236605284e-05, ""703"": -2.084259517737807e-05, ""704"": 9.594683174882694e-05, ""705"": 6.593861734158431e-05, ""706"": 4.762215949071459e-05, ""707"": -0.00010864082341223858, ""708"": -2.0916060412190676e-05, ""709"": -2.2514393126200953e-05, ""710"": 0.00010059837267619282}"
modena,0,pooled,0.0025,all_negative_fpr,1.8327319147062784e-05,36,0,24,"{""40811"": 4.717914681710683e-05, ""41811"": 7.578772238897298e-05, ""42811"": 9.420574534783958e-06, ""43811"": 2.1420263569336598e-05, ""44811"": -2.3433791527382477e-05, ""45811"": -2.04100009004412e-05}","{""701"": 6.9986269676600296e-06, ""702"": 4.1338835842116145e-05, ""703"": -2.6356865000868798e-05, ""704"": 0.0001080494599519766, ""705"": 7.171247738193581e-05, ""706"": 4.7678504328617286e-05, ""707"": -0.00011512024520152129, ""708"": -4.973591378190159e-05, ""709"": -2.2370037002819853e-05, ""710"": 0.00012107834798543345}"
modena,3,pooled,0.0025,pooled_f1,0.019682211294857026,60,0,0,"{""40811"": 0.019774445587503974, ""41811"": 0.013982460071116276, ""42811"": 0.017814775406368777, ""43811"": 0.02442779220359358, ""44811"": 0.022988517045252045, ""45811"": 0.019105277455307525}","{""701"": 0.01915854400842711, ""702"": 0.016939756251387588, ""703"": 0.021889942571788796, ""704"": 0.01487338247114143, ""705"": 0.012616501385715037, ""706"": 0.024728156976822513, ""707"": 0.020742746984426037, ""708"": 0.027327456744701512, ""709"": 0.02141596983128154, ""710"": 0.017129655722878723}"
modena,3,pooled,0.0025,random,-0.030264474424541808,0,0,60,"{""40811"": -0.029610486052246875, ""41811"": -0.03199815059357588, ""42811"": -0.030305755842273584, ""43811"": -0.03300527251060572, ""44811"": -0.027352082230931562, ""45811"": -0.0293150993176172}","{""701"": -0.03069843732788659, ""702"": -0.024869529133477158, ""703"": -0.036409450146001034, ""704"": -0.03136558466896152, ""705"": -0.035454042290585686, ""706"": -0.027915892396372804, ""707"": -0.02778740481179313, ""708"": -0.024625541023753122, ""709"": -0.03265357535045935, ""710"": -0.030865287096127642}"
modena,3,pooled,0.0025,replay,0.028252896226249633,58,0,2,"{""40811"": 0.01549550217107768, ""41811"": 0.035455003893451166, ""42811"": 0.031016530237222516, ""43811"": 0.02679257393366017, ""44811"": 0.023171287323295386, ""45811"": 0.03758647979879091}","{""701"": 0.03974703590605785, ""702"": 0.020561138647738248, ""703"": 0.030004338113894396, ""704"": 0.0272931495290271, ""705"": 0.01887820517911302, ""706"": 0.04206692221169576, ""707"": 0.008989841530298729, ""708"": 0.04898778212726501, ""709"": 0.028091765820579723, ""710"": 0.01790878319682654}"
modena,3,pooled,0.0025,drift,0.05245393197122692,60,0,0,"{""40811"": 0.06472722062944733, ""41811"": 0.050078557137500444, ""42811"": 0.049361431726762925, ""43811"": 0.054905714221177584, ""44811"": 0.047438998990227445, ""45811"": 0.04821166912224578}","{""701"": 0.04671180512267944, ""702"": 0.05207236640517671, ""703"": 0.06620788486187905, ""704"": 0.04600485819163732, ""705"": 0.040298226668686044, ""706"": 0.06132683151806436, ""707"": 0.04593083089314313, ""708"": 0.06824480662975717, ""709"": 0.042793917215749544, ""710"": 0.05494779220549645}"
modena,3,pooled,0.0025,noise,0.15872115336774975,60,0,0,"{""40811"": 0.16226012957018449, ""41811"": 0.1287414709944763, ""42811"": 0.16784221837634838, ""43811"": 0.21046447059284867, ""44811"": 0.14528332239494834, ""45811"": 0.13773530827769212}","{""701"": 0.14968040762675136, ""702"": 0.16174118890754646, ""703"": 0.17902481425395525, ""704"": 0.15002856948887064, ""705"": 0.141296022566305, ""706"": 0.1733769936632532, ""707"": 0.15626015231660104, ""708"": 0.16973651195626482, ""709"": 0.1389791641628213, ""710"": 0.16708770873512804}"
modena,3,pooled,0.0025,targeted,-0.02092130413116328,0,0,60,"{""40811"": -0.015040513481947427, ""41811"": -0.0257588401294639, ""42811"": -0.025477393620184363, ""43811"": -0.018789633427851726, ""44811"": -0.014623321871603246, ""45811"": -0.02583812225592904}","{""701"": -0.021831058750181043, ""702"": -0.017748212090697674, ""703"": -0.0265651050281047, ""704"": -0.022834492087350205, ""705"": -0.02649805209650234, ""706"": -0.0168956708732186, ""707"": -0.018629848876145955, ""708"": -0.015140216289290484, ""709"": -0.022940769728047743, ""710"": -0.020129615492094095}"
modena,3,pooled,0.0025,family_macro_f1,0.037648440601904226,60,0,0,"{""40811"": 0.03956637056730307, ""41811"": 0.03130360826047764, ""42811"": 0.03848740617557515, ""43811"": 0.04807357056184578, ""44811"": 0.03478364092118733, ""45811"": 0.03367604712503648}","{""701"": 0.03672195051548427, ""702"": 0.038351390547257336, ""703"": 0.042452496411124606, ""704"": 0.03382530009064466, ""705"": 0.027704072005403164, ""706"": 0.046391836824684396, ""707"": 0.03295271421042073, ""708"": 0.04944066868004867, ""709"": 0.030854100424128728, ""710"": 0.03778987630984587}"
modena,3,pooled,0.0025,worst_family_f1,0.12971924052471104,60,0,0,"{""40811"": 0.14098703481109648, ""41811"": 0.10630483975717246, ""42811"": 0.12789252587844357, ""43811"": 0.21046447059284867, ""44811"": 0.06444425819235347, ""45811"": 0.12822231391635155}","{""701"": 0.12152445803271793, ""702"": 0.13351067335145628, ""703"": 0.1459464508422017, ""704"": 0.11800214632839971, ""705"": 0.10723535641055178, ""706"": 0.1460164695663963, ""707"": 0.12925260109380843, ""708"": 0.15320152787679772, ""709"": 0.10707476273513951, ""710"": 0.13542795900964105}"
modena,3,pooled,0.0025,clean_fpr,7.537345497340269e-05,54,0,6,"{""40811"": 9.823827535237887e-05, ""41811"": 0.00013633859713551227, ""42811"": 3.982993754665792e-05, ""43811"": 6.138834590717437e-05, ""44811"": 5.954078315520527e-05, ""45811"": 5.690479074348738e-05}","{""701"": 6.287868912272064e-05, ""702"": 0.00014240142630503785, ""703"": 8.580904362083834e-05, ""704"": 9.972800981465993e-05, ""705"": 5.41741340104225e-05, ""706"": 0.00010090591168307522, ""707"": 1.6259135783475946e-05, ""708"": 0.00010429366950746237, ""709"": -4.152265048488665e-05, ""710"": 0.00012880718037122066}"
modena,3,pooled,0.0025,all_negative_fpr,4.434855812352542e-05,45,0,15,"{""40811"": 6.097304991193892e-05, ""41811"": 0.0001059828307814134, ""42811"": 3.046653892100347e-05, ""43811"": 1.3813067161534817e-05, ""44811"": 3.0443900103949887e-05, ""45811"": 2.441196186131205e-05}","{""701"": 1.7685279231946905e-05, ""702"": 0.0001224113481586783, ""703"": 5.403772821642826e-05, ""704"": 8.069536402680219e-05, ""705"": 3.5016915521890515e-05, ""706"": 5.134766154316024e-05, ""707"": 9.312250379145358e-06, ""708"": 2.26517819323933e-05, ""709"": -7.80923716573265e-05, ""710"": 0.00012841962388213566}"
modena,0,pooled,0.005,pooled_f1,0.04471681641648403,60,0,0,"{""40811"": 0.04489467879414634, ""41811"": 0.03866487317401719, ""42811"": 0.042027523072161246, ""43811"": 0.04321750975107079, ""44811"": 0.049705035295650145, ""45811"": 0.04979127841185843}","{""701"": 0.042976074841927024, ""702"": 0.042172336369669716, ""703"": 0.043824617628382155, ""704"": 0.0392221659581067, ""705"": 0.039604224526604524, ""706"": 0.048249364256739445, ""707"": 0.049045846962107786, ""708"": 0.04999705533077187, ""709"": 0.04778788082581179, ""710"": 0.04428859746471923}"
modena,0,pooled,0.005,random,-0.023465806142009295,0,0,60,"{""40811"": -0.0205647992919891, ""41811"": -0.02513222232365303, ""42811"": -0.02621655246624649, ""43811"": -0.02503933765988059, ""44811"": -0.02617351782982925, ""45811"": -0.0176684072804573}","{""701"": -0.024696234857200832, ""702"": -0.019375739859195256, ""703"": -0.03009306993706462, ""704"": -0.023826026760092416, ""705"": -0.027807435688821287, ""706"": -0.01922240583233666, ""707"": -0.022360631842759698, ""708"": -0.020336316973335433, ""709"": -0.023779616724335206, ""710"": -0.02316058294495153}"
modena,0,pooled,0.005,replay,0.006414538403311741,44,0,16,"{""40811"": 0.0013783890222361928, ""41811"": 0.016349796073749645, ""42811"": 0.0003158613148137257, ""43811"": -0.003835269532753938, ""44811"": 0.011087504916529777, ""45811"": 0.01319094862529504}","{""701"": 0.005636223940353846, ""702"": 0.00860862629852103, ""703"": 0.010508316730551434, ""704"": 0.0038170217384086804, ""705"": 0.0021615266871412944, ""706"": 0.008276569958352206, ""707"": 0.00858789572636968, ""708"": 0.010296737612718912, ""709"": 0.0025033873015077313, ""710"": 0.0037490780391925918}"
modena,0,pooled,0.005,drift,0.11363917192070809,60,0,0,"{""40811"": 0.1376543293220406, ""41811"": 0.09921952536331043, ""42811"": 0.11916101127656824, ""43811"": 0.10018498521601911, ""44811"": 0.1142349022696794, ""45811"": 0.11138027807663069}","{""701"": 0.11028002575157814, ""702"": 0.11041637698824908, ""703"": 0.11051057688611214, ""704"": 0.11336923578239357, ""705"": 0.11339818577164817, ""706"": 0.11838339870759988, ""707"": 0.10422982630277415, ""708"": 0.12034306020064613, ""709"": 0.11341585162678092, ""710"": 0.12204518118929869}"
modena,0,pooled,0.005,noise,0.2194206165292285,60,0,0,"{""40811"": 0.2175895314428951, ""41811"": 0.19398687060476952, ""42811"": 0.22761328873581949, ""43811"": 0.2700156982467583, ""44811"": 0.2049294620304652, ""45811"": 0.20238884811466348}","{""701"": 0.2111373364789869, ""702"": 0.2041792699149693, ""703"": 0.21944638623726043, ""704"": 0.21884881477208595, ""705"": 0.2235872944598621, ""706"": 0.23456095229064702, ""707"": 0.20008323516898333, ""708"": 0.21579314574369887, ""709"": 0.22775803177527845, ""710"": 0.23881169845051287}"
modena,0,pooled,0.005,targeted,-0.014518566152213676,0,0,60,"{""40811"": -0.007792944565004944, ""41811"": -0.017984662116548467, ""42811"": -0.019230232484191256, ""43811"": -0.01325385953339533, ""44811"": -0.009714613846580488, ""45811"": -0.01913508436756157}","{""701"": -0.01723564347304607, ""702"": -0.012185700156356338, ""703"": -0.022008596266540115, ""704"": -0.014700804210576438, ""705"": -0.01908818844777993, ""706"": -0.009048260834966718, ""707"": -0.012877380788512915, ""708"": -0.010215295298265611, ""709"": -0.01540032607118528, ""710"": -0.012425465974907346}"
modena,0,pooled,0.005,family_macro_f1,0.06029799091180507,60,0,0,"{""40811"": 0.06565290118603556, ""41811"": 0.05328786152032566, ""42811"": 0.060328675275352774, ""43811"": 0.0656144433473495, ""44811"": 0.058872747508052936, ""45811"": 0.05803131663371406}","{""701"": 0.05702434156813443, ""702"": 0.0583285666372376, ""703"": 0.05767272273006382, ""704"": 0.05950164826444385, ""705"": 0.05845027655641007, ""706"": 0.06659005085785913, ""707"": 0.055532588913370894, ""708"": 0.0631762662570926, ""709"": 0.06089946558160932, ""710"": 0.06580398175182911}"
modena,0,pooled,0.005,worst_family_f1,0.1905423942822259,60,0,0,"{""40811"": 0.1963164366838071, ""41811"": 0.17155023936746572, ""42811"": 0.1876635962379147, ""43811"": 0.2700156982467583, ""44811"": 0.12483254140408695, ""45811"": 0.1928758537533229}","{""701"": 0.18298138688495347, ""702"": 0.17632184228326664, ""703"": 0.1863680228255069, ""704"": 0.18685462701453529, ""705"": 0.18952662830410894, ""706"": 0.20720042819379011, ""707"": 0.17390726657924394, ""708"": 0.19925816166423171, ""709"": 0.1958536303475967, ""710"": 0.20715194872502585}"
modena,0,pooled,0.005,clean_fpr,1.832784843810085e-05,35,2,23,"{""40811"": 6.903841931445981e-05, ""41811"": 7.32188762394418e-05, ""42811"": -2.0028768594890842e-05, ""43811"": 2.723242412423525e-05, ""44811"": -2.3725063019698645e-05, ""45811"": -1.5768797434942293e-05}","{""701"": 3.0137515911696515e-06, ""702"": 4.30726236605284e-05, ""703"": -2.084259517737807e-05, ""704"": 9.594683174882694e-05, ""705"": 6.593861734158431e-05, ""706"": 4.762215949071459e-05, ""707"": -0.00010864082341223858, ""708"": -2.0916060412190676e-05, ""709"": -2.2514393126200953e-05, ""710"": 0.00010059837267619282}"
modena,0,pooled,0.005,all_negative_fpr,1.8327319147062784e-05,36,0,24,"{""40811"": 4.717914681710683e-05, ""41811"": 7.578772238897298e-05, ""42811"": 9.420574534783958e-06, ""43811"": 2.1420263569336598e-05, ""44811"": -2.3433791527382477e-05, ""45811"": -2.04100009004412e-05}","{""701"": 6.9986269676600296e-06, ""702"": 4.1338835842116145e-05, ""703"": -2.6356865000868798e-05, ""704"": 0.0001080494599519766, ""705"": 7.171247738193581e-05, ""706"": 4.7678504328617286e-05, ""707"": -0.00011512024520152129, ""708"": -4.973591378190159e-05, ""709"": -2.2370037002819853e-05, ""710"": 0.00012107834798543345}"
modena,3,pooled,0.005,pooled_f1,0.019682211294857026,60,0,0,"{""40811"": 0.019774445587503974, ""41811"": 0.013982460071116276, ""42811"": 0.017814775406368777, ""43811"": 0.02442779220359358, ""44811"": 0.022988517045252045, ""45811"": 0.019105277455307525}","{""701"": 0.01915854400842711, ""702"": 0.016939756251387588, ""703"": 0.021889942571788796, ""704"": 0.01487338247114143, ""705"": 0.012616501385715037, ""706"": 0.024728156976822513, ""707"": 0.020742746984426037, ""708"": 0.027327456744701512, ""709"": 0.02141596983128154, ""710"": 0.017129655722878723}"
modena,3,pooled,0.005,random,-0.030264474424541808,0,0,60,"{""40811"": -0.029610486052246875, ""41811"": -0.03199815059357588, ""42811"": -0.030305755842273584, ""43811"": -0.03300527251060572, ""44811"": -0.027352082230931562, ""45811"": -0.0293150993176172}","{""701"": -0.03069843732788659, ""702"": -0.024869529133477158, ""703"": -0.036409450146001034, ""704"": -0.03136558466896152, ""705"": -0.035454042290585686, ""706"": -0.027915892396372804, ""707"": -0.02778740481179313, ""708"": -0.024625541023753122, ""709"": -0.03265357535045935, ""710"": -0.030865287096127642}"
modena,3,pooled,0.005,replay,0.028252896226249633,58,0,2,"{""40811"": 0.01549550217107768, ""41811"": 0.035455003893451166, ""42811"": 0.031016530237222516, ""43811"": 0.02679257393366017, ""44811"": 0.023171287323295386, ""45811"": 0.03758647979879091}","{""701"": 0.03974703590605785, ""702"": 0.020561138647738248, ""703"": 0.030004338113894396, ""704"": 0.0272931495290271, ""705"": 0.01887820517911302, ""706"": 0.04206692221169576, ""707"": 0.008989841530298729, ""708"": 0.04898778212726501, ""709"": 0.028091765820579723, ""710"": 0.01790878319682654}"
modena,3,pooled,0.005,drift,0.05245393197122692,60,0,0,"{""40811"": 0.06472722062944733, ""41811"": 0.050078557137500444, ""42811"": 0.049361431726762925, ""43811"": 0.054905714221177584, ""44811"": 0.047438998990227445, ""45811"": 0.04821166912224578}","{""701"": 0.04671180512267944, ""702"": 0.05207236640517671, ""703"": 0.06620788486187905, ""704"": 0.04600485819163732, ""705"": 0.040298226668686044, ""706"": 0.06132683151806436, ""707"": 0.04593083089314313, ""708"": 0.06824480662975717, ""709"": 0.042793917215749544, ""710"": 0.05494779220549645}"
modena,3,pooled,0.005,noise,0.15872115336774975,60,0,0,"{""40811"": 0.16226012957018449, ""41811"": 0.1287414709944763, ""42811"": 0.16784221837634838, ""43811"": 0.21046447059284867, ""44811"": 0.14528332239494834, ""45811"": 0.13773530827769212}","{""701"": 0.14968040762675136, ""702"": 0.16174118890754646, ""703"": 0.17902481425395525, ""704"": 0.15002856948887064, ""705"": 0.141296022566305, ""706"": 0.1733769936632532, ""707"": 0.15626015231660104, ""708"": 0.16973651195626482, ""709"": 0.1389791641628213, ""710"": 0.16708770873512804}"
modena,3,pooled,0.005,targeted,-0.02092130413116328,0,0,60,"{""40811"": -0.015040513481947427, ""41811"": -0.0257588401294639, ""42811"": -0.025477393620184363, ""43811"": -0.018789633427851726, ""44811"": -0.014623321871603246, ""45811"": -0.02583812225592904}","{""701"": -0.021831058750181043, ""702"": -0.017748212090697674, ""703"": -0.0265651050281047, ""704"": -0.022834492087350205, ""705"": -0.02649805209650234, ""706"": -0.0168956708732186, ""707"": -0.018629848876145955, ""708"": -0.015140216289290484, ""709"": -0.022940769728047743, ""710"": -0.020129615492094095}"
modena,3,pooled,0.005,family_macro_f1,0.037648440601904226,60,0,0,"{""40811"": 0.03956637056730307, ""41811"": 0.03130360826047764, ""42811"": 0.03848740617557515, ""43811"": 0.04807357056184578, ""44811"": 0.03478364092118733, ""45811"": 0.03367604712503648}","{""701"": 0.03672195051548427, ""702"": 0.038351390547257336, ""703"": 0.042452496411124606, ""704"": 0.03382530009064466, ""705"": 0.027704072005403164, ""706"": 0.046391836824684396, ""707"": 0.03295271421042073, ""708"": 0.04944066868004867, ""709"": 0.030854100424128728, ""710"": 0.03778987630984587}"
modena,3,pooled,0.005,worst_family_f1,0.12971924052471104,60,0,0,"{""40811"": 0.14098703481109648, ""41811"": 0.10630483975717246, ""42811"": 0.12789252587844357, ""43811"": 0.21046447059284867, ""44811"": 0.06444425819235347, ""45811"": 0.12822231391635155}","{""701"": 0.12152445803271793, ""702"": 0.13351067335145628, ""703"": 0.1459464508422017, ""704"": 0.11800214632839971, ""705"": 0.10723535641055178, ""706"": 0.1460164695663963, ""707"": 0.12925260109380843, ""708"": 0.15320152787679772, ""709"": 0.10707476273513951, ""710"": 0.13542795900964105}"
modena,3,pooled,0.005,clean_fpr,7.537345497340269e-05,54,0,6,"{""40811"": 9.823827535237887e-05, ""41811"": 0.00013633859713551227, ""42811"": 3.982993754665792e-05, ""43811"": 6.138834590717437e-05, ""44811"": 5.954078315520527e-05, ""45811"": 5.690479074348738e-05}","{""701"": 6.287868912272064e-05, ""702"": 0.00014240142630503785, ""703"": 8.580904362083834e-05, ""704"": 9.972800981465993e-05, ""705"": 5.41741340104225e-05, ""706"": 0.00010090591168307522, ""707"": 1.6259135783475946e-05, ""708"": 0.00010429366950746237, ""709"": -4.152265048488665e-05, ""710"": 0.00012880718037122066}"
modena,3,pooled,0.005,all_negative_fpr,4.434855812352542e-05,45,0,15,"{""40811"": 6.097304991193892e-05, ""41811"": 0.0001059828307814134, ""42811"": 3.046653892100347e-05, ""43811"": 1.3813067161534817e-05, ""44811"": 3.0443900103949887e-05, ""45811"": 2.441196186131205e-05}","{""701"": 1.7685279231946905e-05, ""702"": 0.0001224113481586783, ""703"": 5.403772821642826e-05, ""704"": 8.069536402680219e-05, ""705"": 3.5016915521890515e-05, ""706"": 5.134766154316024e-05, ""707"": 9.312250379145358e-06, ""708"": 2.26517819323933e-05, ""709"": -7.80923716573265e-05, ""710"": 0.00012841962388213566}"
modena,0,balanced,0.0,pooled_f1,-0.3553366893986335,0,0,60,"{""40811"": -0.3456419385273186, ""41811"": -0.3534515255534379, ""42811"": -0.3722067634423778, ""43811"": -0.3501721602307804, ""44811"": -0.3403693814934411, ""45811"": -0.3701783671444452}","{""701"": -0.30718974368415736, ""702"": -0.4692157543007071, ""703"": -0.4341344961600026, ""704"": -0.39911157028118255, ""705"": -0.36179579346045637, ""706"": -0.25610942388080565, ""707"": -0.2701880061791087, ""708"": -0.34167060121013076, ""709"": -0.4549616929800406, ""710"": -0.25898981184974323}"
modena,0,balanced,0.0,random,-0.5936421996721923,0,0,60,"{""40811"": -0.6055144249229782, ""41811"": -0.5734435528012213, ""42811"": -0.6062510813502303, ""43811"": -0.5740664078690928, ""44811"": -0.6296706983674429, ""45811"": -0.5729070327221886}","{""701"": -0.5194021253706606, ""702"": -0.7780918434713929, ""703"": -0.6852027267097935, ""704"": -0.7277587286436762, ""705"": -0.5964576385228765, ""706"": -0.3681713161172029, ""707"": -0.46009917042653314, ""708"": -0.6123276989237639, ""709"": -0.7583064280858506, ""710"": -0.43060432045017355}"
modena,0,balanced,0.0,replay,0.024833528534976793,44,0,16,"{""40811"": 0.046670387198064746, ""41811"": 0.01763732337155528, ""42811"": 0.03823145064685994, ""43811"": 0.009803939733594525, ""44811"": 0.04865876850199363, ""45811"": -0.012000698242207331}","{""701"": 0.06623311720882154, ""702"": -0.036756842972703506, ""703"": 0.005867370186428633, ""704"": 7.225497827996936e-05, ""705"": 0.026420605000117097, ""706"": 0.027643775716012398, ""707"": 0.052696425685286374, ""708"": 0.07053061399350274, ""709"": -0.021187310962174816, ""710"": 0.056815276516197555}"
modena,0,balanced,0.0,drift,-0.2866326041891781,0,0,60,"{""40811"": -0.23435215508581927, ""41811"": -0.3554550202616657, ""42811"": -0.24920414975930494, ""43811"": -0.366141178540108, ""44811"": -0.2273235571074778, ""45811"": -0.28731956438069284}","{""701"": -0.2721137898250683, ""702"": -0.37921278252400853, ""703"": -0.34895786147953745, ""704"": -0.250667947583792, ""705"": -0.3218149695493258, ""706"": -0.3070858716707337, ""707"": -0.19405013500517854, ""708"": -0.2737210041718045, ""709"": -0.32245361951979995, ""710"": -0.1962480605625321}"
modena,0,balanced,0.0,noise,-0.15873965695343245,0,0,60,"{""40811"": -0.13391055031124957, ""41811"": -0.22531229931832594, ""42811"": -0.11468186211384032, ""43811"": -0.11259342602731863, ""44811"": -0.17571645459523927, ""45811"": -0.1902233493546211}","{""701"": -0.14139974059854463, ""702"": -0.16645195051632597, ""703"": -0.274165357842921, ""704"": -0.07219030731251759, ""705"": -0.1492137936770956, ""706"": -0.17173436815060658, ""707"": -0.14615176204344518, ""708"": -0.10629128812901283, ""709"": -0.1988215089727895, ""710"": -0.16097649229106584}"
modena,0,balanced,0.0,targeted,-0.5869721638819374,0,0,60,"{""40811"": -0.550257907967135, ""41811"": -0.5623549557077213, ""42811"": -0.6339483886308981, ""43811"": -0.5630290371383143, ""44811"": -0.6291368856015029, ""45811"": -0.5831058082460535}","{""701"": -0.5064658555779378, ""702"": -0.7923874008358215, ""703"": -0.6684171072957096, ""704"": -0.7504615197010088, ""705"": -0.5888315350494461, ""706"": -0.32557275116401946, ""707"": -0.4330765798900084, ""708"": -0.6100661541042912, ""709"": -0.7787359949426791, ""710"": -0.4157067402584527}"
modena,0,balanced,0.0,family_macro_f1,-0.32023061923235274,0,0,60,"{""40811"": -0.2954729302178235, ""41811"": -0.3397857009434758, ""42811"": -0.31317080624148275, ""43811"": -0.32120522196824786, ""44811"": -0.3226377654339338, ""45811"": -0.3291112905891526}","{""701"": -0.2746296788326779, ""702"": -0.4305801640640505, ""703"": -0.3941751366283066, ""704"": -0.3602012496525429, ""705"": -0.32597946635972547, ""706"": -0.22898410627731006, ""707"": -0.2361362443359758, ""708"": -0.3063751062670739, ""709"": -0.41590097249665875, ""710"": -0.22934406740920532}"
modena,0,balanced,0.0,worst_family_f1,-0.200472203754884,0,0,60,"{""40811"": -0.17234510787830937, ""41811"": -0.27771300704795243, ""42811"": -0.16661880438593543, ""43811"": -0.1365032728801992, ""44811"": -0.22331344776951978, ""45811"": -0.2263395825673878}","{""701"": -0.14139974059854463, ""702"": -0.2786565913261389, ""703"": -0.274165357842921, ""704"": -0.22883353643467289, ""705"": -0.17141712343411833, ""706"": -0.17173436815060658, ""707"": -0.14615176204344518, ""708"": -0.16225176076026668, ""709"": -0.26913530466706, ""710"": -0.16097649229106584}"
modena,0,balanced,0.0,clean_fpr,-6.861318691430009e-07,3,43,14,"{""40811"": 4.5271094632432666e-07, ""41811"": -2.2952625780389278e-07, ""42811"": -2.275996431237596e-07, ""43811"": 0.0, ""44811"": -6.843768178759224e-07, ""45811"": -3.427999442378757e-06}","{""701"": 0.0, ""702"": -1.1426664807929192e-06, ""703"": -2.2854318092699793e-06, ""704"": -1.1457369290122563e-06, ""705"": -3.80888826930973e-07, ""706"": -3.80888826930973e-07, ""707"": 0.0, ""708"": -3.6297049940341285e-09, ""709"": -1.5228758240573204e-06, ""710"": 7.997105584464891e-10}"
modena,0,balanced,0.0,all_negative_fpr,-3.3287687517174434e-07,12,29,19,"{""40811"": -7.996465562221498e-07, ""41811"": -1.9996760524794981e-07, ""42811"": 1.0021887802961668e-06, ""43811"": 0.0, ""44811"": 1.2017328988401277e-06, ""45811"": -3.2015687686966615e-06}","{""701"": 6.676293882445153e-07, ""702"": -1.6671730520495048e-06, ""703"": -2.0007006267725526e-06, ""704"": -6.671457119936996e-07, ""705"": -3.328681177095403e-07, ""706"": 1.0033835893520155e-06, ""707"": 6.286290296952396e-10, ""708"": 1.0013816333632313e-06, ""709"": -1.6674909994325268e-06, ""710"": 3.3358651625092237e-07}"
modena,3,balanced,0.0,pooled_f1,-0.4265176805691503,0,0,60,"{""40811"": -0.4207332849446653, ""41811"": -0.42732918728077063, ""42811"": -0.43420513079035883, ""43811"": -0.42742198860613134, ""44811"": -0.4046986328861097, ""45811"": -0.4447178589068662}","{""701"": -0.4530609186857019, ""702"": -0.5306459290976688, ""703"": -0.5035539209614227, ""704"": -0.4078768831804069, ""705"": -0.4851723380918886, ""706"": -0.3127871493603412, ""707"": -0.3484084565115341, ""708"": -0.434410051003801, ""709"": -0.49074294674267044, ""710"": -0.2985182120560681}"
modena,3,balanced,0.0,random,-0.6771187728634256,0,0,60,"{""40811"": -0.6928083024589017, ""41811"": -0.6550832247252589, ""42811"": -0.6732795683824983, ""43811"": -0.6757083683715079, ""44811"": -0.6971888224085226, ""45811"": -0.6686443508338634}","{""701"": -0.6788189365583005, ""702"": -0.851051893947311, ""703"": -0.7584864862159034, ""704"": -0.74275044610748, ""705"": -0.7303668302688742, ""706"": -0.433998493113952, ""707"": -0.5658355694088897, ""708"": -0.7166785547372494, ""709"": -0.8036487022533453, ""710"": -0.4895518160229492}"
modena,3,balanced,0.0,replay,0.0062401818500354275,34,0,26,"{""40811"": 0.023583722144234563, ""41811"": -0.01090287939872706, ""42811"": 0.022016549736473302, ""43811"": -0.017503470131039957, ""44811"": 0.03269690294827935, ""45811"": -0.012449734199007634}","{""701"": -0.026557504467951038, ""702"": -0.025137890882898917, ""703"": -0.02443443933984868, ""704"": 0.03770132423075906, ""705"": -0.029777370993596897, ""706"": 0.025895407713913077, ""707"": 0.04547401115845625, ""708"": 0.008586533549838682, ""709"": -0.014333444484458982, ""710"": 0.06498519201614172}"
modena,3,balanced,0.0,drift,-0.3614536414052359,0,0,60,"{""40811"": -0.3053733847346715, ""41811"": -0.4315581504264344, ""42811"": -0.3118119819783692, ""43811"": -0.44843360904270124, ""44811"": -0.3002022196928049, ""45811"": -0.3713425025564344}","{""701"": -0.41926576584955666, ""702"": -0.4485890111743829, ""703"": -0.42286155440486956, ""704"": -0.26028858723056564, ""705"": -0.4659933550517554, ""706"": -0.3729804472746377, ""707"": -0.26944222046311966, ""708"": -0.36283054420610056, ""709"": -0.3576409301371, ""710"": -0.2346439982602713}"
modena,3,balanced,0.0,noise,-0.2074900576015238,0,0,60,"{""40811"": -0.18267899080622174, ""41811"": -0.2799192215037999, ""42811"": -0.16043279421479079, ""43811"": -0.148884899429158, ""44811"": -0.23441904134558333, ""45811"": -0.23860539830958918}","{""701"": -0.246377810711805, ""702"": -0.22094308426294515, ""703"": -0.33982230446643014, ""704"": -0.08334561517219607, ""705"": -0.24312196407483602, ""706"": -0.21386447886476315, ""707"": -0.17833089662320323, ""708"": -0.1684335952017673, ""709"": -0.21621807228416642, ""710"": -0.1644427543531256}"
modena,3,balanced,0.0,targeted,-0.6727238355293669,0,0,60,"{""40811"": -0.6433621046765876, ""41811"": -0.6588066808011787, ""42811"": -0.7109493047311458, ""43811"": -0.6468711033180558, ""44811"": -0.7103107610660562, ""45811"": -0.6660430585831774}","{""701"": -0.6700091272316232, ""702"": -0.8714009066894818, ""703"": -0.743391930892466, ""704"": -0.77282560729074, ""705"": -0.7249060528114412, ""706"": -0.39492533422139015, ""707"": -0.5326617096499808, ""708"": -0.7143660258389649, ""709"": -0.829436430237831, ""710"": -0.4733152304297496}"
modena,3,balanced,0.0,family_macro_f1,-0.38250922510990326,0,0,60,"{""40811"": -0.36012781210642963, ""41811"": -0.4072540313710798, ""42811"": -0.36689141991406615, ""43811"": -0.3874802900584926, ""44811"": -0.3818847883129376, ""45811"": -0.3914170088964144}","{""701"": -0.4082058289638473, ""702"": -0.483424557391404, ""703"": -0.4577993430639036, ""704"": -0.36430178631404453, ""705"": -0.4388331146401007, ""706"": -0.277974669152166, ""707"": -0.3001592769973474, ""708"": -0.39074443728684877, ""709"": -0.4442555158793804, ""710"": -0.25939372140999084}"
modena,3,balanced,0.0,worst_family_f1,-0.24922260440297533,0,0,60,"{""40811"": -0.2211135483732815, ""41811"": -0.33231992923342635, ""42811"": -0.2123697364868859, ""43811"": -0.17279474628203856, ""44811"": -0.28201603451986385, ""45811"": -0.27472163152235585}","{""701"": -0.246377810711805, ""702"": -0.3331477250727581, ""703"": -0.33982230446643014, ""704"": -0.23998884429435138, ""705"": -0.2653252938318587, ""706"": -0.21386447886476315, ""707"": -0.17833089662320323, ""708"": -0.2243940678330212, ""709"": -0.28653186797843694, ""710"": -0.1644427543531256}"
modena,3,balanced,0.0,clean_fpr,-3.047860430320247e-07,3,48,9,"{""40811"": 4.5271094632432666e-07, ""41811"": 0.0, ""42811"": -4.551992862475192e-07, ""43811"": 0.0, ""44811"": -1.140628029793204e-06, ""45811"": -6.855998884757514e-07}","{""701"": 0.0, ""702"": 0.0, ""703"": -7.595420818040006e-07, ""704"": 0.0, ""705"": -7.61777653861946e-07, ""706"": -1.139751425068402e-06, ""707"": -7.655275857478549e-07, ""708"": -2.9502213274624784e-09, ""709"": -3.802093432644014e-07, ""710"": 7.618978807538209e-07}"
modena,3,balanced,0.0,all_negative_fpr,1.6705337809235153e-07,12,40,8,"{""40811"": 3.998232781110749e-07, ""41811"": -1.9996760524794981e-07, ""42811"": 6.013132681777001e-07, ""43811"": -2.0018937915267845e-07, ""44811"": 1.2017328988401275e-06, ""45811"": -8.003921921741654e-07}","{""701"": 6.676293882445153e-07, ""702"": 3.3381469412225764e-07, ""703"": -1.0009912340997693e-06, ""704"": 3.3381469412225764e-07, ""705"": -6.669934934784712e-07, ""706"": 3.343111594085203e-07, ""707"": -3.3333101787144197e-07, ""708"": 6.675669392409735e-07, ""709"": 0.0, ""710"": 1.3347126512346732e-06}"
modena,0,balanced,0.0001,pooled_f1,0.017510387139745242,46,0,14,"{""40811"": 0.013508640269319028, ""41811"": 0.02560866071465149, ""42811"": 0.007016154266315156, ""43811"": 0.002049421045963207, ""44811"": 0.03018161443722913, ""45811"": 0.026697832104993435}","{""701"": 0.008804949880102534, ""702"": 0.027744082435093114, ""703"": 0.0034927183422370778, ""704"": -0.005934136015143587, ""705"": -0.012002845748571281, ""706"": 0.02121903861029582, ""707"": 0.04889432731731538, ""708"": 0.0417172156122092, ""709"": 0.025557257434277725, ""710"": 0.015611263529636432}"
modena,0,balanced,0.0001,random,-0.08472964823620296,0,0,60,"{""40811"": -0.08565978579477584, ""41811"": -0.09034493842453259, ""42811"": -0.09207662930442005, ""43811"": -0.09010337444914793, ""44811"": -0.07612925888780518, ""45811"": -0.07406390255653617}","{""701"": -0.0930102444912113, ""702"": -0.06490840456112029, ""703"": -0.1074470710502804, ""704"": -0.102146903357888, ""705"": -0.12777249289437106, ""706"": -0.07595880386888698, ""707"": -0.05152815563786323, ""708"": -0.05754472460247293, ""709"": -0.0724647700371608, ""710"": -0.09451491186077464}"
modena,0,balanced,0.0001,replay,-0.009563578038012143,1,0,59,"{""40811"": -0.008961896114520284, ""41811"": -0.0032490390440866324, ""42811"": -0.015300601264386282, ""43811"": -0.016577687442040433, ""44811"": -0.0036961639664487623, ""45811"": -0.009596080396590467}","{""701"": -0.011639150759955622, ""702"": -0.008585388224161217, ""703"": -0.008157058960439575, ""704"": -0.011330746506104475, ""705"": -0.012287596482539445, ""706"": -0.008584029029126675, ""707"": -0.00916045884708879, ""708"": -0.007113354528898071, ""709"": -0.009587174843538696, ""710"": -0.00919082219826887}"
modena,0,balanced,0.0001,drift,0.10336188051402015,60,0,0,"{""40811"": 0.1177420849725443, ""41811"": 0.08707106215443508, ""42811"": 0.12432155565103187, ""43811"": 0.06902083794190002, ""44811"": 0.12279384418800054, ""45811"": 0.09922189817620897}","{""701"": 0.09759389976715138, ""702"": 0.11122555609872713, ""703"": 0.07948938861820003, ""704"": 0.06086376649410408, ""705"": 0.06569575857595346, ""706"": 0.10983839354217091, ""707"": 0.14329628236745576, ""708"": 0.14554668160764037, ""709"": 0.10926971209430979, ""710"": 0.11079936597448842}"
modena,0,balanced,0.0001,noise,0.2661192246280136,60,0,0,"{""40811"": 0.256162398808803, ""41811"": 0.25977843991556054, ""42811"": 0.2831896124498706, ""43811"": 0.27559128479244793, ""44811"": 0.25644627180833146, ""45811"": 0.265547339993068}","{""701"": 0.2429180019644397, ""702"": 0.2627226022888493, ""703"": 0.274433664245633, ""704"": 0.20544932553984227, ""705"": 0.24681101011979686, ""706"": 0.2593867877424965, ""707"": 0.32685956110409004, ""708"": 0.2966343962763059, ""709"": 0.2714330846011148, ""710"": 0.2745438123975675}"
modena,0,balanced,0.0001,targeted,-0.06546830961034665,0,0,60,"{""40811"": -0.057657462057186804, ""41811"": -0.044880952549215744, ""42811"": -0.10128957573162434, ""43811"": -0.06748181002537262, ""44811"": -0.055429555293102985, ""45811"": -0.06607050200557744}","{""701"": -0.07316091933635403, ""702"": -0.05052833354690941, ""703"": -0.08041260516712438, ""704"": -0.07616024380672985, ""705"": -0.09988720551488788, ""706"": -0.06502445763771125, ""707"": -0.03722655981230827, ""708"": -0.040696008758773085, ""709"": -0.05662391605477211, ""710"": -0.0749628464678963}"
modena,0,balanced,0.0001,family_macro_f1,0.0419439138514944,60,0,0,"{""40811"": 0.044325067962972885, ""41811"": 0.04167491441043214, ""42811"": 0.03976887236009433, ""43811"": 0.034089850163557436, ""44811"": 0.048797027569795016, ""45811"": 0.043007750642114595}","{""701"": 0.032540317428814025, ""702"": 0.04998520641107712, ""703"": 0.03158126353719783, ""704"": 0.01533503967264486, ""705"": 0.0145118947607904, ""706"": 0.043931578149788486, ""707"": 0.07444813383485709, ""708"": 0.06736539799876046, ""709"": 0.04840538715199055, ""710"": 0.04133491956902319}"
modena,0,balanced,0.0001,worst_family_f1,0.236172480595679,60,0,0,"{""40811"": 0.23898900777316218, ""41811"": 0.2193948219780993, ""42811"": 0.25166774211373377, ""43811"": 0.27559128479244793, ""44811"": 0.17295469996813054, ""45811"": 0.2584373269485}","{""701"": 0.21971827891210863, ""702"": 0.23344632724729017, ""703"": 0.22630936309140406, ""704"": 0.17779511620961533, ""705"": 0.20287836245950272, ""706"": 0.2352044681984141, ""707"": 0.2978317153984746, ""708"": 0.2891610984819798, ""709"": 0.23506493261128317, ""710"": 0.24431514334671714}"
modena,0,balanced,0.0001,clean_fpr,-9.941820347191445e-07,27,0,33,"{""40811"": 3.39533209743245e-05, ""41811"": 9.410576569959606e-06, ""42811"": -2.093916716738588e-05, ""43811"": 1.5462478104438657e-05, ""44811"": -1.4600038781353014e-05, ""45811"": -2.9252261908298726e-05}","{""701"": 1.8968787411760377e-06, ""702"": 1.4829348161982859e-06, ""703"": 1.5280087604424792e-05, ""704"": -2.6670500482417042e-05, ""705"": -1.4407821410007998e-05, ""706"": -1.2592624094433998e-05, ""707"": 1.4032264791206957e-05, ""708"": 1.7533244620538587e-05, ""709"": -6.8860638805392376e-06, ""710"": 3.897789466621762e-07}"
modena,0,balanced,0.0001,all_negative_fpr,-1.4751575765300208e-05,24,3,33,"{""40811"": 1.0995140148054561e-05, ""41811"": 2.7105054312137612e-21, ""42811"": -1.5032831704442504e-05, ""43811"": 7.407007028649103e-06, ""44811"": -3.5451120515783764e-05, ""45811"": -5.6427649548278656e-05}","{""701"": -1.1009715818157055e-05, ""702"": -1.0011923687429164e-05, ""703"": 3.33853202159607e-06, ""704"": -4.6063101705883396e-05, ""705"": -2.7350800237239433e-05, ""706"": -2.803902045807079e-05, ""707"": 4.660600711468819e-06, ""708"": -5.820228738650402e-09, ""709"": -2.1357887860874986e-05, ""710"": -1.1676620389673505e-05}"
modena,3,balanced,0.0001,pooled_f1,-0.017467771139153845,12,0,48,"{""40811"": -0.0230653347649755, ""41811"": -0.010847439846662699, ""42811"": -0.023642724246511915, ""43811"": -0.02917905169846662, ""44811"": -0.0027064641682886803, ""45811"": -0.015365612110017668}","{""701"": -0.028501288569758292, ""702"": -0.007571338055954909, ""703"": -0.02666933299414533, ""704"": -0.037138410689367775, ""705"": -0.05393600446072847, ""706"": -0.0035721442597099937, ""707"": 0.01427200684453885, ""708"": -0.0041186352798739945, ""709"": -0.00675192958722598, ""710"": -0.020690634339312564}"
modena,3,balanced,0.0001,random,-0.10716148809808433,0,0,60,"{""40811"": -0.11065720592839796, ""41811"": -0.10802474249522169, ""42811"": -0.10874617204510076, ""43811"": -0.11674882161805038, ""44811"": -0.09339351175415686, ""45811"": -0.10539847474757842}","{""701"": -0.11615849931349125, ""702"": -0.08297843921793258, ""703"": -0.12472439601376083, ""704"": -0.11806066254341328, ""705"": -0.15547410793412056, ""706"": -0.09106801853033863, ""707"": -0.0766370024102885, ""708"": -0.09430693485498597, ""709"": -0.09408733974641502, ""710"": -0.11811948041609688}"
modena,3,balanced,0.0001,replay,-0.004784476113163642,14,0,46,"{""40811"": -0.005008535117457325, ""41811"": 0.002537270079927323, ""42811"": -0.007711840329513197, ""43811"": -0.010082640664588827, ""44811"": -0.001203774311796646, ""45811"": -0.0072373363355531795}","{""701"": -0.001782641945315781, ""702"": -0.004513221049599077, ""703"": -0.003513749304890993, ""704"": -0.0021823015188957573, ""705"": -0.010953550718241648, ""706"": -0.0020492553296134384, ""707"": -0.00932756692826664, ""708"": -0.002383883887392376, ""709"": -0.006682739210864467, ""710"": -0.004455851238556241}"
modena,3,balanced,0.0001,drift,0.0314343209796903,49,0,11,"{""40811"": 0.04055550777276064, ""41811"": 0.024467511428359078, ""42811"": 0.04298394729503402, ""43811"": 0.009511202112562133, ""44811"": 0.03986433976533412, ""45811"": 0.0312234175040918}","{""701"": 0.021202123749323582, ""702"": 0.03164925712162472, ""703"": 0.01819783281951794, ""704"": -0.009114810452140723, ""705"": -0.015266331398275268, ""706"": 0.05258107115958627, ""707"": 0.07138398639496779, ""708"": 0.06606006341879488, ""709"": 0.04113503331126476, ""710"": 0.03651498367223904}"
modena,3,balanced,0.0001,noise,0.18585297900676928,60,0,0,"{""40811"": 0.1774113295507081, ""41811"": 0.16986767743793374, ""42811"": 0.2168638300149761, ""43811"": 0.20801504466792045, ""44811"": 0.17541284570922033, ""45811"": 0.16754714665985707}","{""701"": 0.14916486160472966, ""702"": 0.1735838466115891, ""703"": 0.1924566265348493, ""704"": 0.12558192745535732, ""705"": 0.15519588379172236, ""706"": 0.20269428387646396, ""707"": 0.2566871630708474, ""708"": 0.20410302804820316, ""709"": 0.20158127416470753, ""710"": 0.1974808949092232}"
modena,3,balanced,0.0001,targeted,-0.08549614548563143,0,0,60,"{""40811"": -0.0803769855890877, ""41811"": -0.07451847539795173, ""42811"": -0.1202087684384211, ""43811"": -0.08540625665931095, ""44811"": -0.06613012371020074, ""45811"": -0.08633626311881656}","{""701"": -0.09271040651920277, ""702"": -0.06584440889899838, ""703"": -0.09729909642093522, ""704"": -0.08965407141811449, ""705"": -0.1258280212794706, ""706"": -0.07734206363028447, ""707"": -0.05837553119343982, ""708"": -0.07587453368009063, ""709"": -0.07574224268075934, ""710"": -0.09629107913501893}"
modena,3,balanced,0.0001,family_macro_f1,0.003969038057916061,37,0,23,"{""40811"": 0.004384822137705158, ""41811"": 0.0028658482106093675, ""42811"": 0.004636199299395049, ""43811"": 0.0010577055677065904, ""44811"": 0.010909955139680039, ""45811"": -4.030200759983504e-05}","{""701"": -0.00805691248479129, ""702"": 0.010379406913336811, ""703"": -0.002976556477043905, ""704"": -0.018685983695441295, ""705"": -0.030465225507677107, ""706"": 0.016963203509162805, ""707"": 0.03674620978676405, ""708"": 0.01951954780890584, ""709"": 0.013240797167586674, ""710"": 0.003025893558358028}"
modena,3,balanced,0.0001,worst_family_f1,0.15590623497443465,60,0,0,"{""40811"": 0.16023793851506732, ""41811"": 0.12948405950047254, ""42811"": 0.18534195967883932, ""43811"": 0.20801504466792045, ""44811"": 0.09192127386901941, ""45811"": 0.16043713361528908}","{""701"": 0.1259651385523986, ""702"": 0.1443075715700299, ""703"": 0.14433232538062035, ""704"": 0.09792771812513039, ""705"": 0.11126323613142823, ""706"": 0.1785119643323816, ""707"": 0.22765931736523193, ""708"": 0.1966297302538771, ""709"": 0.1652131221748759, ""710"": 0.16725222585837285}"
modena,3,balanced,0.0001,clean_fpr,-4.156013881421905e-06,26,2,32,"{""40811"": 3.214247718902719e-05, ""41811"": 5.9676827029012115e-06, ""42811"": -3.7098741829172814e-05, ""43811"": 9.462113466895299e-06, ""44811"": -7.300019390676506e-06, ""45811"": -2.8109595427505808e-05}","{""701"": -3.088045514488594e-06, ""702"": 3.866935972636456e-07, ""703"": 4.223487940999806e-06, ""704"": -2.056620194316669e-05, ""705"": -1.2147211854751242e-05, ""706"": -1.7544072097619247e-05, ""707"": 5.661917500275013e-06, ""708"": 8.76350653145206e-06, ""709"": -1.2993590471579727e-05, ""710"": 5.743377497395932e-06}"
modena,3,balanced,0.0001,all_negative_fpr,-2.9100637313139626e-05,10,2,48,"{""40811"": 4.398056059221825e-06, ""41811"": -2.1396533761530634e-05, ""42811"": -5.251469208751914e-05, ""43811"": -1.0610037095091954e-05, ""44811"": -3.605198696520383e-05, ""45811"": -5.842863002871407e-05}","{""701"": -3.3365381974493414e-05, ""702"": -2.2697393074467513e-05, ""703"": -2.0691378258242527e-05, ""704"": -5.406470697029625e-05, ""705"": -3.23559033536398e-05, ""706"": -4.505597722668746e-05, ""707"": -1.0365551189255159e-05, ""708"": -2.0016418568321953e-05, ""709"": -3.604159764888305e-05, ""710"": -1.63520648671092e-05}"
modena,0,balanced,0.00025,pooled_f1,0.04253137785463232,60,0,0,"{""40811"": 0.04233130776410913, ""41811"": 0.04188435347067203, ""42811"": 0.038598533702036454, ""43811"": 0.036143198489978004, ""44811"": 0.046654699049611434, ""45811"": 0.04957617465138682}","{""701"": 0.04181748256358647, ""702"": 0.041975348979212866, ""703"": 0.04007378950107834, ""704"": 0.034453591787871087, ""705"": 0.030749529632651002, ""706"": 0.04726864704811251, ""707"": 0.05086295785528908, ""708"": 0.050201771960407794, ""709"": 0.046515679073312464, ""710"": 0.041394980144801495}"
modena,0,balanced,0.00025,random,-0.03430449080570848,0,0,60,"{""40811"": -0.034537831520675064, ""41811"": -0.038037944529654054, ""42811"": -0.03876075936315247, ""43811"": -0.036026177908044056, ""44811"": -0.03465703262666912, ""45811"": -0.023807198886056112}","{""701"": -0.029388094389393216, ""702"": -0.02989033440171877, ""703"": -0.04382467027086726, ""704"": -0.0415812583817898, ""705"": -0.05295611534579255, ""706"": -0.03001688571717409, ""707"": -0.02552518204039217, ""708"": -0.02412845699723354, ""709"": -0.028367920769378812, ""710"": -0.037365989743344596}"
modena,0,balanced,0.00025,replay,0.0010196569888349918,37,0,23,"{""40811"": 0.0023566252924414723, ""41811"": 0.006625604755255166, ""42811"": -0.00515966818285396, ""43811"": -0.011146182961145302, ""44811"": 0.006069375691901202, ""45811"": 0.007372187337411374}","{""701"": -0.0003771294628617065, ""702"": 0.0028873430349422393, ""703"": 0.0012515010843159498, ""704"": 0.0045561854929299095, ""705"": -0.0014096648347252845, ""706"": 0.005825258136397708, ""707"": -0.0016329276098427752, ""708"": -0.0013854141750231548, ""709"": -0.0004160478206558145, ""710"": 0.0008974660428728484}"
modena,0,balanced,0.00025,drift,0.11623701860846504,60,0,0,"{""40811"": 0.1360102515677689, ""41811"": 0.10321986189911439, ""42811"": 0.12528352270541243, ""43811"": 0.09928216144766243, ""44811"": 0.11832503589376478, ""45811"": 0.11530127813706725}","{""701"": 0.1152115860889592, ""702"": 0.10940630017429642, ""703"": 0.11557033939149162, ""704"": 0.10047576494717385, ""705"": 0.1045910097567041, ""706"": 0.11746069661093789, ""707"": 0.12321211548303913, ""708"": 0.13621626873803383, ""709"": 0.11976172285920329, ""710"": 0.12046438203481095}"
modena,0,balanced,0.00025,noise,0.24248294032622011,60,0,0,"{""40811"": 0.23796575545562915, ""41811"": 0.23098596162485663, ""42811"": 0.25056766870231456, ""43811"": 0.27944377158099987, ""44811"": 0.22524806784873214, ""45811"": 0.23068641674478832}","{""701"": 0.2397917378929828, ""702"": 0.22159345627282653, ""703"": 0.2600524895925946, ""704"": 0.21412241605791338, ""705"": 0.23429679883969665, ""706"": 0.23695389603635553, ""707"": 0.25822544799914476, ""708"": 0.26392910741277326, ""709"": 0.2437915326531476, ""710"": 0.25207252050476575}"
modena,0,balanced,0.00025,targeted,-0.02586554687093736,0,0,60,"{""40811"": -0.01484883345186514, ""41811"": -0.022972007536421212, ""42811"": -0.03515040887591413, ""43811"": -0.029836998427056137, ""44811"": -0.019759462176902897, ""45811"": -0.03262557075746466}","{""701"": -0.025527088180541963, ""702"": -0.020793160208096795, ""703"": -0.033524504408663815, ""704"": -0.03174446801204034, ""705"": -0.04126244206614362, ""706"": -0.018581755178291692, ""707"": -0.015179327932950312, ""708"": -0.02227419046199804, ""709"": -0.019025635952483817, ""710"": -0.030742896308163237}"
modena,0,balanced,0.00025,family_macro_f1,0.05991391564937487,60,0,0,"{""40811"": 0.06538919346865982, ""41811"": 0.05596429524263018, ""42811"": 0.05935607099716132, ""43811"": 0.060343314746483426, ""44811"": 0.059045196926165264, ""45811"": 0.05938542251514922}","{""701"": 0.05994220238982904, ""702"": 0.05664072097444991, ""703"": 0.059905031077774264, ""704"": 0.04916572802083741, ""705"": 0.04865191726994783, ""706"": 0.06232824197764514, ""707"": 0.06782002517979979, ""708"": 0.07047146290331041, ""709"": 0.06314873019396655, ""710"": 0.06106509650618839}"
modena,0,balanced,0.00025,worst_family_f1,0.21286275108143798,60,0,0,"{""40811"": 0.21743230459793153, ""41811"": 0.20100364119053382, ""42811"": 0.21302682898446634, ""43811"": 0.27944377158099987, ""44811"": 0.14452857070891056, ""45811"": 0.22174138942578575}","{""701"": 0.21020233379340547, ""702"": 0.1924009012735588, ""703"": 0.22266001729968146, ""704"": 0.18083984575564505, ""705"": 0.2005233036845934, ""706"": 0.20837936954551836, ""707"": 0.2310856892955231, ""708"": 0.24974841067268505, ""709"": 0.21171477976241015, ""710"": 0.221072859731359}"
modena,0,balanced,0.00025,clean_fpr,7.66590024571275e-06,34,0,26,"{""40811"": 5.00245595688381e-05, ""41811"": 3.993756885787735e-05, ""42811"": -3.505034504105898e-05, ""43811"": 2.1693625997272144e-05, ""44811"": -7.5281449966351546e-06, ""45811"": -2.3081862912016952e-05}","{""701"": 3.3838878307915476e-05, ""702"": -9.475942932580088e-06, ""703"": 1.6156951435799587e-05, ""704"": -1.9411924953436605e-05, ""705"": -2.2655318595189705e-06, ""706"": -2.054321513822514e-05, ""707"": 2.200875865513882e-06, ""708"": 3.844012677408742e-05, ""709"": 6.784951803439959e-06, ""710"": 3.0933833154131985e-05}"
modena,0,balanced,0.00025,all_negative_fpr,-3.6510366440229684e-06,28,0,32,"{""40811"": 2.139054537894251e-05, ""41811"": 3.799384499711048e-05, ""42811"": -2.1045964386219515e-05, ""43811"": 7.807385786954459e-06, ""44811"": -1.9628304014388746e-05, ""45811"": -4.8423727626537e-05}","{""701"": 3.068897455840619e-05, ""702"": -1.43613879121272e-05, ""703"": 4.330365823896601e-06, ""704"": -3.9389732363940304e-05, ""705"": -2.0361772477706828e-05, ""706"": -3.470772839782822e-05, ""707"": -3.6044381947837774e-07, ""708"": 1.0656223958937009e-05, ""709"": 3.989431408838264e-06, ""710"": 2.300570278077318e-05}"
modena,3,balanced,0.00025,pooled_f1,0.014959926774948534,58,0,2,"{""40811"": 0.013652493663298538, ""41811"": 0.01351741337701976, ""42811"": 0.013268764780621011, ""43811"": 0.013790815943656465, ""44811"": 0.019665824695119495, ""45811"": 0.01586424818997594}","{""701"": 0.016081809100338667, ""702"": 0.014033946918720452, ""703"": 0.014502481955068017, ""704"": 0.008320392055392053, ""705"": 0.0006604572734612754, ""706"": 0.02265270584929931, ""707"": 0.01956935973016664, ""708"": 0.022043310911333287, ""709"": 0.01940346478355759, ""710"": 0.012331339172148051}"
modena,3,balanced,0.00025,random,-0.04455861867204248,0,0,60,"{""40811"": -0.04634685330361652, ""41811"": -0.048229500304890274, ""42811"": -0.04571967785847088, ""43811"": -0.049831838327991776, ""44811"": -0.03908529208721897, ""45811"": -0.038138550150066494}","{""701"": -0.038604540061194924, ""702"": -0.037982355680948286, ""703"": -0.05424089559836955, ""704"": -0.049094729403851234, ""705"": -0.06250663896491415, ""706"": -0.04097227431418099, ""707"": -0.03722776934645707, ""708"": -0.039200980108710794, ""709"": -0.03768186666189418, ""710"": -0.04807413657990367}"
modena,3,balanced,0.00025,replay,0.022509886713673963,58,0,2,"{""40811"": 0.015042971551811701, ""41811"": 0.0294009164220295, ""42811"": 0.02397635439133966, ""43811"": 0.01628473086994029, ""44811"": 0.018126684557304727, ""45811"": 0.03222766248961789}","{""701"": 0.034789652244581824, ""702"": 0.022557340103933416, ""703"": 0.02642598681359141, ""704"": 0.023038385942927325, ""705"": 0.005462543603792484, ""706"": 0.0439411863677547, ""707"": 0.006339472066413702, ""708"": 0.0317410408678947, ""709"": 0.017721171048057704, ""710"": 0.013082088077792356}"
modena,3,balanced,0.00025,drift,0.046126634731977624,60,0,0,"{""40811"": 0.05590931198454169, ""41811"": 0.045652024349594846, ""42811"": 0.04582324598833026, ""43811"": 0.04409039835578608, ""44811"": 0.0419770811658278, ""45811"": 0.043307746547785075}","{""701"": 0.040885843128285505, ""702"": 0.0366765085662912, ""703"": 0.05213796857314229, ""704"": 0.033213892346403595, ""705"": 0.03380914668863124, ""706"": 0.051067693987706976, ""707"": 0.043750444873542016, ""708"": 0.07228797464448117, ""709"": 0.048491885180640903, ""710"": 0.048944989330651355}"
modena,3,balanced,0.00025,noise,0.15903071143603015,60,0,0,"{""40811"": 0.158866297533482, ""41811"": 0.13641499095457688, ""42811"": 0.1692483071653756, ""43811"": 0.19996694390208253, ""44811"": 0.1482829372335579, ""45811"": 0.14140479182710589}","{""701"": 0.1536561593637139, ""702"": 0.14372733464916884, ""703"": 0.17423040602085535, ""704"": 0.14010495013318255, ""705"": 0.1507027023263109, ""706"": 0.16173309704736658, ""707"": 0.16511594598763993, ""708"": 0.17157329901170337, ""709"": 0.16481768419929518, ""710"": 0.1646455356210648}"
modena,3,balanced,0.00025,targeted,-0.035556985042852214,0,0,60,"{""40811"": -0.025904803727889437, ""41811"": -0.037098847755898924, ""42811"": -0.04393769235058857, ""43811"": -0.03655178033402873, ""44811"": -0.0267281983412458, ""45811"": -0.04312058774746178}","{""701"": -0.0335575491785652, ""702"": -0.029810173570091008, ""703"": -0.043628191522094274, ""704"": -0.040130596984383905, ""705"": -0.05136326615395712, ""706"": -0.028759742993522703, ""707"": -0.02600779352997405, ""708"": -0.035474983874619094, ""709"": -0.026985358727087533, ""710"": -0.03985219389422717}"
modena,3,balanced,0.00025,family_macro_f1,0.02951032583335742,60,0,0,"{""40811"": 0.03151338480766589, ""41811"": 0.02522791673308241, ""42811"": 0.029878107467197268, ""43811"": 0.034791690893157715, ""44811"": 0.028514642505645095, ""45811"": 0.027136212593396138}","{""701"": 0.03143391309936424, ""702"": 0.02703373081367083, ""703"": 0.030985054857425105, ""704"": 0.0214263804068557, ""705"": 0.015220897499972666, ""706"": 0.03740199201902491, ""707"": 0.030394060010232926, ""708"": 0.04018527010814982, ""709"": 0.03327270300780242, ""710"": 0.02774925651107557}"
modena,3,balanced,0.00025,worst_family_f1,0.12941052219124802,60,0,0,"{""40811"": 0.13833284667578444, ""41811"": 0.1064326705202541, ""42811"": 0.13170746744752737, ""43811"": 0.19996694390208253, ""44811"": 0.06756344009373634, ""45811"": 0.13245976450810334}","{""701"": 0.12406675526413657, ""702"": 0.11453477964990112, ""703"": 0.13683793372794217, ""704"": 0.10682237983091426, ""705"": 0.11692920717120768, ""706"": 0.1331585705565294, ""707"": 0.13797618728401825, ""708"": 0.15739260227161508, ""709"": 0.13274093130855769, ""710"": 0.13364587484765794}"
modena,3,balanced,0.00025,clean_fpr,3.849247082618954e-06,32,0,28,"{""40811"": 3.82540749644056e-05, ""41811"": 3.6265148733015066e-05, ""42811"": -4.5519928624751926e-05, ""43811"": 4.154098595222325e-06, ""44811"": 1.3687536357518395e-06, ""45811"": -1.142666480792918e-05}","{""701"": 1.7105954764373864e-05, ""702"": 3.790727841857027e-06, ""703"": -2.7133643373446176e-07, ""704"": -9.955666516464837e-06, ""705"": 6.169758817014912e-06, ""706"": -1.6741928987335718e-05, ""707"": -2.2580091431276484e-05, ""708"": 2.816144122882902e-05, ""709"": 8.300273312455018e-06, ""710"": 2.4513338230471202e-05}"
modena,3,balanced,0.00025,all_negative_fpr,-3.958075973668293e-05,11,1,48,"{""40811"": -5.597525893555051e-06, ""41811"": -6.798898578430299e-06, ""42811"": -7.015321462073169e-05, ""43811"": -5.2449617338001755e-05, ""44811"": -3.685314223109724e-05, ""45811"": -6.563215975828155e-05}","{""701"": -3.802358634130989e-05, ""702"": -3.1037878340874453e-05, ""703"": -4.772017722276525e-05, ""704"": -5.640330255125161e-05, ""705"": -2.6034216178844667e-05, ""706"": -8.775767646823477e-05, ""707"": -3.605515086789374e-05, ""708"": -4.472494398248815e-05, ""709"": -2.20378690738746e-05, ""710"": -6.01279633929218e-06}"
modena,0,balanced,0.0005,pooled_f1,0.04562569312415361,60,0,0,"{""40811"": 0.04635582748417921, ""41811"": 0.03634476840369889, ""42811"": 0.04348455669997629, ""43811"": 0.045838913963544815, ""44811"": 0.04989116523094507, ""45811"": 0.051838926962577324}","{""701"": 0.04257434655889799, ""702"": 0.043806294844239424, ""703"": 0.045352616173743476, ""704"": 0.04320120250533083, ""705"": 0.04075350251743476, ""706"": 0.049056467364780344, ""707"": 0.04967440471807716, ""708"": 0.04977713494540389, ""709"": 0.04780467237539623, ""710"": 0.04425628923823192}"
modena,0,balanced,0.0005,random,-0.018967855666788037,0,0,60,"{""40811"": -0.014555961150516128, ""41811"": -0.01818276845593515, ""42811"": -0.021124682525173723, ""43811"": -0.021412584916566158, ""44811"": -0.026743149013115065, ""45811"": -0.011787987939421984}","{""701"": -0.0170727400104335, ""702"": -0.01742081838198878, ""703"": -0.022433560697529775, ""704"": -0.022314479445684154, ""705"": -0.023288003976470795, ""706"": -0.016588104968768797, ""707"": -0.017671857386173717, ""708"": -0.014812188895347375, ""709"": -0.016298760298398645, ""710"": -0.021778042607084807}"
modena,0,balanced,0.0005,replay,0.012048119383976224,52,0,8,"{""40811"": 0.004160168295758571, ""41811"": 0.020985592249652973, ""42811"": 0.006716142119424995, ""43811"": 0.004767455913233432, ""44811"": 0.014246628148950335, ""45811"": 0.02141272957683703}","{""701"": 0.008202737002522442, ""702"": 0.015517949830685107, ""703"": 0.014204118430311349, ""704"": 0.014110386096441848, ""705"": 0.00726022108248466, ""706"": 0.020533673655225015, ""707"": 0.006722824672465748, ""708"": 0.01162885296967986, ""709"": 0.010607656362382423, ""710"": 0.011692773737563777}"
modena,0,balanced,0.0005,drift,0.1085590859409472,60,0,0,"{""40811"": 0.1320224640527687, ""41811"": 0.0977682222342415, ""42811"": 0.10679756740015449, ""43811"": 0.09721651195030294, ""44811"": 0.11147306684545603, ""45811"": 0.10607668316275962}","{""701"": 0.10616241354534944, ""702"": 0.10297689622101419, ""703"": 0.1106834371919409, ""704"": 0.10353778658143963, ""705"": 0.10572703803937938, ""706"": 0.10607356591435835, ""707"": 0.10849561500250843, ""708"": 0.12264460213558333, ""709"": 0.10941071362085349, ""710"": 0.10987879115704502}"
modena,0,balanced,0.0005,noise,0.1896248815400225,60,0,0,"{""40811"": 0.19729181531838189, ""41811"": 0.15238414403472864, ""42811"": 0.1970139085137395, ""43811"": 0.23756905173416393, ""44811"": 0.1779881464318438, ""45811"": 0.17550222320727746}","{""701"": 0.18614116417516446, ""702"": 0.1727880554730282, ""703"": 0.19799426528587152, ""704"": 0.1816326720244048, ""705"": 0.1868170662898648, ""706"": 0.18972194580226373, ""707"": 0.1885138517662794, ""708"": 0.20354208830518752, ""709"": 0.19045656028995728, ""710"": 0.19864114598820362}"
modena,0,balanced,0.0005,targeted,-0.009623912856294721,2,0,58,"{""40811"": -0.005247081673132814, ""41811"": -0.016452060897952436, ""42811"": -0.010497698164127179, ""43811"": -0.005744539457757969, ""44811"": -0.00605801355184511, ""45811"": -0.013744083392952822}","{""701"": -0.010601789729014785, ""702"": -0.009232667490453575, ""703"": -0.012306717787297103, ""704"": -0.01264942346183697, ""705"": -0.013444636680743841, ""706"": -0.00869068592252964, ""707"": -0.005878294665752885, ""708"": -0.005622941890025064, ""709"": -0.007820683282801721, ""710"": -0.009991287652491632}"
modena,0,balanced,0.0005,family_macro_f1,0.05632806366837261,60,0,0,"{""40811"": 0.06273428096865198, ""41811"": 0.047300625832947085, ""42811"": 0.05578104746880359, ""43811"": 0.06247917904467522, ""44811"": 0.05418133577225796, ""45811"": 0.05549191292289988}","{""701"": 0.05456635699671756, ""702"": 0.052925883130456965, ""703"": 0.05762830848465933, ""704"": 0.052863388358953024, ""705"": 0.05261433695090286, ""706"": 0.058210078896109685, ""707"": 0.056036427877865426, ""708"": 0.06347608252501565, ""709"": 0.05727109733839849, ""710"": 0.0576886761246472}"
modena,0,balanced,0.0005,worst_family_f1,0.16380671527903884,60,0,0,"{""40811"": 0.16894814586785317, ""41811"": 0.14125377030306438, ""42811"": 0.15742223068862055, ""43811"": 0.23756905173416393, ""44811"": 0.11216037009834165, ""45811"": 0.1654867229821894}","{""701"": 0.1601512429580285, ""702"": 0.1497261188670356, ""703"": 0.17017688412196494, ""704"": 0.1515549461313939, ""705"": 0.1566848395785728, ""706"": 0.164234829226757, ""707"": 0.16463991711234624, ""708"": 0.18878648618238145, ""709"": 0.1625337583335894, ""710"": 0.16957813027831872}"
modena,0,balanced,0.0005,clean_fpr,-2.9033151612058724e-05,21,1,38,"{""40811"": 3.870678591072993e-05, ""41811"": 3.856041131105398e-05, ""42811"": -7.055588936836548e-05, ""43811"": -2.8617123655976027e-05, ""44811"": -7.756270602593787e-05, ""45811"": -7.47303878438569e-05}","{""701"": 5.252239815803479e-06, ""702"": -4.179862073864992e-05, ""703"": -1.8639222986027293e-05, ""704"": -4.031986186363537e-05, ""705"": -7.575676925953414e-06, ""706"": -6.74731955417905e-05, ""707"": -8.775494488760939e-05, ""708"": 7.5971184284589724e-06, ""709"": -4.654705650449642e-05, ""710"": 6.927705083312542e-06}"
modena,0,balanced,0.0005,all_negative_fpr,-2.237097116850721e-05,25,0,35,"{""40811"": 1.4393638011998714e-05, ""41811"": 3.879371541810224e-05, ""42811"": -3.267135423765505e-05, ""43811"": -2.682537680645894e-05, ""44811"": -5.6481446245485995e-05, ""45811"": -7.143500315154425e-05}","{""701"": 3.0371084532822827e-05, ""702"": -4.104451453815685e-05, ""703"": -7.337055763707464e-06, ""704"": -2.571854362497934e-05, ""705"": 2.9836985961581935e-06, ""706"": -8.277505761598404e-05, ""707"": -8.24388091025951e-05, ""708"": -1.504362330994586e-05, ""709"": -3.104267384806676e-05, ""710"": 2.8335782989382253e-05}"
modena,3,balanced,0.0005,pooled_f1,0.022425657536042216,60,0,0,"{""40811"": 0.022636457340515437, ""41811"": 0.01463906336141737, ""42811"": 0.020688564473326298, ""43811"": 0.028009894544693305, ""44811"": 0.027054022035412618, ""45811"": 0.021525943460888243}","{""701"": 0.022171795614793304, ""702"": 0.02113485759179151, ""703"": 0.023561263843067132, ""704"": 0.01960773913463985, ""705"": 0.015661889256019506, ""706"": 0.02835151280074133, ""707"": 0.02321625067234793, ""708"": 0.028994524296946322, ""709"": 0.02248972459398783, ""710"": 0.0190670175560874}"
modena,3,balanced,0.0005,random,-0.025718221897902575,0,0,60,"{""40811"": -0.024189170739806108, ""41811"": -0.024441891369048875, ""42811"": -0.02605848579213036, ""43811"": -0.030268060296928512, ""44811"": -0.02651775364724892, ""45811"": -0.022833969542252676}","{""701"": -0.02145103130232573, ""702"": -0.024138388847713316, ""703"": -0.030397990891434135, ""704"": -0.029132105420430376, ""705"": -0.03128210451331944, ""706"": -0.0243205658485454, ""707"": -0.024163352321319997, ""708"": -0.02012759512406877, ""709"": -0.023349932775335536, ""710"": -0.02881915193453305}"
modena,3,balanced,0.0005,replay,0.052854912876100134,60,0,0,"{""40811"": 0.03357335304754013, ""41811"": 0.06000383259089361, ""42811"": 0.05511522156426103, ""43811"": 0.057699452512359375, ""44811"": 0.04651400258617759, ""45811"": 0.06422361495536909}","{""701"": 0.0640109524139897, ""702"": 0.053793075260251656, ""703"": 0.0613664501153244, ""704"": 0.05297822657779009, ""705"": 0.032483742426674324, ""706"": 0.07630928599850602, ""707"": 0.029605510896080933, ""708"": 0.07602144661153519, ""709"": 0.039065963142608164, ""710"": 0.042914475318240906}"
modena,3,balanced,0.0005,drift,0.03850770478605623,60,0,0,"{""40811"": 0.04836558976310525, ""41811"": 0.0392835342314089, ""42811"": 0.03307433851863005, ""43811"": 0.04327816815991877, ""44811"": 0.03430553746715322, ""45811"": 0.03273906057612118}","{""701"": 0.03435084943451131, ""702"": 0.030015326910615796, ""703"": 0.047379297381878925, ""704"": 0.03233575431738598, ""705"": 0.03240241935906013, ""706"": 0.038293223339414616, ""707"": 0.0346403378070629, ""708"": 0.056630388572053846, ""709"": 0.040813107903847644, ""710"": 0.038216342834731167}"
modena,3,balanced,0.0005,noise,0.12189703191181295,60,0,0,"{""40811"": 0.13406286297353387, ""41811"": 0.08924254501996999, ""42811"": 0.1243949156780831, ""43811"": 0.16239709548513223, ""44811"": 0.11668244855632434, ""45811"": 0.10460232375783422}","{""701"": 0.1227234370921788, ""702"": 0.10838905925959308, ""703"": 0.13602315414687585, ""704"": 0.11228350505778273, ""705"": 0.11652322349383963, ""706"": 0.1217385958202365, ""707"": 0.12188721374973334, ""708"": 0.13060317313718547, ""709"": 0.12043076456908502, ""710"": 0.12836819279161918}"
modena,3,balanced,0.0005,targeted,-0.0167802438140762,0,0,60,"{""40811"": -0.012718601854579204, ""41811"": -0.0237450094126045, ""42811"": -0.017780942755944586, ""43811"": -0.012584886848909183, ""44811"": -0.012347701190942273, ""45811"": -0.021504320821477442}","{""701"": -0.015747958927455324, ""702"": -0.016086108963582257, ""703"": -0.01902657515541234, ""704"": -0.02007423851567941, ""705"": -0.020414679901506805, ""706"": -0.01680816554852325, ""707"": -0.015725359068389472, ""708"": -0.012805728066990188, ""709"": -0.014058831906021715, ""710"": -0.017054792087201214}"
modena,3,balanced,0.0005,family_macro_f1,0.03415223677239809,60,0,0,"{""40811"": 0.03581880663795876, ""41811"": 0.028068602212123796, ""42811"": 0.03374900944257986, ""43811"": 0.04410435380231448, ""44811"": 0.031727306754292826, ""45811"": 0.03144534178511886}","{""701"": 0.03677724974217974, ""702"": 0.030394592723832953, ""703"": 0.039068867119446515, ""704"": 0.029678228403369773, ""705"": 0.025942520172949585, ""706"": 0.03904247475221769, ""707"": 0.02924887021263356, ""708"": 0.04606433702594307, ""709"": 0.032580214186836674, ""710"": 0.0327250133845714}"
modena,3,balanced,0.0005,worst_family_f1,0.09398155806060118,60,0,0,"{""40811"": 0.10571919352300521, ""41811"": 0.07811217128830576, ""42811"": 0.08480323785296415, ""43811"": 0.16239709548513223, ""44811"": 0.03827082668145371, ""45811"": 0.09458682353274614}","{""701"": 0.0928305765476186, ""702"": 0.08192179645584308, ""703"": 0.1059820764868269, ""704"": 0.08014886030325143, ""705"": 0.08385114660466202, ""706"": 0.09499909765147763, ""707"": 0.09399246412316653, ""708"": 0.11584757101437938, ""709"": 0.09215569764613374, ""710"": 0.09808629377265264}"
modena,3,balanced,0.0005,clean_fpr,-1.260608488395513e-05,26,0,34,"{""40811"": 2.1956480896729838e-05, ""41811"": 7.459603378626514e-05, ""42811"": -5.303071684783598e-05, ""43811"": -4.1079419441642996e-05, ""44811"": -4.448449316193496e-05, ""45811"": -3.359439453531182e-05}","{""701"": 2.8476726269855704e-05, ""702"": -3.952956957777451e-05, ""703"": 1.646531030656508e-05, ""704"": -3.4328035232097344e-05, ""705"": -9.061359007587073e-06, ""706"": -6.287343837429077e-05, ""707"": -6.942527080914988e-05, ""708"": 3.648607943703133e-05, ""709"": -1.7118053340117897e-05, ""710"": 2.4846761488014066e-05}"
modena,3,balanced,0.0005,all_negative_fpr,-6.023529438091333e-05,7,2,51,"{""40811"": -3.258559716605259e-05, ""41811"": 1.7197214051323675e-05, ""42811"": -7.095496564496861e-05, ""43811"": -0.00011450832487533208, ""44811"": -8.55233246341224e-05, ""45811"": -7.503676801632799e-05}","{""701"": -2.801145783637566e-05, ""702"": -8.542374926515682e-05, ""703"": -3.7029341381905716e-05, ""704"": -6.707278038276076e-05, ""705"": -2.1702305787317576e-05, ""706"": -0.00015716227969598807, ""707"": -9.077833703780083e-05, ""708"": -8.376377582544453e-05, ""709"": -3.7718299941370325e-05, ""710"": 6.30938334498698e-06}"
modena,0,balanced,0.001,pooled_f1,0.058471016739349416,60,0,0,"{""40811"": 0.059494203539697185, ""41811"": 0.048958748506363205, ""42811"": 0.0557852860371066, ""43811"": 0.05861902800849461, ""44811"": 0.06325237588095595, ""45811"": 0.06471645846347895}","{""701"": 0.06252941916995504, ""702"": 0.045526935791305345, ""703"": 0.0636105157809736, ""704"": 0.06792283974701017, ""705"": 0.0563450452814542, ""706"": 0.05898219819813083, ""707"": 0.05540067258040334, ""708"": 0.048895724241131755, ""709"": 0.06100229323741899, ""710"": 0.06449452336571089}"
modena,0,balanced,0.001,random,-0.013232784278459048,3,0,57,"{""40811"": -0.010036458284003836, ""41811"": -0.010422361930989398, ""42811"": -0.016750808347522416, ""43811"": -0.01773558961166428, ""44811"": -0.020764482670462416, ""45811"": -0.003687004826111939}","{""701"": -0.014686696559650677, ""702"": -0.007272063397210445, ""703"": -0.02134771010417184, ""704"": -0.019350777484528087, ""705"": -0.015712475293113426, ""706"": -0.00840078563090115, ""707"": -0.008404418103875247, ""708"": -0.004367265739769625, ""709"": -0.010626399936367492, ""710"": -0.02215925053500249}"
modena,0,balanced,0.001,replay,0.037228822002573186,60,0,0,"{""40811"": 0.03935523273632926, ""41811"": 0.03934596183727114, ""42811"": 0.03183522837583708, ""43811"": 0.031289561329659155, ""44811"": 0.0353474649402666, ""45811"": 0.0461994827960759}","{""701"": 0.03555994834149795, ""702"": 0.03123948686814848, ""703"": 0.05408958956279658, ""704"": 0.049623018702220134, ""705"": 0.030229695463499923, ""706"": 0.0483554373424974, ""707"": 0.01843217323747622, ""708"": 0.03332385043799602, ""709"": 0.032310653967871326, ""710"": 0.03912436610172785}"
modena,0,balanced,0.001,drift,0.09648148086070442,60,0,0,"{""40811"": 0.1163454114803653, ""41811"": 0.09315043730481601, ""42811"": 0.09032365745167217, ""43811"": 0.08419177122099158, ""44811"": 0.10096200650277151, ""45811"": 0.09391560120360991}","{""701"": 0.09112707719121522, ""702"": 0.10224421824638524, ""703"": 0.09360439855036219, ""704"": 0.08803009557299325, ""705"": 0.09138425652414724, ""706"": 0.10148308689993045, ""707"": 0.09934445585758293, ""708"": 0.11731041656052689, ""709"": 0.09215478892669487, ""710"": 0.08813201427720584}"
modena,0,balanced,0.001,noise,0.13471618910849376,60,0,0,"{""40811"": 0.14163684617167616, ""41811"": 0.09964229300234945, ""42811"": 0.14018404170138624, ""43811"": 0.17885095760027273, ""44811"": 0.12444259838993747, ""45811"": 0.12354039778534058}","{""701"": 0.1283699085627493, ""702"": 0.13141075458355508, ""703"": 0.1350455095728814, ""704"": 0.13170135121511808, ""705"": 0.1324663218045556, ""706"": 0.13923796432214167, ""707"": 0.1365567927404878, ""708"": 0.14471133589825055, ""709"": 0.13277197900527596, ""710"": 0.13488997337992237}"
modena,0,balanced,0.001,targeted,-0.006220267304204867,10,0,50,"{""40811"": -0.005963161455120836, ""41811"": -0.011423254175076381, ""42811"": -0.008930097911022162, ""43811"": 0.001719150686726323, ""44811"": -0.003289868370133364, ""45811"": -0.009434372600602781}","{""701"": -0.009136312709761138, ""702"": -0.003406556405261866, ""703"": -0.011363362726979723, ""704"": -0.009717077114647773, ""705"": -0.00817956833456046, ""706"": -0.004022725025543812, ""707"": -0.002197208382409425, ""708"": 0.0003308701453154465, ""709"": -0.00440038305062751, ""710"": -0.010110349437572405}"
modena,0,balanced,0.001,family_macro_f1,0.049794688077821475,60,0,0,"{""40811"": 0.05626757412984924, ""41811"": 0.04205861520767412, ""42811"": 0.047332404254070204, ""43811"": 0.05566317024519707, ""44811"": 0.04733954375847592, ""45811"": 0.050106820871662315}","{""701"": 0.046246784965210175, ""702"": 0.050843167979123284, ""703"": 0.05000568497097768, ""704"": 0.048057322178231054, ""705"": 0.046037646032905756, ""706"": 0.05533059558162486, ""707"": 0.048746359069852474, ""708"": 0.05826184146046389, ""709"": 0.0484421277825694, ""710"": 0.04597535075725621}"
modena,0,balanced,0.001,worst_family_f1,0.11829430592043592,60,0,0,"{""40811"": 0.11739994380250325, ""41811"": 0.09471077372732788, ""42811"": 0.1008965081804182, ""43811"": 0.17885095760027273, ""44811"": 0.10096200650277151, ""45811"": 0.11694564570932202}","{""701"": 0.11153105462264151, ""702"": 0.1212352204498453, ""703"": 0.11583389369448059, ""704"": 0.1098404030074124, ""705"": 0.11393113920979737, ""706"": 0.12382859285172755, ""707"": 0.12220273944408779, ""708"": 0.1368828762332864, ""709"": 0.11352637384567062, ""710"": 0.11413076584540978}"
modena,0,balanced,0.001,clean_fpr,-0.00033412701607079973,3,0,57,"{""40811"": -0.0002609878605559743, ""41811"": -0.00025110172603745866, ""42811"": -0.00037736020829919336, ""43811"": -0.0003360204197024281, ""44811"": -0.00038735727891777214, ""45811"": -0.00039193460291197125}","{""701"": -0.00044782867580540523, ""702"": -8.291255317729116e-05, ""703"": -0.00045596085998381267, ""704"": -0.0005396939802090902, ""705"": -0.00035181187943915783, ""706"": -0.0002716208357707616, ""707"": -0.0002681059185329955, ""708"": -3.192254675348147e-05, ""709"": -0.00038536605723512923, ""710"": -0.0005060468538008716}"
modena,0,balanced,0.001,all_negative_fpr,-0.0003421400201271075,2,0,58,"{""40811"": -0.0003258559716605261, ""41811"": -0.0002545587614806402, ""42811"": -0.0003535722016884877, ""43811"": -0.00035133236041295067, ""44811"": -0.0003621221801838251, ""45811"": -0.0004053986453362147}","{""701"": -0.00045567137571010137, ""702"": -7.572345838319e-05, ""703"": -0.0004890424668463483, ""704"": -0.0005594545125382906, ""705"": -0.00033294223392014007, ""706"": -0.00029823601724734484, ""707"": -0.00024822251926087674, ""708"": -5.304422943270133e-05, ""709"": -0.0003853081257625098, ""710"": -0.0005237552621695712}"
modena,3,balanced,0.001,pooled_f1,0.03730998616210861,60,0,0,"{""40811"": 0.03552295122668323, ""41811"": 0.0306061729594586, ""42811"": 0.03865298211272926, ""43811"": 0.039448622755416295, ""44811"": 0.04617342240840252, ""45811"": 0.033455765509961724}","{""701"": 0.045676561778766576, ""702"": 0.022305925426849116, ""703"": 0.04503332561519322, ""704"": 0.04359818511198741, ""705"": 0.034133948698286766, ""706"": 0.03875772529842484, ""707"": 0.030773477746189753, ""708"": 0.0310181357042759, ""709"": 0.03992312940285795, ""710"": 0.04187944683825451}"
modena,3,balanced,0.001,random,-0.02104087477186376,0,0,60,"{""40811"": -0.020538120874576703, ""41811"": -0.018694083635222025, ""42811"": -0.02149859462777458, ""43811"": -0.02691618849693427, ""44811"": -0.0243808286476754, ""45811"": -0.014217432348999581}","{""701"": -0.021751562542615732, ""702"": -0.015022860513571212, ""703"": -0.02942880422075783, ""704"": -0.02699373383361242, ""705"": -0.022565373949592533, ""706"": -0.01640730909955851, ""707"": -0.016665602624107267, ""708"": -0.011448610506669177, ""709"": -0.01914644381496881, ""710"": -0.030978446613184107}"
modena,3,balanced,0.001,replay,0.09308041719181528,60,0,0,"{""40811"": 0.07159193747767487, ""41811"": 0.10438644502706543, ""42811"": 0.09236564822734962, ""43811"": 0.10248449841458433, ""44811"": 0.08365558232338499, ""45811"": 0.10399839168083243}","{""701"": 0.11380598807150157, ""702"": 0.07888788470229847, ""703"": 0.11852086866924864, ""704"": 0.09921192587550991, ""705"": 0.06997739777517421, ""706"": 0.10556343822300324, ""707"": 0.05329097731467436, ""708"": 0.11308524865223656, ""709"": 0.0842257159909407, ""710"": 0.0942347266435651}"
modena,3,balanced,0.001,drift,0.018962327733066612,60,0,0,"{""40811"": 0.019652764190023164, ""41811"": 0.024437349428231024, ""42811"": 0.013972541497752733, ""43811"": 0.02695407001527509, ""44811"": 0.01486713573734083, ""45811"": 0.013890105529776809}","{""701"": 0.013532321246538562, ""702"": 0.018815418455821093, ""703"": 0.01747047043711551, ""704"": 0.010972660441051421, ""705"": 0.014481170248820193, ""706"": 0.024958845413367608, ""707"": 0.019385350989901556, ""708"": 0.042293192053947014, ""709"": 0.01707704020783894, ""710"": 0.010636807836264195}"
modena,3,balanced,0.001,noise,0.07602525849155865,60,0,0,"{""40811"": 0.09122546449482138, ""41811"": 0.040908762728028125, ""42811"": 0.08181038788444507, ""43811"": 0.10267224404814126, ""44811"": 0.08187606460956852, ""45811"": 0.05765862718434757}","{""701"": 0.07619319360946063, ""702"": 0.06835274352549914, ""703"": 0.07633692179121053, ""704"": 0.06844721992813019, ""705"": 0.0705836373739167, ""706"": 0.08401332748966507, ""707"": 0.07699627971437478, ""708"": 0.08489898503842415, ""709"": 0.07866248189838589, ""710"": 0.0757677945465195}"
modena,3,balanced,0.001,targeted,-0.012745879575444529,2,0,58,"{""40811"": -0.014338929988070648, ""41811"": -0.01893515148997036, ""42811"": -0.011150011744611466, ""43811"": -0.0064563181563571884, ""44811"": -0.009046244292124472, ""45811"": -0.016548621781533036}","{""701"": -0.0161768254582443, ""702"": -0.009769854555066812, ""703"": -0.017333603963603932, ""704"": -0.016216699081211094, ""705"": -0.014059987090621154, ""706"": -0.009937217412539001, ""707"": -0.00913339286755116, ""708"": -0.007074795046258908, ""709"": -0.011264244246181387, ""710"": -0.016492176033167532}"
modena,3,balanced,0.001,family_macro_f1,0.03085624981382643,60,0,0,"{""40811"": 0.029518623059974436, ""41811"": 0.026420664411626372, ""42811"": 0.031099994247432296, ""43811"": 0.03974766116494181, ""44811"": 0.029394341946098856, ""45811"": 0.02895621405288481}","{""701"": 0.03312062298532812, ""702"": 0.02825266632299611, ""703"": 0.03311317054264253, ""704"": 0.02708427466597359, ""705"": 0.023683368871539417, ""706"": 0.037638216922787605, ""707"": 0.024774722505458497, ""708"": 0.04435080403833597, ""709"": 0.029910910007203046, ""710"": 0.026633741275999396}"
modena,3,balanced,0.001,worst_family_f1,0.05646442879128557,60,0,0,"{""40811"": 0.06092700161300992, ""41811"": 0.06235187440772531, ""42811"": 0.042522854363477025, ""43811"": 0.10267224404814126, ""44811"": 0.01486713573734083, ""45811"": 0.05544546257801899}","{""701"": 0.058533228720471564, ""702"": 0.055222836032517285, ""703"": 0.05675724398594826, ""704"": 0.044579013118333954, ""705"": 0.0458791139938726, ""706"": 0.0700901271652833, ""707"": 0.0533790636795907, ""708"": 0.07668447276481218, ""709"": 0.05348528691377902, ""710"": 0.05003390153824672}"
modena,3,balanced,0.001,clean_fpr,-0.00032302413415301334,3,0,57,"{""40811"": -0.0002802280757747582, ""41811"": -0.00024283878075651854, ""42811"": -0.0003898781886710002, ""43811"": -0.00030786486255703234, ""44811"": -0.00040104481527529056, ""45811"": -0.00031629008188348}","{""701"": -0.00044936409863823457, ""702"": -7.897246074627745e-05, ""703"": -0.0004622269182022947, ""704"": -0.0004953457924164294, ""705"": -0.0003577904091091176, ""706"": -0.00025737226700542646, ""707"": -0.0002577889916664209, ""708"": -2.6177740998586187e-05, ""709"": -0.00037048542063319916, ""710"": -0.00047471724211414665}"
modena,3,balanced,0.001,all_negative_fpr,-0.00040543400357038187,0,0,60,"{""40811"": -0.0003670377693059667, ""41811"": -0.0003447441514474655, ""42811"": -0.000437154745965188, ""43811"": -0.00042980659704080067, ""44811"": -0.00046467005421818266, ""45811"": -0.00038919070344468784}","{""701"": -0.0005634335900237013, ""702"": -0.00012810811343911884, ""703"": -0.0005841191955977784, ""704"": -0.0005868170211748028, ""705"": -0.00038664612831447437, ""706"": -0.00037365020456436556, ""707"": -0.00027558834444143843, ""708"": -0.00015646759027044489, ""709"": -0.0004370449209323909, ""710"": -0.0005624649269453035}"
modena,0,balanced,0.0025,pooled_f1,0.12436683175422673,60,0,0,"{""40811"": 0.12688365962206763, ""41811"": 0.11735085512610496, ""42811"": 0.1258025865316404, ""43811"": 0.11378119010822876, ""44811"": 0.12861277626476583, ""45811"": 0.13376992287255263}","{""701"": 0.13844318176136974, ""702"": 0.08764623804029659, ""703"": 0.13915045143890667, ""704"": 0.1446233385987484, ""705"": 0.1333554942061559, ""706"": 0.10301434560091972, ""707"": 0.11019002421865275, ""708"": 0.11172270494394147, ""709"": 0.135209027324338, ""710"": 0.14031351140893786}"
modena,0,balanced,0.0025,random,-0.0048711848262033485,21,0,39,"{""40811"": 0.001984252310481016, ""41811"": -0.004795169882320427, ""42811"": -0.009418560291291234, ""43811"": -0.010540462962183538, ""44811"": -0.012142964122988398, ""45811"": 0.005685795991082487}","{""701"": -0.007147730771691656, ""702"": 0.0022168629521480687, ""703"": -0.015244447478817388, ""704"": -0.012073917615554005, ""705"": -0.007126046915619484, ""706"": 0.002972886570420034, ""707"": 0.002166637875797184, ""708"": 0.0030440893729158, ""709"": -0.0023762142726453015, ""710"": -0.015143967978986742}"
modena,0,balanced,0.0025,replay,0.10779063656074636,60,0,0,"{""40811"": 0.11710330776925666, ""41811"": 0.09942575128438753, ""42811"": 0.11154498506632496, ""43811"": 0.09396270363808154, ""44811"": 0.09970198863937388, ""45811"": 0.12500508296705368}","{""701"": 0.10702485281481795, ""702"": 0.09425010837086985, ""703"": 0.1424358410902216, ""704"": 0.12587688154703502, ""705"": 0.09708189939836818, ""706"": 0.11417432991133408, ""707"": 0.07739292987646568, ""708"": 0.10706270208475643, ""709"": 0.10022150193724157, ""710"": 0.11238531857635332}"
modena,0,balanced,0.0025,drift,0.08277987351748745,60,0,0,"{""40811"": 0.09512391327210366, ""41811"": 0.08479227089619255, ""42811"": 0.07896910671690939, ""43811"": 0.07750856915389677, ""44811"": 0.07586169549466901, ""45811"": 0.08442368557115329}","{""701"": 0.07499178987671225, ""702"": 0.0923856260708048, ""703"": 0.0763439078184797, ""704"": 0.07229978604513976, ""705"": 0.0769994992447835, ""706"": 0.09434573126614566, ""707"": 0.08864340825214544, ""708"": 0.100974531138642, ""709"": 0.07670248937256909, ""710"": 0.07411196608945225}"
modena,0,balanced,0.0025,noise,0.08085385882142528,60,0,0,"{""40811"": 0.08584768239598457, ""41811"": 0.05721454868253112, ""42811"": 0.08545023132498147, ""43811"": 0.10296115783738875, ""44811"": 0.07003422228767271, ""45811"": 0.08361531039999302}","{""701"": 0.0752379409982289, ""702"": 0.08295361803246565, ""703"": 0.07636975853310556, ""704"": 0.08316876869236343, ""705"": 0.08067886203375073, ""706"": 0.08670045016552923, ""707"": 0.07991400306040992, ""708"": 0.08624041783953017, ""709"": 0.07642169232537917, ""710"": 0.08085307653348998}"
modena,0,balanced,0.0025,targeted,0.006156039209026313,48,0,12,"{""40811"": 0.0028733194471215915, ""41811"": 0.004632031615626741, ""42811"": 0.003887646317604132, ""43811"": 0.017152343168627036, ""44811"": 0.011385883695970133, ""45811"": -0.002994988990791758}","{""701"": 0.0030620248801518, ""702"": 0.009047988041132235, ""703"": -0.0016784408172217196, ""704"": 0.0034078124883780703, ""705"": 0.005713428754283693, ""706"": 0.009100099003376919, ""707"": 0.011391174034180496, ""708"": 0.012704213000916157, ""709"": 0.007520409428917796, ""710"": 0.0012916832761476853}"
modena,0,balanced,0.0025,family_macro_f1,0.054541844656496405,60,0,0,"{""40811"": 0.060586495038989475, ""41811"": 0.048253886519283515, ""42811"": 0.054086681826905736, ""43811"": 0.05620886216716211, ""44811"": 0.04896816519893945, ""45811"": 0.059146977187698145}","{""701"": 0.05063377555964382, ""702"": 0.0561708406934841, ""703"": 0.05564532382915353, ""704"": 0.05453586623147242, ""705"": 0.05066952850311327, ""706"": 0.0614586993833612, ""707"": 0.05190163061979978, ""708"": 0.06200519068735211, ""709"": 0.05169797575829249, ""710"": 0.050699615299291324}"
modena,0,balanced,0.0025,worst_family_f1,0.087297554663732,60,0,0,"{""40811"": 0.09512391327210366, ""41811"": 0.08283807662441449, ""42811"": 0.07896910671690939, ""43811"": 0.10296115783738875, ""44811"": 0.07586169549466901, ""45811"": 0.08803137803690672}","{""701"": 0.07944189474162301, ""702"": 0.09522104274016892, ""703"": 0.08259154015948462, ""704"": 0.07850478862294445, ""705"": 0.08293935129058018, ""706"": 0.1057894170602496, ""707"": 0.09059599734940149, ""708"": 0.09921718816696407, ""709"": 0.08011840946275206, ""710"": 0.07855591704315161}"
modena,0,balanced,0.0025,clean_fpr,-0.001631697856767735,0,0,60,"{""40811"": -0.001499831365172494, ""41811"": -0.00158786265148733, ""42811"": -0.0017120045155769197, ""43811"": -0.0015051683910022224, ""44811"": -0.0016853919768224385, ""45811"": -0.0017999282405450063}","{""701"": -0.0019248616142630772, ""702"": -0.0009189305682911715, ""703"": -0.001931846894124711, ""704"": -0.0020177784038267863, ""705"": -0.0018383522335539027, ""706"": -0.0011608834284959192, ""707"": -0.001387925287456352, ""708"": -0.0013048762825090701, ""709"": -0.001852187809797525, ""710"": -0.001979336045358836}"
modena,0,balanced,0.0025,all_negative_fpr,-0.0017579362211837975,0,0,60,"{""40811"": -0.0016662635115279045, ""41811"": -0.00169712506573935, ""42811"": -0.0017979266718513235, ""43811"": -0.0016755851035079184, ""44811"": -0.001784373065961116, ""45811"": -0.0019263439085151722}","{""701"": -0.0020458577604100816, ""702"": -0.0010310846177687349, ""703"": -0.0021122842099911107, ""704"": -0.002167321246863844, ""705"": -0.001932808329324615, ""706"": -0.001306331909315728, ""707"": -0.0014687683027960188, ""708"": -0.0014377766061022788, ""709"": -0.001959832786825479, ""710"": -0.0021172964424400844}"
modena,3,balanced,0.0025,pooled_f1,0.07292326792572218,60,0,0,"{""40811"": 0.0718218826617322, ""41811"": 0.0672308183808463, ""42811"": 0.08033379493616104, ""43811"": 0.06781708957841143, ""44811"": 0.08156983664344578, ""45811"": 0.06876618535373638}","{""701"": 0.07846636201330139, ""702"": 0.025845405312368824, ""703"": 0.08321841749348703, ""704"": 0.09037339305568722, ""705"": 0.09598608942463872, ""706"": 0.03920710774355144, ""707"": 0.07928314257975615, ""708"": 0.053403296359933905, ""709"": 0.09100766180350783, ""710"": 0.09244180347098936}"
modena,3,balanced,0.0025,random,-0.015468550033915819,1,0,59,"{""40811"": -0.012820639860471217, ""41811"": -0.01338912836189, ""42811"": -0.01669533664879258, ""43811"": -0.022326803570641252, ""44811"": -0.020187402347343997, ""45811"": -0.007391989414355871}","{""701"": -0.019400241142972025, ""702"": -0.010357580228184282, ""703"": -0.02603215109010726, ""704"": -0.021874420047363136, ""705"": -0.016500540990736962, ""706"": -0.00920911120869585, ""707"": -0.005137421488401813, ""708"": -0.0070735574366185645, ""709"": -0.013832189862913976, ""710"": -0.025268286843164327}"
modena,3,balanced,0.0025,replay,0.1385331612198241,60,0,0,"{""40811"": 0.128182169416859, ""41811"": 0.1420225596137154, ""42811"": 0.14747069451647482, ""43811"": 0.14127937811999822, ""44811"": 0.1264442964844566, ""45811"": 0.14579986916744056}","{""701"": 0.14910826021826365, ""702"": 0.10546908370607956, ""703"": 0.16036557149914618, ""704"": 0.15307442679301012, ""705"": 0.14350232231185203, ""706"": 0.11446636591507377, ""707"": 0.11626200034368606, ""708"": 0.14134124961978545, ""709"": 0.14772372749382026, ""710"": 0.1540186042975239}"
modena,3,balanced,0.0025,drift,0.002386550917796328,32,0,28,"{""40811"": 0.0006265457723931944, ""41811"": 0.011430794948111934, ""42811"": -0.00031738509150309736, ""43811"": 0.009003890260287816, ""44811"": -0.0042502836292865, ""45811"": -0.0021742567532253786}","{""701"": -0.003043483321555629, ""702"": 0.012855121283768941, ""703"": -0.0033516752826810068, ""704"": -0.009809385888779795, ""705"": -0.0059761258894713105, ""706"": 0.018068771667307786, ""707"": 0.002738752060790143, ""708"": 0.022931783402725742, ""709"": -0.0028550537578741673, ""710"": -0.0076931950962674245}"
modena,3,balanced,0.0025,noise,0.03313794980235504,58,0,2,"{""40811"": 0.0403731791788691, ""41811"": 0.006790916409223557, ""42811"": 0.040062225063351206, ""43811"": 0.04726927146722186, ""44811"": 0.03747509220870423, ""45811"": 0.02685701448676029}","{""701"": 0.04031172818366502, ""702"": 0.034377344560286606, ""703"": 0.03601043750645466, ""704"": 0.02666570444780982, ""705"": 0.02333280593931686, ""706"": 0.046042917847454866, ""707"": 0.022896905679135066, ""708"": 0.044023627612947015, ""709"": 0.030706036822611676, ""710"": 0.027011989423868826}"
modena,3,balanced,0.0025,targeted,-0.006740640181317337,9,0,51,"{""40811"": -0.009876379620796872, ""41811"": -0.014031372102152351, ""42811"": -0.0036021509823559116, ""43811"": 0.002980777963661274, ""44811"": -0.004361709128402835, ""45811"": -0.011553007217857325}","{""701"": -0.010082565952301467, ""702"": -0.006187861457870351, ""703"": -0.014400969278262529, ""704"": -0.009978637089945027, ""705"": -0.004249794337801298, ""706"": -0.006371124669268091, ""707"": 0.0022493635564102368, ""708"": -0.0028125770904693, ""709"": -0.004499107969939557, ""710"": -0.011073127523725987}"
modena,3,balanced,0.0025,family_macro_f1,0.030369694344948447,60,0,0,"{""40811"": 0.029296974977370615, ""41811"": 0.02656475410140171, ""42811"": 0.0333836093714349, ""43811"": 0.03564130284810554, ""44811"": 0.027023998717625463, ""45811"": 0.030307526053752455}","{""701"": 0.031378739597019846, ""702"": 0.027231221572816117, ""703"": 0.030518242670909967, ""704"": 0.027615537642946348, ""705"": 0.02802173340663185, ""706"": 0.03259956391037446, ""707"": 0.027801920030323946, ""708"": 0.03968210522167407, ""709"": 0.03144868254514083, ""710"": 0.027399196851647028}"
modena,3,balanced,0.0025,worst_family_f1,0.05493210975404391,54,0,6,"{""40811"": 0.056764219288580185, ""41811"": 0.10456898953882691, ""42811"": 0.01973930565538514, ""43811"": 0.04726927146722186, ""44811"": 0.0024931704196020977, ""45811"": 0.09875770215464727}","{""701"": 0.05271347488773992, ""702"": 0.060171144875230696, ""703"": 0.051858598110673094, ""704"": 0.045669607161118266, ""705"": 0.04783773460498517, ""706"": 0.07104060770802308, ""707"": 0.0536873479611981, ""708"": 0.0685662029252674, ""709"": 0.05089182365757827, ""710"": 0.04688455564862513}"
modena,3,balanced,0.0025,clean_fpr,-0.0010438906572628444,1,0,59,"{""40811"": -0.0009676696477682482, ""41811"": -0.0009798475945648182, ""42811"": -0.0011830629449573024, ""43811"": -0.0009607506917728076, ""44811"": -0.0011326436335846516, ""45811"": -0.0010393694309292392}","{""701"": -0.0011034680688925215, ""702"": -0.00018697677071130458, ""703"": -0.001246254923056418, ""704"": -0.001408881632898284, ""705"": -0.0015321668780008384, ""706"": -0.00035999633723347895, ""707"": -0.001232414732005307, ""708"": -0.0005435342569817398, ""709"": -0.0013646458290581707, ""710"": -0.0014605671437903825}"
modena,3,balanced,0.0025,all_negative_fpr,-0.0011898737862052289,0,0,60,"{""40811"": -0.001129700672302842, ""41811"": -0.0011248177795197178, ""42811"": -0.001295429217410825, ""43811"": -0.0011633004822562143, ""44811"": -0.0012666264753774942, ""45811"": -0.0011593680903642784}","{""701"": -0.0012769867431857657, ""702"": -0.0002762248803107675, ""703"": -0.001430139954827335, ""704"": -0.0015752308094099526, ""705"": -0.001674303069633729, ""706"": -0.00047103267684576577, ""707"": -0.0013400690208352879, ""708"": -0.0007015641416567331, ""709"": -0.0015175592816744727, ""710"": -0.0016356272836724783}"
modena,0,balanced,0.005,pooled_f1,0.19594999006918853,60,0,0,"{""40811"": 0.1955959216048873, ""41811"": 0.19345283752660447, ""42811"": 0.20110346466332726, ""43811"": 0.1791205383405415, ""44811"": 0.2022288552271815, ""45811"": 0.20419832305258917}","{""701"": 0.1884406205217066, ""702"": 0.14081469739571492, ""703"": 0.21410408048593385, ""704"": 0.1817318986873466, ""705"": 0.20072142633255904, ""706"": 0.15670047365484538, ""707"": 0.2119088628008381, ""708"": 0.2133072163263249, ""709"": 0.21319128201065232, ""710"": 0.2385793424759637}"
modena,0,balanced,0.005,random,0.00874351413866103,43,0,17,"{""40811"": 0.018408914424662314, ""41811"": 0.007139409763540027, ""42811"": 0.004146344498016175, ""43811"": 0.0008162461579973468, ""44811"": -0.0011254838190479677, ""45811"": 0.02307565380679828}","{""701"": 0.0025928379365084777, ""702"": 0.011344919403384113, ""703"": -0.0015076499876600462, ""704"": -0.0055694195000222475, ""705"": 0.005401506628320858, ""706"": 0.009722365318535356, ""707"": 0.02165426085568937, ""708"": 0.026268447456978317, ""709"": 0.011779923218505442, ""710"": 0.00574795005637065}"
modena,0,balanced,0.005,replay,0.16279690530719457,60,0,0,"{""40811"": 0.17191091119083968, ""41811"": 0.15484356705564248, ""42811"": 0.17703127333814622, ""43811"": 0.1417633843806918, ""44811"": 0.15390572080520276, ""45811"": 0.17732657507264435}","{""701"": 0.15092355723399994, ""702"": 0.13457564436365738, ""703"": 0.19811197406799344, ""704"": 0.15665395152666828, ""705"": 0.15104717883440147, ""706"": 0.15285793392319644, ""707"": 0.15291570817908623, ""708"": 0.18451895045249556, ""709"": 0.16403397183689347, ""710"": 0.1823301826535532}"
modena,0,balanced,0.005,drift,0.08325153850579972,60,0,0,"{""40811"": 0.09059593067369014, ""41811"": 0.08759575849144172, ""42811"": 0.08333038547579649, ""43811"": 0.08522389308271297, ""44811"": 0.06525814807717491, ""45811"": 0.08750511523398208}","{""701"": 0.0742184611677524, ""702"": 0.09057769053779674, ""703"": 0.0774277800401308, ""704"": 0.07205383449261021, ""705"": 0.07614570497789397, ""706"": 0.09526770661829558, ""707"": 0.089561865563578, ""708"": 0.10406471848146481, ""709"": 0.07786595339870687, ""710"": 0.07533166977976781}"
modena,0,balanced,0.005,noise,0.06792917011892988,60,0,0,"{""40811"": 0.07221621558490064, ""41811"": 0.052446332510768544, ""42811"": 0.07316235428048562, ""43811"": 0.08274829948096218, ""44811"": 0.060515798487931184, ""45811"": 0.066486020368531}","{""701"": 0.06487483191200666, ""702"": 0.07010436020181077, ""703"": 0.06264920955958937, ""704"": 0.0745601201542565, ""705"": 0.06798424698631629, ""706"": 0.07267610042638956, ""707"": 0.06408484066556214, ""708"": 0.07063500106229448, ""709"": 0.06618821685647756, ""710"": 0.0655347733645953}"
modena,0,balanced,0.005,targeted,0.02196157408843833,60,0,0,"{""40811"": 0.013558349330680463, ""41811"": 0.019312115390454555, ""42811"": 0.017749209853837676, ""43811"": 0.03722496707688126, ""44811"": 0.029716639305076776, ""45811"": 0.01420816357369924}","{""701"": 0.012300756768461893, ""702"": 0.019766038716223566, ""703"": 0.01715453855549187, ""704"": 0.011601647211611962, ""705"": 0.020762230686790267, ""706"": 0.020005935758709292, ""707"": 0.03376016182753766, ""708"": 0.035548320033689185, ""709"": 0.024343985268835744, ""710"": 0.024372126057031856}"
modena,0,balanced,0.005,family_macro_f1,0.06893654043180468,60,0,0,"{""40811"": 0.07333806424095465, ""41811"": 0.06426743664236943, ""42811"": 0.07108391348925647, ""43811"": 0.06955535803584903, ""44811"": 0.06165416457126753, ""45811"": 0.07372030561113097}","{""701"": 0.060982089003745875, ""702"": 0.06527373064457452, ""703"": 0.07076717044710906, ""704"": 0.06186002677702496, ""705"": 0.0642681736227445, ""706"": 0.07010600840902521, ""707"": 0.07239536741829068, ""708"": 0.0842070874973845, ""709"": 0.06884241011588381, ""710"": 0.0706633403822637}"
modena,0,balanced,0.005,worst_family_f1,0.09728795184902563,60,0,0,"{""40811"": 0.10471647301961502, ""41811"": 0.11738999698075396, ""42811"": 0.08333038547579649, ""43811"": 0.08274829948096218, ""44811"": 0.06525814807717491, ""45811"": 0.13028440805985103}","{""701"": 0.08336984006295549, ""702"": 0.10548586848199165, ""703"": 0.09808543917631668, ""704"": 0.08079682036836111, ""705"": 0.08533166439372393, ""706"": 0.11437084736011922, ""707"": 0.10461448892265783, ""708"": 0.11881448015835278, ""709"": 0.09082484409349927, ""710"": 0.09118522547227813}"
modena,0,balanced,0.005,clean_fpr,-0.0032387285254933695,0,0,60,"{""40811"": -0.0029281344008257448, ""41811"": -0.003311375321336761, ""42811"": -0.003389641485042151, ""43811"": -0.0029865661067095617, ""44811"": -0.0033456901369894264, ""45811"": -0.003470963702056571}","{""701"": -0.0029835851643191004, ""702"": -0.002072809030920729, ""703"": -0.003602509049528954, ""704"": -0.0027970168998817627, ""705"": -0.0033152866295305477, ""706"": -0.002357316923581859, ""707"": -0.0037648855487309022, ""708"": -0.003659475867411822, ""709"": -0.003573138911967802, ""710"": -0.004261261229060212}"
modena,0,balanced,0.005,all_negative_fpr,-0.0034751829759885485,0,0,60,"{""40811"": -0.003189790112770155, ""41811"": -0.0035250289453108595, ""42811"": -0.003575809568096723, ""43811"": -0.0032991209684361407, ""44811"": -0.0035611351568962447, ""45811"": -0.003700213104421166}","{""701"": -0.003187407343715859, ""702"": -0.002258011794507744, ""703"": -0.0039106872603896494, ""704"": -0.003004959723333885, ""705"": -0.003508345376338028, ""706"": -0.002575951788564274, ""707"": -0.003988376121991137, ""708"": -0.0039590353412255275, ""709"": -0.0038059156877596496, ""710"": -0.00455313932205973}"
modena,3,balanced,0.005,pooled_f1,0.07292326792572218,60,0,0,"{""40811"": 0.0718218826617322, ""41811"": 0.0672308183808463, ""42811"": 0.08033379493616104, ""43811"": 0.06781708957841143, ""44811"": 0.08156983664344578, ""45811"": 0.06876618535373638}","{""701"": 0.07846636201330139, ""702"": 0.025845405312368824, ""703"": 0.08321841749348703, ""704"": 0.09037339305568722, ""705"": 0.09598608942463872, ""706"": 0.03920710774355144, ""707"": 0.07928314257975615, ""708"": 0.053403296359933905, ""709"": 0.09100766180350783, ""710"": 0.09244180347098936}"
modena,3,balanced,0.005,random,-0.015468550033915819,1,0,59,"{""40811"": -0.012820639860471217, ""41811"": -0.01338912836189, ""42811"": -0.01669533664879258, ""43811"": -0.022326803570641252, ""44811"": -0.020187402347343997, ""45811"": -0.007391989414355871}","{""701"": -0.019400241142972025, ""702"": -0.010357580228184282, ""703"": -0.02603215109010726, ""704"": -0.021874420047363136, ""705"": -0.016500540990736962, ""706"": -0.00920911120869585, ""707"": -0.005137421488401813, ""708"": -0.0070735574366185645, ""709"": -0.013832189862913976, ""710"": -0.025268286843164327}"
modena,3,balanced,0.005,replay,0.1385331612198241,60,0,0,"{""40811"": 0.128182169416859, ""41811"": 0.1420225596137154, ""42811"": 0.14747069451647482, ""43811"": 0.14127937811999822, ""44811"": 0.1264442964844566, ""45811"": 0.14579986916744056}","{""701"": 0.14910826021826365, ""702"": 0.10546908370607956, ""703"": 0.16036557149914618, ""704"": 0.15307442679301012, ""705"": 0.14350232231185203, ""706"": 0.11446636591507377, ""707"": 0.11626200034368606, ""708"": 0.14134124961978545, ""709"": 0.14772372749382026, ""710"": 0.1540186042975239}"
modena,3,balanced,0.005,drift,0.002386550917796328,32,0,28,"{""40811"": 0.0006265457723931944, ""41811"": 0.011430794948111934, ""42811"": -0.00031738509150309736, ""43811"": 0.009003890260287816, ""44811"": -0.0042502836292865, ""45811"": -0.0021742567532253786}","{""701"": -0.003043483321555629, ""702"": 0.012855121283768941, ""703"": -0.0033516752826810068, ""704"": -0.009809385888779795, ""705"": -0.0059761258894713105, ""706"": 0.018068771667307786, ""707"": 0.002738752060790143, ""708"": 0.022931783402725742, ""709"": -0.0028550537578741673, ""710"": -0.0076931950962674245}"
modena,3,balanced,0.005,noise,0.03313794980235504,58,0,2,"{""40811"": 0.0403731791788691, ""41811"": 0.006790916409223557, ""42811"": 0.040062225063351206, ""43811"": 0.04726927146722186, ""44811"": 0.03747509220870423, ""45811"": 0.02685701448676029}","{""701"": 0.04031172818366502, ""702"": 0.034377344560286606, ""703"": 0.03601043750645466, ""704"": 0.02666570444780982, ""705"": 0.02333280593931686, ""706"": 0.046042917847454866, ""707"": 0.022896905679135066, ""708"": 0.044023627612947015, ""709"": 0.030706036822611676, ""710"": 0.027011989423868826}"
modena,3,balanced,0.005,targeted,-0.006740640181317337,9,0,51,"{""40811"": -0.009876379620796872, ""41811"": -0.014031372102152351, ""42811"": -0.0036021509823559116, ""43811"": 0.002980777963661274, ""44811"": -0.004361709128402835, ""45811"": -0.011553007217857325}","{""701"": -0.010082565952301467, ""702"": -0.006187861457870351, ""703"": -0.014400969278262529, ""704"": -0.009978637089945027, ""705"": -0.004249794337801298, ""706"": -0.006371124669268091, ""707"": 0.0022493635564102368, ""708"": -0.0028125770904693, ""709"": -0.004499107969939557, ""710"": -0.011073127523725987}"
modena,3,balanced,0.005,family_macro_f1,0.030369694344948447,60,0,0,"{""40811"": 0.029296974977370615, ""41811"": 0.02656475410140171, ""42811"": 0.0333836093714349, ""43811"": 0.03564130284810554, ""44811"": 0.027023998717625463, ""45811"": 0.030307526053752455}","{""701"": 0.031378739597019846, ""702"": 0.027231221572816117, ""703"": 0.030518242670909967, ""704"": 0.027615537642946348, ""705"": 0.02802173340663185, ""706"": 0.03259956391037446, ""707"": 0.027801920030323946, ""708"": 0.03968210522167407, ""709"": 0.03144868254514083, ""710"": 0.027399196851647028}"
modena,3,balanced,0.005,worst_family_f1,0.05493210975404391,54,0,6,"{""40811"": 0.056764219288580185, ""41811"": 0.10456898953882691, ""42811"": 0.01973930565538514, ""43811"": 0.04726927146722186, ""44811"": 0.0024931704196020977, ""45811"": 0.09875770215464727}","{""701"": 0.05271347488773992, ""702"": 0.060171144875230696, ""703"": 0.051858598110673094, ""704"": 0.045669607161118266, ""705"": 0.04783773460498517, ""706"": 0.07104060770802308, ""707"": 0.0536873479611981, ""708"": 0.0685662029252674, ""709"": 0.05089182365757827, ""710"": 0.04688455564862513}"
modena,3,balanced,0.005,clean_fpr,-0.0010438906572628444,1,0,59,"{""40811"": -0.0009676696477682482, ""41811"": -0.0009798475945648182, ""42811"": -0.0011830629449573024, ""43811"": -0.0009607506917728076, ""44811"": -0.0011326436335846516, ""45811"": -0.0010393694309292392}","{""701"": -0.0011034680688925215, ""702"": -0.00018697677071130458, ""703"": -0.001246254923056418, ""704"": -0.001408881632898284, ""705"": -0.0015321668780008384, ""706"": -0.00035999633723347895, ""707"": -0.001232414732005307, ""708"": -0.0005435342569817398, ""709"": -0.0013646458290581707, ""710"": -0.0014605671437903825}"
modena,3,balanced,0.005,all_negative_fpr,-0.0011898737862052289,0,0,60,"{""40811"": -0.001129700672302842, ""41811"": -0.0011248177795197178, ""42811"": -0.001295429217410825, ""43811"": -0.0011633004822562143, ""44811"": -0.0012666264753774942, ""45811"": -0.0011593680903642784}","{""701"": -0.0012769867431857657, ""702"": -0.0002762248803107675, ""703"": -0.001430139954827335, ""704"": -0.0015752308094099526, ""705"": -0.001674303069633729, ""706"": -0.00047103267684576577, ""707"": -0.0013400690208352879, ""708"": -0.0007015641416567331, ""709"": -0.0015175592816744727, ""710"": -0.0016356272836724783}"
ltown,0,pooled,0.0,pooled_f1,0.0657774570100837,18,0,42,"{""110811"": 0.0572541302892, ""111811"": 0.05926256545018314, ""112811"": 0.05714785882203717, ""113811"": 0.07717846342958115, ""114811"": 0.06760754593523657, ""115811"": 0.07621417813426416}","{""701"": -0.047890479626016114, ""702"": -0.025351262995236656, ""703"": 0.37978267654976255, ""704"": -0.08832315908109177, ""705"": -0.017001397695578218, ""706"": 0.4330122115014255, ""707"": -0.09219494138140345, ""708"": -0.04436642513236957, ""709"": -0.04228133988154944, ""710"": 0.20238868784289407}"
ltown,0,pooled,0.0,random,0.07897535705996095,23,0,37,"{""110811"": 0.07280152544047265, ""111811"": 0.08667510063175918, ""112811"": 0.0682998914996859, ""113811"": 0.10386484605040161, ""114811"": 0.068056565985141, ""115811"": 0.07415421275230535}","{""701"": -0.042663675493826346, ""702"": -0.007162702013098821, ""703"": 0.4284686663415385, ""704"": -0.13138487311780964, ""705"": 2.9273121643728455e-05, ""706"": 0.5421151363998792, ""707"": -0.12147363734002503, ""708"": -0.0731010911422663, ""709"": -0.04643261317409066, ""710"": 0.24135908701766484}"
ltown,0,pooled,0.0,replay,-0.06455473910616742,14,0,46,"{""110811"": -0.0719507872547835, ""111811"": -0.09570823588484748, ""112811"": -0.03937234517829986, ""113811"": -0.042974997724254435, ""114811"": -0.07062855484799009, ""115811"": -0.06669351374682916}","{""701"": -0.19948579529132374, ""702"": -0.16528326642096944, ""703"": 0.15268604121324994, ""704"": 0.0034916857528744607, ""705"": -0.11853981525318473, ""706"": 0.03730517900727667, ""707"": -0.08201789077619785, ""708"": -0.03973469383103489, ""709"": -0.06874899688762874, ""710"": -0.16521983857473585}"
ltown,0,pooled,0.0,drift,0.05425703238374362,18,0,42,"{""110811"": 0.05636659450199781, ""111811"": 0.04267902492126589, ""112811"": 0.042855545200960694, ""113811"": 0.04487201372006649, ""114811"": 0.07168982931264745, ""115811"": 0.0670791866455234}","{""701"": -0.025967648985479114, ""702"": -0.07557191881687438, ""703"": 0.3301512566152479, ""704"": -0.04082878710721862, ""705"": -0.0083430072269751, ""706"": 0.3494678579087009, ""707"": -0.08519216673360297, ""708"": -0.050639146393849234, ""709"": -0.0333997913797446, ""710"": 0.1828936759572315}"
ltown,0,pooled,0.0,noise,0.0973679669961215,42,0,18,"{""110811"": 0.08686487115289374, ""111811"": 0.08513545437407412, ""112811"": 0.10419443772946783, ""113811"": 0.1023958036384645, ""114811"": 0.09635411609763289, ""115811"": 0.10926311898419586}","{""701"": -0.01138624812664433, ""702"": 0.02043968714902511, ""703"": 0.33180172267108543, ""704"": 0.01473567019326454, ""705"": -0.03194859226861119, ""706"": 0.35799484988073466, ""707"": 0.05206504885345132, ""708"": 0.05441043095236192, ""709"": -0.009735666551050034, ""710"": 0.19530276720759754}"
ltown,0,pooled,0.0,targeted,0.07346042574328777,20,0,40,"{""110811"": 0.061528258581898844, ""111811"": 0.07365559892366155, ""112811"": 0.0515563711509206, ""113811"": 0.07425218184643181, ""114811"": 0.0836572489282419, ""115811"": 0.09611289502857197}","{""701"": -0.05003876633706315, ""702"": -0.010582989546355873, ""703"": 0.42559590391184393, ""704"": -0.140029159800917, ""705"": -0.011591059250948185, ""706"": 0.533665116637456, ""707"": -0.13954034538713977, ""708"": -0.06317467529477949, ""709"": -0.05057991155737072, ""710"": 0.24088014405815214}"
ltown,0,pooled,0.0,family_macro_f1,0.047901208615389254,18,0,42,"{""110811"": 0.041122092484495866, ""111811"": 0.038487388593182584, ""112811"": 0.04550678008054703, ""113811"": 0.056481969506221974, ""114811"": 0.04982584109513461, ""115811"": 0.05598317993275348}","{""701"": -0.06590842684686736, ""702"": -0.04763223792965471, ""703"": 0.3337407181505931, ""704"": -0.05880309281596132, ""705"": -0.03407864017561509, ""706"": 0.3641096279668094, ""707"": -0.07523179827670286, ""708"": -0.03444783514191363, ""709"": -0.041779395909977014, ""710"": 0.13904316713318202}"
ltown,0,pooled,0.0,worst_family_f1,-0.019035321373605425,19,0,41,"{""110811"": -0.05788406332039223, ""111811"": -0.027343963143117135, ""112811"": 0.013741459289840724, ""113811"": -0.007202659784589729, ""114811"": -0.041143141700771456, ""115811"": 0.005620440417397265}","{""701"": -0.18782128670199827, ""702"": -0.1517888402702715, ""703"": 0.23024890935468945, ""704"": 0.013272072535673307, ""705"": -0.09571751243837805, ""706"": 0.16942721033716937, ""707"": -0.05516552586666521, ""708"": -0.024355883478671996, ""709"": -0.03341748348791693, ""710"": -0.05503487371968441}"
ltown,0,pooled,0.0,clean_fpr,-1.6882719406807214e-07,7,42,11,"{""110811"": -6.996502526126107e-07, ""111811"": -7.908420490717491e-08, ""112811"": -1.54464725662924e-07, ""113811"": 7.879252038362502e-08, ""114811"": 0.0, ""115811"": -1.5855650160934849e-07}","{""701"": -5.208250027925741e-07, ""702"": 2.582854663140312e-07, ""703"": 3.9301614690876005e-07, ""704"": -1.2699930518206537e-07, ""705"": -1.3013333616070517e-06, ""706"": 0.0, ""707"": 0.0, ""708"": -1.3213041800779041e-07, ""709"": -2.608510227268937e-07, ""710"": 2.5655564128625217e-09}"
ltown,0,pooled,0.0,all_negative_fpr,1.0746442637941415e-06,38,14,8,"{""110811"": 4.1586900680777564e-07, ""111811"": 1.1800179918037342e-06, ""112811"": -3.466608242762415e-07, ""113811"": 1.1089601904084648e-06, ""114811"": 3.468529683330177e-07, ""115811"": 3.7428262496880976e-06}","{""701"": 1.3868673795531074e-06, ""702"": 1.8485089654826485e-06, ""703"": 1.0399381930521194e-06, ""704"": 8.08801368383398e-07, ""705"": -1.1554295946366617e-06, ""706"": 2.080382355122038e-06, ""707"": 1.7332174304118832e-06, ""708"": 9.243791404372865e-07, ""709"": 5.778628619172907e-07, ""710"": 1.5019145382183034e-06}"
ltown,3,pooled,0.0,pooled_f1,-0.06964959094944995,11,0,49,"{""110811"": -0.0737310555573798, ""111811"": -0.07260183297708586, ""112811"": -0.06845807267869304, ""113811"": -0.0685083550745301, ""114811"": -0.06487629919123729, ""115811"": -0.0697219302177736}","{""701"": -0.04826335878795799, ""702"": -0.09325076014096205, ""703"": 0.03926286168651492, ""704"": -0.1156047646283948, ""705"": -0.01796508361445039, ""706"": -0.12584096920847515, ""707"": -0.1535596511817254, ""708"": -0.10002175983972127, ""709"": -0.08671500913768948, ""710"": 0.0054625853583621375}"
ltown,3,pooled,0.0,random,-0.07494788708009634,12,0,48,"{""110811"": -0.07707151364059137, ""111811"": -0.06415183854599697, ""112811"": -0.08070722379843015, ""113811"": -0.06959419797629104, ""114811"": -0.0769289843402478, ""115811"": -0.08123356417902057}","{""701"": -0.04106321711545472, ""702"": -0.06223182721634438, ""703"": 0.02333160116215886, ""704"": -0.14816102337593998, ""705"": -0.008114918260050433, ""706"": -0.14143265751193448, ""707"": -0.16906120721484244, ""708"": -0.12844461519990685, ""709"": -0.09125863527480076, ""710"": 0.016957629206151997}"
ltown,3,pooled,0.0,replay,-0.11716157864797297,5,0,55,"{""110811"": -0.1274242853147031, ""111811"": -0.15701192795682936, ""112811"": -0.08255676825645301, ""113811"": -0.09469168981882978, ""114811"": -0.11170573621889342, ""115811"": -0.12957906432212915}","{""701"": -0.19376748660862467, ""702"": -0.25125129932262813, ""703"": 0.027271720599111583, ""704"": -0.038507104529679585, ""705"": -0.0922494239063486, ""706"": -0.15435362270687114, ""707"": -0.1348574412769813, ""708"": -0.06781367809655173, ""709"": -0.07626390206931566, ""710"": -0.1898235485618404}"
ltown,3,pooled,0.0,drift,-0.0802872686091601,5,1,54,"{""110811"": -0.06690020493293942, ""111811"": -0.0888866627255366, ""112811"": -0.07797197209467666, ""113811"": -0.10111932959631961, ""114811"": -0.06367117914139483, ""115811"": -0.08317426316409358}","{""701"": -0.031947413611091914, ""702"": -0.15257239173954648, ""703"": 0.019849504519851513, ""704"": -0.08396683360423185, ""705"": -0.010923193346578338, ""706"": -0.16434745070616766, ""707"": -0.1611115303922826, ""708"": -0.10425507153919004, ""709"": -0.0956281784100788, ""710"": -0.017970127262285047}"
ltown,3,pooled,0.0,noise,-0.003995538032926165,23,0,37,"{""110811"": -0.020027745147477814, ""111811"": -0.005419126225845066, ""112811"": 0.005128612145461337, ""113811"": -0.0068994393662027646, ""114811"": -0.004760308075218151, ""115811"": 0.008004778471725472}","{""701"": -0.020051253483558924, ""702"": -0.07570380230645224, ""703"": 0.12867688131438892, ""704"": -0.029167983227674193, ""705"": -0.025468258077871547, ""706"": 0.007923510631760805, ""707"": -0.05684596468992687, ""708"": 0.019801939269776875, ""709"": -0.045513027628945, ""710"": 0.05639257786924051}"
ltown,3,pooled,0.0,targeted,-0.07805482947747229,12,0,48,"{""110811"": -0.08308561957669922, ""111811"": -0.07998097439338618, ""112811"": -0.0887321699531786, ""113811"": -0.07207353860643831, ""114811"": -0.0730337474849942, ""115811"": -0.07142292685013729}","{""701"": -0.04684243760334261, ""702"": -0.06303872143418815, ""703"": 0.023885187935444658, ""704"": -0.15673515184110362, ""705"": -0.01275009173655689, ""706"": -0.14150196580401941, ""707"": -0.18038752565118052, ""708"": -0.13004541809420797, ""709"": -0.09158095111699854, ""710"": 0.01844878057143005}"
ltown,3,pooled,0.0,family_macro_f1,-0.07088942036952557,6,0,54,"{""110811"": -0.07490187372248222, ""111811"": -0.0790901059695189, ""112811"": -0.06496790439145536, ""113811"": -0.0688756390728163, ""114811"": -0.0660199910521497, ""115811"": -0.07148100800873104}","{""701"": -0.06673436168441453, ""702"": -0.12095960840383191, ""703"": 0.0446029791061911, ""704"": -0.09130761931572594, ""705"": -0.02990117706548112, ""706"": -0.11874243721944638, ""707"": -0.14045273384504278, ""708"": -0.08215136873201595, ""709"": -0.0800489389000278, ""710"": -0.023198937635460565}"
ltown,3,pooled,0.0,worst_family_f1,-0.10408928839959979,5,0,55,"{""110811"": -0.1274242853147031, ""111811"": -0.1178985437430363, ""112811"": -0.07717757520706295, ""113811"": -0.09469168981882978, ""114811"": -0.11170573621889342, ""115811"": -0.09563790009507311}","{""701"": -0.18634847984732925, ""702"": -0.23983477490634927, ""703"": 0.05009098863387784, ""704"": -0.026638432945712026, ""705"": -0.07950858438238606, ""706"": -0.14553735733312542, ""707"": -0.13357538428283058, ""708"": -0.05223036355609063, ""709"": -0.057637311850900604, ""710"": -0.1696731835251517}"
ltown,3,pooled,0.0,clean_fpr,-7.677480687096299e-08,9,36,15,"{""110811"": -3.1095566782782693e-07, ""111811"": -7.908420490717491e-08, ""112811"": -3.08929451325848e-07, ""113811"": -7.879252038362502e-08, ""114811"": 0.0, ""115811"": 3.1711300321869697e-07}","{""701"": -3.896063336200729e-07, ""702"": -3.900924744926561e-07, ""703"": 3.9301614690876005e-07, ""704"": 1.3297467488361497e-07, ""705"": 2.600262586938386e-09, ""706"": -3.9301614690876005e-07, ""707"": -1.295648615949279e-07, ""708"": -2.6088572890096964e-07, ""709"": 2.616952796027183e-07, ""710"": 5.131112825725043e-09}"
ltown,3,pooled,0.0,all_negative_fpr,1.0052966016124709e-06,34,18,8,"{""110811"": 2.0793450340388782e-07, ""111811"": 1.041192345709177e-06, ""112811"": -4.159929891314898e-07, ""113811"": 8.317201428063487e-07, ""114811"": 3.468529683330177e-07, ""115811"": 4.020072638553883e-06}","{""701"": 1.502389190304018e-06, ""702"": 6.930843349596545e-07, ""703"": 9.244190244944039e-07, ""704"": 1.0398052659644638e-06, ""705"": 2.3100173579695542e-07, ""706"": 1.7338271713693638e-06, ""707"": 5.776534054551713e-07, ""708"": 8.088968934707699e-07, ""709"": 1.0399742959552408e-06, ""710"": 1.5019146983546651e-06}"
ltown,0,pooled,0.0001,pooled_f1,0.04087830283528768,60,0,0,"{""110811"": 0.03820839905021778, ""111811"": 0.03980656896059505, ""112811"": 0.04608813649396938, ""113811"": 0.03995471127679413, ""114811"": 0.04325910909854876, ""115811"": 0.0379528921316009}","{""701"": 0.044530992080561126, ""702"": 0.04133951362042373, ""703"": 0.04175077543000916, ""704"": 0.04030348282002283, ""705"": 0.040016439275068705, ""706"": 0.04107014512114776, ""707"": 0.036441193948266636, ""708"": 0.04112998479303102, ""709"": 0.03946280361772483, ""710"": 0.04273769764662089}"
ltown,0,pooled,0.0001,random,-0.0005079581523071864,20,4,36,"{""110811"": 0.0006781669737103812, ""111811"": -0.0007761577349722382, ""112811"": -0.0005626800239412532, ""113811"": -0.0003152542574310635, ""114811"": -0.0005755611954892048, ""115811"": -0.0014962626757197394}","{""701"": -0.0003891151584547818, ""702"": -2.083816982780447e-05, ""703"": -0.0011487706364241939, ""704"": 0.0008568972773018527, ""705"": 0.00013525815267554733, ""706"": -0.001108445277433275, ""707"": -0.002512575431483218, ""708"": -0.0002986885722422635, ""709"": -0.0007844907629789103, ""710"": 0.00019118705579518336}"
ltown,0,pooled,0.0001,replay,-0.028071505073854995,1,0,59,"{""110811"": -0.026485326223664542, ""111811"": -0.027317658909196497, ""112811"": -0.023107922131608262, ""113811"": -0.01976652901342133, ""114811"": -0.03665326756323066, ""115811"": -0.0350983266020087}","{""701"": -0.02596257327174147, ""702"": -0.025541318736008123, ""703"": -0.03218312015039487, ""704"": -0.01047523693380322, ""705"": -0.023713386980253603, ""706"": -0.0324617842314597, ""707"": -0.04103975043304403, ""708"": -0.02794004785091231, ""709"": -0.03464737534066592, ""710"": -0.026750456810266738}"
ltown,0,pooled,0.0001,drift,0.0969212531182345,60,0,0,"{""110811"": 0.11125655794249253, ""111811"": 0.09933425247324704, ""112811"": 0.11130182636730612, ""113811"": 0.08955102825236363, ""114811"": 0.09015062271854828, ""115811"": 0.07993323095544953}","{""701"": 0.0964943793969835, ""702"": 0.09433807411524388, ""703"": 0.08539364733261372, ""704"": 0.10212917959099325, ""705"": 0.09691217581137164, ""706"": 0.10200549550778443, ""707"": 0.09345318263393647, ""708"": 0.10025735184398017, ""709"": 0.09507988966090598, ""710"": 0.10314915528853219}"
ltown,0,pooled,0.0001,noise,0.13327527667851724,60,0,0,"{""110811"": 0.12027051630865886, ""111811"": 0.13074487465086296, ""112811"": 0.14199576911842796, ""113811"": 0.12853379954908556, ""114811"": 0.14484234414595468, ""115811"": 0.1332643562981135}","{""701"": 0.1507131879176209, ""702"": 0.13223811373747074, ""703"": 0.15313508651543334, ""704"": 0.1122569338741975, ""705"": 0.12087063234897416, ""706"": 0.13626150300229023, ""707"": 0.12623253059917586, ""708"": 0.129478641804364, ""709"": 0.1342118723081864, ""710"": 0.13735426467745926}"
ltown,0,pooled,0.0001,targeted,-0.001365824992066724,8,0,52,"{""110811"": -0.0014761601287420433, ""111811"": -0.0010965068978112224, ""112811"": -0.0007135914499980745, ""113811"": -0.0027391414185193195, ""114811"": -0.0007935659249337812, ""115811"": -0.0013759841323959022}","{""701"": -0.0018403844335528885, ""702"": -0.000755632165685786, ""703"": -0.0016661352732016594, ""704"": 6.646578361098794e-05, ""705"": -0.0008177358957601558, ""706"": -0.0018123637608243315, ""707"": -0.0033381512644708455, ""708"": -0.0013290946026232227, ""709"": -0.0016256882959313306, ""710"": -0.0005395300122280067}"
ltown,0,pooled,0.0001,family_macro_f1,0.040050248315704556,60,0,0,"{""110811"": 0.04084875097449099, ""111811"": 0.04017776071642597, ""112811"": 0.04578268037603724, ""113811"": 0.03905278062241546, ""114811"": 0.03939411443616984, ""115811"": 0.0350454027686878}","{""701"": 0.04380309889017101, ""702"": 0.04005167975623856, ""703"": 0.04070614155760529, ""704"": 0.04096684791846006, ""705"": 0.03867738868740148, ""706"": 0.040576881048071466, ""707"": 0.034559047220822814, ""708"": 0.040033632524513287, ""709"": 0.03844684151390315, ""710"": 0.04268092403985837}"
ltown,0,pooled,0.0001,worst_family_f1,-0.02620234705463716,1,0,59,"{""110811"": -0.026485326223664542, ""111811"": -0.025315493245927245, ""112811"": -0.023107922131608262, ""113811"": -0.01976652901342133, ""114811"": -0.03665326756323066, ""115811"": -0.025885544149970918}","{""701"": -0.02441965043725854, ""702"": -0.025541318736008123, ""703"": -0.02809174477853012, ""704"": -0.01047523693380322, ""705"": -0.023713386980253603, ""706"": -0.030724279973431173, ""707"": -0.039920447506733035, ""708"": -0.02776467941950091, ""709"": -0.02984728424860883, ""710"": -0.021525441532244043}"
ltown,0,pooled,0.0001,clean_fpr,-4.675873971828474e-06,18,2,40,"{""110811"": -4.04242368176175e-06, ""111811"": -2.37252614721523e-07, ""112811"": -1.173931915038222e-05, ""113811"": -2.4425681318923787e-06, ""114811"": -2.388466572614126e-07, ""115811"": -9.354833594951562e-06}","{""701"": -1.0976838890112327e-05, ""702"": -1.0893213108177825e-05, ""703"": 7.213870972953617e-07, ""704"": -2.7993718992695094e-06, ""705"": -1.2314971018108062e-05, ""706"": 9.095972210288528e-08, ""707"": 1.4729342204999957e-06, ""708"": -5.60802190250426e-06, ""709"": -4.680520672874318e-06, ""710"": -1.7710832671366826e-06}"
ltown,0,pooled,0.0001,all_negative_fpr,-1.4515679086719922e-05,9,0,51,"{""110811"": -1.5595087755291585e-05, ""111811"": -1.2494308148510124e-05, ""112811"": -2.9674166558046276e-05, ""113811"": -9.218231582770363e-06, ""114811"": -1.4012859920653914e-05, ""115811"": -6.0994205550472675e-06}","{""701"": -1.2596590563969703e-05, ""702"": -2.993570236039843e-05, ""703"": -8.54960651942842e-06, ""704"": -2.7274871437068838e-05, ""705"": -2.4965575898694102e-05, ""706"": -1.9614093606451147e-06, ""707"": -1.2830632277418846e-05, ""708"": -1.3869952117158204e-05, ""709"": -1.1672263973990508e-05, ""710"": -1.5001863584270515e-06}"
ltown,3,pooled,0.0001,pooled_f1,0.011444768839527735,60,0,0,"{""110811"": 0.010006190911100022, ""111811"": 0.011972201883555189, ""112811"": 0.014071122797011892, ""113811"": 0.01247686379063162, ""114811"": 0.011018450638537226, ""115811"": 0.009123783016330456}","{""701"": 0.012116430313909946, ""702"": 0.014630057283752477, ""703"": 0.011140999600127377, ""704"": 0.010754639203625849, ""705"": 0.011113222695884847, ""706"": 0.011106605614624251, ""707"": 0.008705359511374225, ""708"": 0.011426750967557353, ""709"": 0.010410875282933552, ""710"": 0.013042747921487463}"
ltown,3,pooled,0.0001,random,-0.0033966671947234517,2,0,58,"{""110811"": -0.000601553487266282, ""111811"": -0.0017857665102127495, ""112811"": -0.0027420067987459994, ""113811"": -0.004840005355690413, ""114811"": -0.0036502206428032148, ""115811"": -0.006760450373622051}","{""701"": -0.003775861855790097, ""702"": -0.002773494854536318, ""703"": -0.004001348485158244, ""704"": -0.0021663311514709314, ""705"": -0.002534892440344272, ""706"": -0.004026547274752472, ""707"": -0.005405780132958005, ""708"": -0.003110329880826953, ""709"": -0.003432055508470052, ""710"": -0.002740030362927174}"
ltown,3,pooled,0.0001,replay,-0.040994836786776706,0,0,60,"{""110811"": -0.04369418109224743, ""111811"": -0.045012541202778776, ""112811"": -0.05610923519474074, ""113811"": -0.01998238870501955, ""114811"": -0.05033960634865318, ""115811"": -0.030831068177220568}","{""701"": -0.04043427799611815, ""702"": -0.038235386606327006, ""703"": -0.042924558802541646, ""704"": -0.03178599934558259, ""705"": -0.04137770347261125, ""706"": -0.05159822809823961, ""707"": -0.04012856442468613, ""708"": -0.03939888709464864, ""709"": -0.04621642018567131, ""710"": -0.03784834184134073}"
ltown,3,pooled,0.0001,drift,0.026509362933367975,60,0,0,"{""110811"": 0.03175756255616018, ""111811"": 0.03062402573499181, ""112811"": 0.036142040762864036, ""113811"": 0.024750183871047514, ""114811"": 0.018094045296946536, ""115811"": 0.01768831937819777}","{""701"": 0.027847058575892814, ""702"": 0.026158616226012715, ""703"": 0.0145785625467821, ""704"": 0.023760326213842237, ""705"": 0.021962196944056173, ""706"": 0.030662820812534297, ""707"": 0.025739324718475582, ""708"": 0.026135329223972326, ""709"": 0.032362054392323626, ""710"": 0.035887339679787876}"
ltown,3,pooled,0.0001,noise,0.048730730063915914,60,0,0,"{""110811"": 0.03851150664172408, ""111811"": 0.051011509942167466, ""112811"": 0.054382766987395414, ""113811"": 0.04888032653790179, ""114811"": 0.052399795924453804, ""115811"": 0.0471984743498529}","{""701"": 0.048383494486078836, ""702"": 0.06212331351049303, ""703"": 0.061629242458994614, ""704"": 0.03831037344315034, ""705"": 0.04478661018152519, ""706"": 0.0513553222280679, ""707"": 0.04226132513806027, ""708"": 0.0445378440729843, ""709"": 0.045610535236048355, ""710"": 0.04830923988375627}"
ltown,3,pooled,0.0001,targeted,-0.004384038120264924,0,0,60,"{""110811"": -0.002344583737937611, ""111811"": -0.005944011680621919, ""112811"": -0.0036036166124517764, ""113811"": -0.005459008084864991, ""114811"": -0.004233128826802979, ""115811"": -0.004719879778910263}","{""701"": -0.004939749583005877, ""702"": -0.0035945445740952673, ""703"": -0.004481982232743949, ""704"": -0.003001806629774876, ""705"": -0.003528239354615289, ""706"": -0.004678018565858644, ""707"": -0.006400817347778198, ""708"": -0.004596195581981081, ""709"": -0.005088922618202356, ""710"": -0.003530104714593696}"
ltown,3,pooled,0.0001,family_macro_f1,0.005292910179103738,59,0,1,"{""110811"": 0.00472575017608653, ""111811"": 0.005778643256709182, ""112811"": 0.005613989828864163, ""113811"": 0.008669821652674815, ""114811"": 0.0024541770806281614, ""115811"": 0.004515079079659578}","{""701"": 0.005416132725411508, ""702"": 0.008735700740309419, ""703"": 0.00495998309706656, ""704"": 0.0050233125060328105, ""705"": 0.0038615943716020693, ""706"": 0.004343069820350265, ""707"": 0.003213097590222628, ""708"": 0.00471355214789998, ""709"": 0.004647038263205616, ""710"": 0.008015620528936526}"
ltown,3,pooled,0.0001,worst_family_f1,-0.040994836786776706,0,0,60,"{""110811"": -0.04369418109224743, ""111811"": -0.045012541202778776, ""112811"": -0.05610923519474074, ""113811"": -0.01998238870501955, ""114811"": -0.05033960634865318, ""115811"": -0.030831068177220568}","{""701"": -0.04043427799611815, ""702"": -0.038235386606327006, ""703"": -0.042924558802541646, ""704"": -0.03178599934558259, ""705"": -0.04137770347261125, ""706"": -0.05159822809823961, ""707"": -0.04012856442468613, ""708"": -0.03939888709464864, ""709"": -0.04621642018567131, ""710"": -0.03784834184134073}"
ltown,3,pooled,0.0001,clean_fpr,-6.390890013151199e-06,17,2,41,"{""110811"": 3.2650345121921824e-06, ""111811"": -2.609778761936772e-06, ""112811"": -1.2202713327370993e-05, ""113811"": -5.830646508388253e-06, ""114811"": -8.916941871092867e-06, ""115811"": -1.2050294122310484e-05}","{""701"": -1.4414117166569003e-05, ""702"": -8.853535267335826e-06, ""703"": 1.276849835312186e-07, ""704"": -8.048861102491934e-06, ""705"": -1.7469111324313437e-05, ""706"": -3.3657314398493005e-06, ""707"": 8.109776852061417e-07, ""708"": -1.3091695349194672e-05, ""709"": 2.72655340564191e-07, ""710"": 1.228335089406427e-07}"
ltown,3,pooled,0.0001,all_negative_fpr,-6.180087595034362e-05,0,0,60,"{""110811"": -5.135982234076029e-05, ""111811"": -8.294832354149776e-05, ""112811"": -6.323093434798645e-05, ""113811"": -5.524007948472165e-05, ""114811"": -6.791381119960487e-05, ""115811"": -5.0112284787490645e-05}","{""701"": -7.188887622584697e-05, ""702"": -6.1026911310735094e-05, ""703"": -5.848243330831011e-05, ""704"": -7.581781999961854e-05, ""705"": -6.796505955893353e-05, ""706"": -4.992953497412673e-05, ""707"": -5.9181397079663524e-05, ""708"": -7.165869657101667e-05, ""709"": -5.37447164024466e-05, ""710"": -4.831331407273835e-05}"
ltown,0,pooled,0.00025,pooled_f1,0.04428274906730881,60,0,0,"{""110811"": 0.040716307361096306, ""111811"": 0.045409319124627354, ""112811"": 0.04815406137061472, ""113811"": 0.04425099335483994, ""114811"": 0.04503424522508217, ""115811"": 0.04213156796759231}","{""701"": 0.04681638311469786, ""702"": 0.04414596836010126, ""703"": 0.045140039599860994, ""704"": 0.043324793998655, ""705"": 0.043062459442954004, ""706"": 0.04520313732582254, ""707"": 0.04302349912390593, ""708"": 0.04431930161313621, ""709"": 0.044528414754170166, ""710"": 0.04326349333978404}"
ltown,0,pooled,0.00025,random,0.001060401527024805,48,0,12,"{""110811"": 0.0005457823029153097, ""111811"": 0.0010871342355764924, ""112811"": -0.0003879278202655989, ""113811"": 0.0016683704668849276, ""114811"": 0.000654799569710518, ""115811"": 0.0027942504073271814}","{""701"": 0.0016266375069802035, ""702"": 0.0013613664059362967, ""703"": 0.0010275513314196478, ""704"": 0.001358325226430257, ""705"": 0.000406730697074235, ""706"": 0.00041225093718026223, ""707"": 0.0010229768084322743, ""708"": 0.0007988067984115074, ""709"": 0.00195511684575154, ""710"": 0.0006342527126318257}"
ltown,0,pooled,0.00025,replay,-0.0024046777311226343,27,0,33,"{""110811"": -0.0038039492293687636, ""111811"": 0.0007911253062519829, ""112811"": 0.009750818857821374, ""113811"": 0.0067440900019430485, ""114811"": -0.018066901101038656, ""115811"": -0.00984325022234479}","{""701"": -0.007219103058256293, ""702"": 1.8435596689403422e-05, ""703"": -0.010575411390997361, ""704"": 0.011713630498957664, ""705"": 0.0003701301566852259, ""706"": 0.0002178527073577463, ""707"": -0.0037819446415090683, ""708"": 0.006892063329306068, ""709"": -0.0015661978878203087, ""710"": -0.02011623262163942}"
ltown,0,pooled,0.00025,drift,0.09829939340014776,60,0,0,"{""110811"": 0.11258234883194462, ""111811"": 0.09922776479631266, ""112811"": 0.11445933042280285, ""113811"": 0.08929089531135824, ""114811"": 0.09249176534487175, ""115811"": 0.08174425569359649}","{""701"": 0.0967062792379446, ""702"": 0.09521676828358178, ""703"": 0.09238704011859465, ""704"": 0.10175838716320477, ""705"": 0.0975259611981885, ""706"": 0.10276848639803698, ""707"": 0.10148482712912231, ""708"": 0.1011401974407977, ""709"": 0.09725130040374073, ""710"": 0.09675468662826565}"
ltown,0,pooled,0.00025,noise,0.1294061291711282,60,0,0,"{""110811"": 0.11699431006805053, ""111811"": 0.13530482747729913, ""112811"": 0.13062094499935029, ""113811"": 0.13331282929448637, ""114811"": 0.13447185621846516, ""115811"": 0.12573200696911763}","{""701"": 0.13014509657218554, ""702"": 0.11511625631704736, ""703"": 0.1438795061984913, ""704"": 0.11439583530271095, ""705"": 0.11223147395527738, ""706"": 0.1466844487512366, ""707"": 0.13931606337719538, ""708"": 0.1331446296367907, ""709"": 0.12074072078505849, ""710"": 0.1384072608152881}"
ltown,0,pooled,0.00025,targeted,0.000675460438992768,46,0,14,"{""110811"": -0.0010025982230187803, ""111811"": 0.0012870916238377106, ""112811"": 0.0002424041172745861, ""113811"": 0.001135585818649165, ""114811"": 0.000965787792282935, ""115811"": 0.0014244915049309915}","{""701"": 0.0013808676568804283, ""702"": 0.0005862887842111864, ""703"": 0.0010109673589109673, ""704"": 0.0009222595219162688, ""705"": 0.00041580991232248454, ""706"": -0.0002761961115593607, ""707"": 0.0004607335945570982, ""708"": 0.00021548087796796622, ""709"": 0.0015124824291084342, ""710"": 0.0005259103656122069}"
ltown,0,pooled,0.00025,family_macro_f1,0.04540734136123417,60,0,0,"{""110811"": 0.04506317875010459, ""111811"": 0.04753958868785554, ""112811"": 0.05093711411539672, ""113811"": 0.046430354178664354, ""114811"": 0.042103461564858335, ""115811"": 0.040370350870525505}","{""701"": 0.04452795558314684, ""702"": 0.04245982307749321, ""703"": 0.045545930723283834, ""704"": 0.046029687542644006, ""705"": 0.04219002118390952, ""706"": 0.04996136853645041, ""707"": 0.047700531253559574, ""708"": 0.048438235616654834, ""709"": 0.04397868451516781, ""710"": 0.04324117558003173}"
ltown,0,pooled,0.00025,worst_family_f1,-0.0024046777311226343,27,0,33,"{""110811"": -0.0038039492293687636, ""111811"": 0.0007911253062519829, ""112811"": 0.009750818857821374, ""113811"": 0.0067440900019430485, ""114811"": -0.018066901101038656, ""115811"": -0.00984325022234479}","{""701"": -0.007219103058256293, ""702"": 1.8435596689403422e-05, ""703"": -0.010575411390997361, ""704"": 0.011713630498957664, ""705"": 0.0003701301566852259, ""706"": 0.0002178527073577463, ""707"": -0.0037819446415090683, ""708"": 0.006892063329306068, ""709"": -0.0015661978878203087, ""710"": -0.02011623262163942}"
ltown,0,pooled,0.00025,clean_fpr,3.0718688698460515e-06,31,1,28,"{""110811"": 2.9540788443643535e-06, ""111811"": 1.1625378121354714e-05, ""112811"": -7.723236283146213e-07, ""113811"": 1.3631106026367131e-05, ""114811"": 7.2450152702629535e-06, ""115811"": -1.6252041414958224e-05}","{""701"": -3.516108953465775e-05, ""702"": -3.1829936056102316e-05, ""703"": 9.995820080305857e-06, ""704"": 5.063543342217118e-06, ""705"": -2.1597286721193124e-05, ""706"": 4.059652526545317e-05, ""707"": 4.8621114955295595e-05, ""708"": 2.7360140520743552e-05, ""709"": -1.9577658080282375e-05, ""710"": 7.247514926680779e-06}"
ltown,0,pooled,0.00025,all_negative_fpr,-2.6779825480979405e-05,18,0,42,"{""110811"": -2.2110368861946738e-05, ""111811"": -3.463699870059195e-05, ""112811"": -4.021265561604401e-05, ""113811"": -1.1228221927885708e-05, ""114811"": -2.5667119656643304e-05, ""115811"": -2.6823588122764692e-05}","{""701"": -5.8360371796903645e-05, ""702"": -7.777907243948765e-05, ""703"": -2.4848749757852147e-05, ""704"": -3.5945118262973364e-05, ""705"": -6.090671756064202e-05, ""706"": 2.47288526361525e-05, ""707"": 2.334295490830519e-05, ""708"": 2.765887754398987e-06, ""709"": -5.859828975585972e-05, ""710"": -2.1976305349321567e-06}"
ltown,3,pooled,0.00025,pooled_f1,0.015049597571233671,60,0,0,"{""110811"": 0.010956850853102561, ""111811"": 0.01683725319804492, ""112811"": 0.017357953908274493, ""113811"": 0.01724279807800152, ""114811"": 0.015256293435322643, ""115811"": 0.012646435954655888}","{""701"": 0.015193662320437137, ""702"": 0.017541488662600208, ""703"": 0.01488737245157451, ""704"": 0.013564361730826535, ""705"": 0.014092369934801174, ""706"": 0.014887730730496262, ""707"": 0.016380988090947752, ""708"": 0.014225312772543963, ""709"": 0.014502465049823332, ""710"": 0.015220223968285837}"
ltown,3,pooled,0.00025,random,-0.0011700425712759994,9,2,49,"{""110811"": -0.0007334884568276356, ""111811"": 0.0005534790361570452, ""112811"": -0.0018815753014550184, ""113811"": -0.001732032437720843, ""114811"": -0.0017889965039522004, ""115811"": -0.0014376417638573447}","{""701"": -0.0011676535404328188, ""702"": -0.0006891100006018261, ""703"": -0.0013842306490303342, ""704"": -0.0013050863517103755, ""705"": -0.001482043812165416, ""706"": -0.0016775565653890008, ""707"": -0.0009258768225829939, ""708"": -0.001605235500532635, ""709"": -0.0005779000149916391, ""710"": -0.0008857324553229554}"
ltown,3,pooled,0.00025,replay,-0.018132970217274537,10,0,50,"{""110811"": -0.023646457235848628, ""111811"": -0.022401342306475492, ""112811"": -0.025113652738464488, ""113811"": 0.003053154119216217, ""114811"": -0.024699477865892903, ""115811"": -0.01599004527618194}","{""701"": -0.017420018451164348, ""702"": -0.01692320693077644, ""703"": -0.017133056286097643, ""704"": -0.011282733486373745, ""705"": -0.0252431450487625, ""706"": -0.02056019323838626, ""707"": -0.012427726907642675, ""708"": -0.010395572256612529, ""709"": -0.024613001146871167, ""710"": -0.025331048420058084}"
ltown,3,pooled,0.00025,drift,0.02340720612302997,60,0,0,"{""110811"": 0.02480277390044002, ""111811"": 0.026383792629232017, ""112811"": 0.03387783772936357, ""113811"": 0.0196072552660538, ""114811"": 0.02041129393638761, ""115811"": 0.015360283276702802}","{""701"": 0.026070953903556016, ""702"": 0.021104529132080514, ""703"": 0.015342391853424897, ""704"": 0.021659918393410416, ""705"": 0.02307112389725439, ""706"": 0.030322968368804566, ""707"": 0.02819798513508659, ""708"": 0.02381455485609864, ""709"": 0.022847049364642064, ""710"": 0.021640586325941607}"
ltown,3,pooled,0.00025,noise,0.05772707612690101,60,0,0,"{""110811"": 0.04962254679998531, ""111811"": 0.06354450553712736, ""112811"": 0.05855505245257382, ""113811"": 0.06360715115662521, ""114811"": 0.05641795972840309, ""115811"": 0.054615241086691343}","{""701"": 0.06083434232962235, ""702"": 0.05444370410140378, ""703"": 0.06875116368008344, ""704"": 0.049362370216211725, ""705"": 0.05859085651274929, ""706"": 0.07121061307211411, ""707"": 0.057002796228779705, ""708"": 0.058576234729922884, ""709"": 0.053270558127114676, ""710"": 0.045228122271008274}"
ltown,3,pooled,0.00025,targeted,-0.0019274457264905158,0,0,60,"{""110811"": -0.0023829683601075736, ""111811"": -0.0035195875710422155, ""112811"": -0.0017307948225331327, ""113811"": -0.001221300449644047, ""114811"": -0.0015978847586241684, ""115811"": -0.0011121383969919575}","{""701"": -0.0021860144010887685, ""702"": -0.0015922662083773798, ""703"": -0.0014750605766498115, ""704"": -0.0019107557696904827, ""705"": -0.0019270796490175417, ""706"": -0.0027973563209422645, ""707"": -0.002404116191510597, ""708"": -0.0021844333866930707, ""709"": -0.0010778304602851823, ""710"": -0.0017195443006500593}"
ltown,3,pooled,0.00025,family_macro_f1,0.011980764746977964,60,0,0,"{""110811"": 0.00953248132952832, ""111811"": 0.012912169464999623, ""112811"": 0.012741373463896921, ""113811"": 0.016662845530906058, ""114811"": 0.009748578907264304, ""115811"": 0.01028713978527256}","{""701"": 0.013226321968098457, ""702"": 0.011268730018745695, ""703"": 0.012820241604346064, ""704"": 0.011304742600369474, ""705"": 0.010601942380011664, ""706"": 0.015299695063240174, ""707"": 0.013888612288425972, ""708"": 0.013641109688436681, ""709"": 0.009969775173921743, ""710"": 0.0077864766841837145}"
ltown,3,pooled,0.00025,worst_family_f1,-0.018132970217274537,10,0,50,"{""110811"": -0.023646457235848628, ""111811"": -0.022401342306475492, ""112811"": -0.025113652738464488, ""113811"": 0.003053154119216217, ""114811"": -0.024699477865892903, ""115811"": -0.01599004527618194}","{""701"": -0.017420018451164348, ""702"": -0.01692320693077644, ""703"": -0.017133056286097643, ""704"": -0.011282733486373745, ""705"": -0.0252431450487625, ""706"": -0.02056019323838626, ""707"": -0.012427726907642675, ""708"": -0.010395572256612529, ""709"": -0.024613001146871167, ""710"": -0.025331048420058084}"
ltown,3,pooled,0.00025,clean_fpr,1.0682613854217124e-05,41,0,19,"{""110811"": 2.806374902146139e-05, ""111811"": 1.2020799145890589e-05, ""112811"": 7.4915391946518095e-06, ""113811"": 1.1267330414858382e-05, ""114811"": 4.6973175928078485e-06, ""115811"": 5.54947755632723e-07}","{""701"": 2.3254703789418137e-05, ""702"": -3.157854282391638e-05, ""703"": 2.8523545079114736e-05, ""704"": 1.2004072208635173e-05, ""705"": 1.3944280118547928e-05, ""706"": 5.3340020650499344e-05, ""707"": 1.193027659625669e-05, ""708"": 3.114889587441818e-05, ""709"": -2.7837076119699406e-07, ""710"": -3.546274218960559e-05}"
ltown,3,pooled,0.00025,all_negative_fpr,-5.441962230903387e-05,4,0,56,"{""110811"": -3.00811914924291e-05, ""111811"": -8.69742672782399e-05, ""112811"": -5.657504652188262e-05, ""113811"": -4.6645638009056046e-05, ""114811"": -6.611017576427317e-05, ""115811"": -4.0131414788322375e-05}","{""701"": -3.999522357612413e-05, ""702"": -0.00010205550185933474, ""703"": -4.5082421282737624e-05, ""704"": -5.92939680071252e-05, ""705"": -3.97651768480154e-05, ""706"": 3.4600543096567765e-06, ""707"": -5.894867120023191e-05, ""708"": -3.063890512477684e-05, ""709"": -7.027835519822388e-05, ""710"": -0.00010159805430342578}"
ltown,0,pooled,0.0005,pooled_f1,0.04428274906730881,60,0,0,"{""110811"": 0.040716307361096306, ""111811"": 0.045409319124627354, ""112811"": 0.04815406137061472, ""113811"": 0.04425099335483994, ""114811"": 0.04503424522508217, ""115811"": 0.04213156796759231}","{""701"": 0.04681638311469786, ""702"": 0.04414596836010126, ""703"": 0.045140039599860994, ""704"": 0.043324793998655, ""705"": 0.043062459442954004, ""706"": 0.04520313732582254, ""707"": 0.04302349912390593, ""708"": 0.04431930161313621, ""709"": 0.044528414754170166, ""710"": 0.04326349333978404}"
ltown,0,pooled,0.0005,random,0.001060401527024805,48,0,12,"{""110811"": 0.0005457823029153097, ""111811"": 0.0010871342355764924, ""112811"": -0.0003879278202655989, ""113811"": 0.0016683704668849276, ""114811"": 0.000654799569710518, ""115811"": 0.0027942504073271814}","{""701"": 0.0016266375069802035, ""702"": 0.0013613664059362967, ""703"": 0.0010275513314196478, ""704"": 0.001358325226430257, ""705"": 0.000406730697074235, ""706"": 0.00041225093718026223, ""707"": 0.0010229768084322743, ""708"": 0.0007988067984115074, ""709"": 0.00195511684575154, ""710"": 0.0006342527126318257}"
ltown,0,pooled,0.0005,replay,-0.0024046777311226343,27,0,33,"{""110811"": -0.0038039492293687636, ""111811"": 0.0007911253062519829, ""112811"": 0.009750818857821374, ""113811"": 0.0067440900019430485, ""114811"": -0.018066901101038656, ""115811"": -0.00984325022234479}","{""701"": -0.007219103058256293, ""702"": 1.8435596689403422e-05, ""703"": -0.010575411390997361, ""704"": 0.011713630498957664, ""705"": 0.0003701301566852259, ""706"": 0.0002178527073577463, ""707"": -0.0037819446415090683, ""708"": 0.006892063329306068, ""709"": -0.0015661978878203087, ""710"": -0.02011623262163942}"
ltown,0,pooled,0.0005,drift,0.09829939340014776,60,0,0,"{""110811"": 0.11258234883194462, ""111811"": 0.09922776479631266, ""112811"": 0.11445933042280285, ""113811"": 0.08929089531135824, ""114811"": 0.09249176534487175, ""115811"": 0.08174425569359649}","{""701"": 0.0967062792379446, ""702"": 0.09521676828358178, ""703"": 0.09238704011859465, ""704"": 0.10175838716320477, ""705"": 0.0975259611981885, ""706"": 0.10276848639803698, ""707"": 0.10148482712912231, ""708"": 0.1011401974407977, ""709"": 0.09725130040374073, ""710"": 0.09675468662826565}"
ltown,0,pooled,0.0005,noise,0.1294061291711282,60,0,0,"{""110811"": 0.11699431006805053, ""111811"": 0.13530482747729913, ""112811"": 0.13062094499935029, ""113811"": 0.13331282929448637, ""114811"": 0.13447185621846516, ""115811"": 0.12573200696911763}","{""701"": 0.13014509657218554, ""702"": 0.11511625631704736, ""703"": 0.1438795061984913, ""704"": 0.11439583530271095, ""705"": 0.11223147395527738, ""706"": 0.1466844487512366, ""707"": 0.13931606337719538, ""708"": 0.1331446296367907, ""709"": 0.12074072078505849, ""710"": 0.1384072608152881}"
ltown,0,pooled,0.0005,targeted,0.000675460438992768,46,0,14,"{""110811"": -0.0010025982230187803, ""111811"": 0.0012870916238377106, ""112811"": 0.0002424041172745861, ""113811"": 0.001135585818649165, ""114811"": 0.000965787792282935, ""115811"": 0.0014244915049309915}","{""701"": 0.0013808676568804283, ""702"": 0.0005862887842111864, ""703"": 0.0010109673589109673, ""704"": 0.0009222595219162688, ""705"": 0.00041580991232248454, ""706"": -0.0002761961115593607, ""707"": 0.0004607335945570982, ""708"": 0.00021548087796796622, ""709"": 0.0015124824291084342, ""710"": 0.0005259103656122069}"
ltown,0,pooled,0.0005,family_macro_f1,0.04540734136123417,60,0,0,"{""110811"": 0.04506317875010459, ""111811"": 0.04753958868785554, ""112811"": 0.05093711411539672, ""113811"": 0.046430354178664354, ""114811"": 0.042103461564858335, ""115811"": 0.040370350870525505}","{""701"": 0.04452795558314684, ""702"": 0.04245982307749321, ""703"": 0.045545930723283834, ""704"": 0.046029687542644006, ""705"": 0.04219002118390952, ""706"": 0.04996136853645041, ""707"": 0.047700531253559574, ""708"": 0.048438235616654834, ""709"": 0.04397868451516781, ""710"": 0.04324117558003173}"
ltown,0,pooled,0.0005,worst_family_f1,-0.0024046777311226343,27,0,33,"{""110811"": -0.0038039492293687636, ""111811"": 0.0007911253062519829, ""112811"": 0.009750818857821374, ""113811"": 0.0067440900019430485, ""114811"": -0.018066901101038656, ""115811"": -0.00984325022234479}","{""701"": -0.007219103058256293, ""702"": 1.8435596689403422e-05, ""703"": -0.010575411390997361, ""704"": 0.011713630498957664, ""705"": 0.0003701301566852259, ""706"": 0.0002178527073577463, ""707"": -0.0037819446415090683, ""708"": 0.006892063329306068, ""709"": -0.0015661978878203087, ""710"": -0.02011623262163942}"
ltown,0,pooled,0.0005,clean_fpr,3.0718688698460515e-06,31,1,28,"{""110811"": 2.9540788443643535e-06, ""111811"": 1.1625378121354714e-05, ""112811"": -7.723236283146213e-07, ""113811"": 1.3631106026367131e-05, ""114811"": 7.2450152702629535e-06, ""115811"": -1.6252041414958224e-05}","{""701"": -3.516108953465775e-05, ""702"": -3.1829936056102316e-05, ""703"": 9.995820080305857e-06, ""704"": 5.063543342217118e-06, ""705"": -2.1597286721193124e-05, ""706"": 4.059652526545317e-05, ""707"": 4.8621114955295595e-05, ""708"": 2.7360140520743552e-05, ""709"": -1.9577658080282375e-05, ""710"": 7.247514926680779e-06}"
ltown,0,pooled,0.0005,all_negative_fpr,-2.6779825480979405e-05,18,0,42,"{""110811"": -2.2110368861946738e-05, ""111811"": -3.463699870059195e-05, ""112811"": -4.021265561604401e-05, ""113811"": -1.1228221927885708e-05, ""114811"": -2.5667119656643304e-05, ""115811"": -2.6823588122764692e-05}","{""701"": -5.8360371796903645e-05, ""702"": -7.777907243948765e-05, ""703"": -2.4848749757852147e-05, ""704"": -3.5945118262973364e-05, ""705"": -6.090671756064202e-05, ""706"": 2.47288526361525e-05, ""707"": 2.334295490830519e-05, ""708"": 2.765887754398987e-06, ""709"": -5.859828975585972e-05, ""710"": -2.1976305349321567e-06}"
ltown,3,pooled,0.0005,pooled_f1,0.015049597571233671,60,0,0,"{""110811"": 0.010956850853102561, ""111811"": 0.01683725319804492, ""112811"": 0.017357953908274493, ""113811"": 0.01724279807800152, ""114811"": 0.015256293435322643, ""115811"": 0.012646435954655888}","{""701"": 0.015193662320437137, ""702"": 0.017541488662600208, ""703"": 0.01488737245157451, ""704"": 0.013564361730826535, ""705"": 0.014092369934801174, ""706"": 0.014887730730496262, ""707"": 0.016380988090947752, ""708"": 0.014225312772543963, ""709"": 0.014502465049823332, ""710"": 0.015220223968285837}"
ltown,3,pooled,0.0005,random,-0.0011700425712759994,9,2,49,"{""110811"": -0.0007334884568276356, ""111811"": 0.0005534790361570452, ""112811"": -0.0018815753014550184, ""113811"": -0.001732032437720843, ""114811"": -0.0017889965039522004, ""115811"": -0.0014376417638573447}","{""701"": -0.0011676535404328188, ""702"": -0.0006891100006018261, ""703"": -0.0013842306490303342, ""704"": -0.0013050863517103755, ""705"": -0.001482043812165416, ""706"": -0.0016775565653890008, ""707"": -0.0009258768225829939, ""708"": -0.001605235500532635, ""709"": -0.0005779000149916391, ""710"": -0.0008857324553229554}"
ltown,3,pooled,0.0005,replay,-0.018132970217274537,10,0,50,"{""110811"": -0.023646457235848628, ""111811"": -0.022401342306475492, ""112811"": -0.025113652738464488, ""113811"": 0.003053154119216217, ""114811"": -0.024699477865892903, ""115811"": -0.01599004527618194}","{""701"": -0.017420018451164348, ""702"": -0.01692320693077644, ""703"": -0.017133056286097643, ""704"": -0.011282733486373745, ""705"": -0.0252431450487625, ""706"": -0.02056019323838626, ""707"": -0.012427726907642675, ""708"": -0.010395572256612529, ""709"": -0.024613001146871167, ""710"": -0.025331048420058084}"
ltown,3,pooled,0.0005,drift,0.02340720612302997,60,0,0,"{""110811"": 0.02480277390044002, ""111811"": 0.026383792629232017, ""112811"": 0.03387783772936357, ""113811"": 0.0196072552660538, ""114811"": 0.02041129393638761, ""115811"": 0.015360283276702802}","{""701"": 0.026070953903556016, ""702"": 0.021104529132080514, ""703"": 0.015342391853424897, ""704"": 0.021659918393410416, ""705"": 0.02307112389725439, ""706"": 0.030322968368804566, ""707"": 0.02819798513508659, ""708"": 0.02381455485609864, ""709"": 0.022847049364642064, ""710"": 0.021640586325941607}"
ltown,3,pooled,0.0005,noise,0.05772707612690101,60,0,0,"{""110811"": 0.04962254679998531, ""111811"": 0.06354450553712736, ""112811"": 0.05855505245257382, ""113811"": 0.06360715115662521, ""114811"": 0.05641795972840309, ""115811"": 0.054615241086691343}","{""701"": 0.06083434232962235, ""702"": 0.05444370410140378, ""703"": 0.06875116368008344, ""704"": 0.049362370216211725, ""705"": 0.05859085651274929, ""706"": 0.07121061307211411, ""707"": 0.057002796228779705, ""708"": 0.058576234729922884, ""709"": 0.053270558127114676, ""710"": 0.045228122271008274}"
ltown,3,pooled,0.0005,targeted,-0.0019274457264905158,0,0,60,"{""110811"": -0.0023829683601075736, ""111811"": -0.0035195875710422155, ""112811"": -0.0017307948225331327, ""113811"": -0.001221300449644047, ""114811"": -0.0015978847586241684, ""115811"": -0.0011121383969919575}","{""701"": -0.0021860144010887685, ""702"": -0.0015922662083773798, ""703"": -0.0014750605766498115, ""704"": -0.0019107557696904827, ""705"": -0.0019270796490175417, ""706"": -0.0027973563209422645, ""707"": -0.002404116191510597, ""708"": -0.0021844333866930707, ""709"": -0.0010778304602851823, ""710"": -0.0017195443006500593}"
ltown,3,pooled,0.0005,family_macro_f1,0.011980764746977964,60,0,0,"{""110811"": 0.00953248132952832, ""111811"": 0.012912169464999623, ""112811"": 0.012741373463896921, ""113811"": 0.016662845530906058, ""114811"": 0.009748578907264304, ""115811"": 0.01028713978527256}","{""701"": 0.013226321968098457, ""702"": 0.011268730018745695, ""703"": 0.012820241604346064, ""704"": 0.011304742600369474, ""705"": 0.010601942380011664, ""706"": 0.015299695063240174, ""707"": 0.013888612288425972, ""708"": 0.013641109688436681, ""709"": 0.009969775173921743, ""710"": 0.0077864766841837145}"
ltown,3,pooled,0.0005,worst_family_f1,-0.018132970217274537,10,0,50,"{""110811"": -0.023646457235848628, ""111811"": -0.022401342306475492, ""112811"": -0.025113652738464488, ""113811"": 0.003053154119216217, ""114811"": -0.024699477865892903, ""115811"": -0.01599004527618194}","{""701"": -0.017420018451164348, ""702"": -0.01692320693077644, ""703"": -0.017133056286097643, ""704"": -0.011282733486373745, ""705"": -0.0252431450487625, ""706"": -0.02056019323838626, ""707"": -0.012427726907642675, ""708"": -0.010395572256612529, ""709"": -0.024613001146871167, ""710"": -0.025331048420058084}"
ltown,3,pooled,0.0005,clean_fpr,1.0682613854217124e-05,41,0,19,"{""110811"": 2.806374902146139e-05, ""111811"": 1.2020799145890589e-05, ""112811"": 7.4915391946518095e-06, ""113811"": 1.1267330414858382e-05, ""114811"": 4.6973175928078485e-06, ""115811"": 5.54947755632723e-07}","{""701"": 2.3254703789418137e-05, ""702"": -3.157854282391638e-05, ""703"": 2.8523545079114736e-05, ""704"": 1.2004072208635173e-05, ""705"": 1.3944280118547928e-05, ""706"": 5.3340020650499344e-05, ""707"": 1.193027659625669e-05, ""708"": 3.114889587441818e-05, ""709"": -2.7837076119699406e-07, ""710"": -3.546274218960559e-05}"
ltown,3,pooled,0.0005,all_negative_fpr,-5.441962230903387e-05,4,0,56,"{""110811"": -3.00811914924291e-05, ""111811"": -8.69742672782399e-05, ""112811"": -5.657504652188262e-05, ""113811"": -4.6645638009056046e-05, ""114811"": -6.611017576427317e-05, ""115811"": -4.0131414788322375e-05}","{""701"": -3.999522357612413e-05, ""702"": -0.00010205550185933474, ""703"": -4.5082421282737624e-05, ""704"": -5.92939680071252e-05, ""705"": -3.97651768480154e-05, ""706"": 3.4600543096567765e-06, ""707"": -5.894867120023191e-05, ""708"": -3.063890512477684e-05, ""709"": -7.027835519822388e-05, ""710"": -0.00010159805430342578}"
ltown,0,pooled,0.001,pooled_f1,0.04428274906730881,60,0,0,"{""110811"": 0.040716307361096306, ""111811"": 0.045409319124627354, ""112811"": 0.04815406137061472, ""113811"": 0.04425099335483994, ""114811"": 0.04503424522508217, ""115811"": 0.04213156796759231}","{""701"": 0.04681638311469786, ""702"": 0.04414596836010126, ""703"": 0.045140039599860994, ""704"": 0.043324793998655, ""705"": 0.043062459442954004, ""706"": 0.04520313732582254, ""707"": 0.04302349912390593, ""708"": 0.04431930161313621, ""709"": 0.044528414754170166, ""710"": 0.04326349333978404}"
ltown,0,pooled,0.001,random,0.001060401527024805,48,0,12,"{""110811"": 0.0005457823029153097, ""111811"": 0.0010871342355764924, ""112811"": -0.0003879278202655989, ""113811"": 0.0016683704668849276, ""114811"": 0.000654799569710518, ""115811"": 0.0027942504073271814}","{""701"": 0.0016266375069802035, ""702"": 0.0013613664059362967, ""703"": 0.0010275513314196478, ""704"": 0.001358325226430257, ""705"": 0.000406730697074235, ""706"": 0.00041225093718026223, ""707"": 0.0010229768084322743, ""708"": 0.0007988067984115074, ""709"": 0.00195511684575154, ""710"": 0.0006342527126318257}"
ltown,0,pooled,0.001,replay,-0.0024046777311226343,27,0,33,"{""110811"": -0.0038039492293687636, ""111811"": 0.0007911253062519829, ""112811"": 0.009750818857821374, ""113811"": 0.0067440900019430485, ""114811"": -0.018066901101038656, ""115811"": -0.00984325022234479}","{""701"": -0.007219103058256293, ""702"": 1.8435596689403422e-05, ""703"": -0.010575411390997361, ""704"": 0.011713630498957664, ""705"": 0.0003701301566852259, ""706"": 0.0002178527073577463, ""707"": -0.0037819446415090683, ""708"": 0.006892063329306068, ""709"": -0.0015661978878203087, ""710"": -0.02011623262163942}"
ltown,0,pooled,0.001,drift,0.09829939340014776,60,0,0,"{""110811"": 0.11258234883194462, ""111811"": 0.09922776479631266, ""112811"": 0.11445933042280285, ""113811"": 0.08929089531135824, ""114811"": 0.09249176534487175, ""115811"": 0.08174425569359649}","{""701"": 0.0967062792379446, ""702"": 0.09521676828358178, ""703"": 0.09238704011859465, ""704"": 0.10175838716320477, ""705"": 0.0975259611981885, ""706"": 0.10276848639803698, ""707"": 0.10148482712912231, ""708"": 0.1011401974407977, ""709"": 0.09725130040374073, ""710"": 0.09675468662826565}"
ltown,0,pooled,0.001,noise,0.1294061291711282,60,0,0,"{""110811"": 0.11699431006805053, ""111811"": 0.13530482747729913, ""112811"": 0.13062094499935029, ""113811"": 0.13331282929448637, ""114811"": 0.13447185621846516, ""115811"": 0.12573200696911763}","{""701"": 0.13014509657218554, ""702"": 0.11511625631704736, ""703"": 0.1438795061984913, ""704"": 0.11439583530271095, ""705"": 0.11223147395527738, ""706"": 0.1466844487512366, ""707"": 0.13931606337719538, ""708"": 0.1331446296367907, ""709"": 0.12074072078505849, ""710"": 0.1384072608152881}"
ltown,0,pooled,0.001,targeted,0.000675460438992768,46,0,14,"{""110811"": -0.0010025982230187803, ""111811"": 0.0012870916238377106, ""112811"": 0.0002424041172745861, ""113811"": 0.001135585818649165, ""114811"": 0.000965787792282935, ""115811"": 0.0014244915049309915}","{""701"": 0.0013808676568804283, ""702"": 0.0005862887842111864, ""703"": 0.0010109673589109673, ""704"": 0.0009222595219162688, ""705"": 0.00041580991232248454, ""706"": -0.0002761961115593607, ""707"": 0.0004607335945570982, ""708"": 0.00021548087796796622, ""709"": 0.0015124824291084342, ""710"": 0.0005259103656122069}"
ltown,0,pooled,0.001,family_macro_f1,0.04540734136123417,60,0,0,"{""110811"": 0.04506317875010459, ""111811"": 0.04753958868785554, ""112811"": 0.05093711411539672, ""113811"": 0.046430354178664354, ""114811"": 0.042103461564858335, ""115811"": 0.040370350870525505}","{""701"": 0.04452795558314684, ""702"": 0.04245982307749321, ""703"": 0.045545930723283834, ""704"": 0.046029687542644006, ""705"": 0.04219002118390952, ""706"": 0.04996136853645041, ""707"": 0.047700531253559574, ""708"": 0.048438235616654834, ""709"": 0.04397868451516781, ""710"": 0.04324117558003173}"
ltown,0,pooled,0.001,worst_family_f1,-0.0024046777311226343,27,0,33,"{""110811"": -0.0038039492293687636, ""111811"": 0.0007911253062519829, ""112811"": 0.009750818857821374, ""113811"": 0.0067440900019430485, ""114811"": -0.018066901101038656, ""115811"": -0.00984325022234479}","{""701"": -0.007219103058256293, ""702"": 1.8435596689403422e-05, ""703"": -0.010575411390997361, ""704"": 0.011713630498957664, ""705"": 0.0003701301566852259, ""706"": 0.0002178527073577463, ""707"": -0.0037819446415090683, ""708"": 0.006892063329306068, ""709"": -0.0015661978878203087, ""710"": -0.02011623262163942}"
ltown,0,pooled,0.001,clean_fpr,3.0718688698460515e-06,31,1,28,"{""110811"": 2.9540788443643535e-06, ""111811"": 1.1625378121354714e-05, ""112811"": -7.723236283146213e-07, ""113811"": 1.3631106026367131e-05, ""114811"": 7.2450152702629535e-06, ""115811"": -1.6252041414958224e-05}","{""701"": -3.516108953465775e-05, ""702"": -3.1829936056102316e-05, ""703"": 9.995820080305857e-06, ""704"": 5.063543342217118e-06, ""705"": -2.1597286721193124e-05, ""706"": 4.059652526545317e-05, ""707"": 4.8621114955295595e-05, ""708"": 2.7360140520743552e-05, ""709"": -1.9577658080282375e-05, ""710"": 7.247514926680779e-06}"
ltown,0,pooled,0.001,all_negative_fpr,-2.6779825480979405e-05,18,0,42,"{""110811"": -2.2110368861946738e-05, ""111811"": -3.463699870059195e-05, ""112811"": -4.021265561604401e-05, ""113811"": -1.1228221927885708e-05, ""114811"": -2.5667119656643304e-05, ""115811"": -2.6823588122764692e-05}","{""701"": -5.8360371796903645e-05, ""702"": -7.777907243948765e-05, ""703"": -2.4848749757852147e-05, ""704"": -3.5945118262973364e-05, ""705"": -6.090671756064202e-05, ""706"": 2.47288526361525e-05, ""707"": 2.334295490830519e-05, ""708"": 2.765887754398987e-06, ""709"": -5.859828975585972e-05, ""710"": -2.1976305349321567e-06}"
ltown,3,pooled,0.001,pooled_f1,0.015049597571233671,60,0,0,"{""110811"": 0.010956850853102561, ""111811"": 0.01683725319804492, ""112811"": 0.017357953908274493, ""113811"": 0.01724279807800152, ""114811"": 0.015256293435322643, ""115811"": 0.012646435954655888}","{""701"": 0.015193662320437137, ""702"": 0.017541488662600208, ""703"": 0.01488737245157451, ""704"": 0.013564361730826535, ""705"": 0.014092369934801174, ""706"": 0.014887730730496262, ""707"": 0.016380988090947752, ""708"": 0.014225312772543963, ""709"": 0.014502465049823332, ""710"": 0.015220223968285837}"
ltown,3,pooled,0.001,random,-0.0011700425712759994,9,2,49,"{""110811"": -0.0007334884568276356, ""111811"": 0.0005534790361570452, ""112811"": -0.0018815753014550184, ""113811"": -0.001732032437720843, ""114811"": -0.0017889965039522004, ""115811"": -0.0014376417638573447}","{""701"": -0.0011676535404328188, ""702"": -0.0006891100006018261, ""703"": -0.0013842306490303342, ""704"": -0.0013050863517103755, ""705"": -0.001482043812165416, ""706"": -0.0016775565653890008, ""707"": -0.0009258768225829939, ""708"": -0.001605235500532635, ""709"": -0.0005779000149916391, ""710"": -0.0008857324553229554}"
ltown,3,pooled,0.001,replay,-0.018132970217274537,10,0,50,"{""110811"": -0.023646457235848628, ""111811"": -0.022401342306475492, ""112811"": -0.025113652738464488, ""113811"": 0.003053154119216217, ""114811"": -0.024699477865892903, ""115811"": -0.01599004527618194}","{""701"": -0.017420018451164348, ""702"": -0.01692320693077644, ""703"": -0.017133056286097643, ""704"": -0.011282733486373745, ""705"": -0.0252431450487625, ""706"": -0.02056019323838626, ""707"": -0.012427726907642675, ""708"": -0.010395572256612529, ""709"": -0.024613001146871167, ""710"": -0.025331048420058084}"
ltown,3,pooled,0.001,drift,0.02340720612302997,60,0,0,"{""110811"": 0.02480277390044002, ""111811"": 0.026383792629232017, ""112811"": 0.03387783772936357, ""113811"": 0.0196072552660538, ""114811"": 0.02041129393638761, ""115811"": 0.015360283276702802}","{""701"": 0.026070953903556016, ""702"": 0.021104529132080514, ""703"": 0.015342391853424897, ""704"": 0.021659918393410416, ""705"": 0.02307112389725439, ""706"": 0.030322968368804566, ""707"": 0.02819798513508659, ""708"": 0.02381455485609864, ""709"": 0.022847049364642064, ""710"": 0.021640586325941607}"
ltown,3,pooled,0.001,noise,0.05772707612690101,60,0,0,"{""110811"": 0.04962254679998531, ""111811"": 0.06354450553712736, ""112811"": 0.05855505245257382, ""113811"": 0.06360715115662521, ""114811"": 0.05641795972840309, ""115811"": 0.054615241086691343}","{""701"": 0.06083434232962235, ""702"": 0.05444370410140378, ""703"": 0.06875116368008344, ""704"": 0.049362370216211725, ""705"": 0.05859085651274929, ""706"": 0.07121061307211411, ""707"": 0.057002796228779705, ""708"": 0.058576234729922884, ""709"": 0.053270558127114676, ""710"": 0.045228122271008274}"
ltown,3,pooled,0.001,targeted,-0.0019274457264905158,0,0,60,"{""110811"": -0.0023829683601075736, ""111811"": -0.0035195875710422155, ""112811"": -0.0017307948225331327, ""113811"": -0.001221300449644047, ""114811"": -0.0015978847586241684, ""115811"": -0.0011121383969919575}","{""701"": -0.0021860144010887685, ""702"": -0.0015922662083773798, ""703"": -0.0014750605766498115, ""704"": -0.0019107557696904827, ""705"": -0.0019270796490175417, ""706"": -0.0027973563209422645, ""707"": -0.002404116191510597, ""708"": -0.0021844333866930707, ""709"": -0.0010778304602851823, ""710"": -0.0017195443006500593}"
ltown,3,pooled,0.001,family_macro_f1,0.011980764746977964,60,0,0,"{""110811"": 0.00953248132952832, ""111811"": 0.012912169464999623, ""112811"": 0.012741373463896921, ""113811"": 0.016662845530906058, ""114811"": 0.009748578907264304, ""115811"": 0.01028713978527256}","{""701"": 0.013226321968098457, ""702"": 0.011268730018745695, ""703"": 0.012820241604346064, ""704"": 0.011304742600369474, ""705"": 0.010601942380011664, ""706"": 0.015299695063240174, ""707"": 0.013888612288425972, ""708"": 0.013641109688436681, ""709"": 0.009969775173921743, ""710"": 0.0077864766841837145}"
ltown,3,pooled,0.001,worst_family_f1,-0.018132970217274537,10,0,50,"{""110811"": -0.023646457235848628, ""111811"": -0.022401342306475492, ""112811"": -0.025113652738464488, ""113811"": 0.003053154119216217, ""114811"": -0.024699477865892903, ""115811"": -0.01599004527618194}","{""701"": -0.017420018451164348, ""702"": -0.01692320693077644, ""703"": -0.017133056286097643, ""704"": -0.011282733486373745, ""705"": -0.0252431450487625, ""706"": -0.02056019323838626, ""707"": -0.012427726907642675, ""708"": -0.010395572256612529, ""709"": -0.024613001146871167, ""710"": -0.025331048420058084}"
ltown,3,pooled,0.001,clean_fpr,1.0682613854217124e-05,41,0,19,"{""110811"": 2.806374902146139e-05, ""111811"": 1.2020799145890589e-05, ""112811"": 7.4915391946518095e-06, ""113811"": 1.1267330414858382e-05, ""114811"": 4.6973175928078485e-06, ""115811"": 5.54947755632723e-07}","{""701"": 2.3254703789418137e-05, ""702"": -3.157854282391638e-05, ""703"": 2.8523545079114736e-05, ""704"": 1.2004072208635173e-05, ""705"": 1.3944280118547928e-05, ""706"": 5.3340020650499344e-05, ""707"": 1.193027659625669e-05, ""708"": 3.114889587441818e-05, ""709"": -2.7837076119699406e-07, ""710"": -3.546274218960559e-05}"
ltown,3,pooled,0.001,all_negative_fpr,-5.441962230903387e-05,4,0,56,"{""110811"": -3.00811914924291e-05, ""111811"": -8.69742672782399e-05, ""112811"": -5.657504652188262e-05, ""113811"": -4.6645638009056046e-05, ""114811"": -6.611017576427317e-05, ""115811"": -4.0131414788322375e-05}","{""701"": -3.999522357612413e-05, ""702"": -0.00010205550185933474, ""703"": -4.5082421282737624e-05, ""704"": -5.92939680071252e-05, ""705"": -3.97651768480154e-05, ""706"": 3.4600543096567765e-06, ""707"": -5.894867120023191e-05, ""708"": -3.063890512477684e-05, ""709"": -7.027835519822388e-05, ""710"": -0.00010159805430342578}"
ltown,0,pooled,0.0025,pooled_f1,0.04428274906730881,60,0,0,"{""110811"": 0.040716307361096306, ""111811"": 0.045409319124627354, ""112811"": 0.04815406137061472, ""113811"": 0.04425099335483994, ""114811"": 0.04503424522508217, ""115811"": 0.04213156796759231}","{""701"": 0.04681638311469786, ""702"": 0.04414596836010126, ""703"": 0.045140039599860994, ""704"": 0.043324793998655, ""705"": 0.043062459442954004, ""706"": 0.04520313732582254, ""707"": 0.04302349912390593, ""708"": 0.04431930161313621, ""709"": 0.044528414754170166, ""710"": 0.04326349333978404}"
ltown,0,pooled,0.0025,random,0.001060401527024805,48,0,12,"{""110811"": 0.0005457823029153097, ""111811"": 0.0010871342355764924, ""112811"": -0.0003879278202655989, ""113811"": 0.0016683704668849276, ""114811"": 0.000654799569710518, ""115811"": 0.0027942504073271814}","{""701"": 0.0016266375069802035, ""702"": 0.0013613664059362967, ""703"": 0.0010275513314196478, ""704"": 0.001358325226430257, ""705"": 0.000406730697074235, ""706"": 0.00041225093718026223, ""707"": 0.0010229768084322743, ""708"": 0.0007988067984115074, ""709"": 0.00195511684575154, ""710"": 0.0006342527126318257}"
ltown,0,pooled,0.0025,replay,-0.0024046777311226343,27,0,33,"{""110811"": -0.0038039492293687636, ""111811"": 0.0007911253062519829, ""112811"": 0.009750818857821374, ""113811"": 0.0067440900019430485, ""114811"": -0.018066901101038656, ""115811"": -0.00984325022234479}","{""701"": -0.007219103058256293, ""702"": 1.8435596689403422e-05, ""703"": -0.010575411390997361, ""704"": 0.011713630498957664, ""705"": 0.0003701301566852259, ""706"": 0.0002178527073577463, ""707"": -0.0037819446415090683, ""708"": 0.006892063329306068, ""709"": -0.0015661978878203087, ""710"": -0.02011623262163942}"
ltown,0,pooled,0.0025,drift,0.09829939340014776,60,0,0,"{""110811"": 0.11258234883194462, ""111811"": 0.09922776479631266, ""112811"": 0.11445933042280285, ""113811"": 0.08929089531135824, ""114811"": 0.09249176534487175, ""115811"": 0.08174425569359649}","{""701"": 0.0967062792379446, ""702"": 0.09521676828358178, ""703"": 0.09238704011859465, ""704"": 0.10175838716320477, ""705"": 0.0975259611981885, ""706"": 0.10276848639803698, ""707"": 0.10148482712912231, ""708"": 0.1011401974407977, ""709"": 0.09725130040374073, ""710"": 0.09675468662826565}"
ltown,0,pooled,0.0025,noise,0.1294061291711282,60,0,0,"{""110811"": 0.11699431006805053, ""111811"": 0.13530482747729913, ""112811"": 0.13062094499935029, ""113811"": 0.13331282929448637, ""114811"": 0.13447185621846516, ""115811"": 0.12573200696911763}","{""701"": 0.13014509657218554, ""702"": 0.11511625631704736, ""703"": 0.1438795061984913, ""704"": 0.11439583530271095, ""705"": 0.11223147395527738, ""706"": 0.1466844487512366, ""707"": 0.13931606337719538, ""708"": 0.1331446296367907, ""709"": 0.12074072078505849, ""710"": 0.1384072608152881}"
ltown,0,pooled,0.0025,targeted,0.000675460438992768,46,0,14,"{""110811"": -0.0010025982230187803, ""111811"": 0.0012870916238377106, ""112811"": 0.0002424041172745861, ""113811"": 0.001135585818649165, ""114811"": 0.000965787792282935, ""115811"": 0.0014244915049309915}","{""701"": 0.0013808676568804283, ""702"": 0.0005862887842111864, ""703"": 0.0010109673589109673, ""704"": 0.0009222595219162688, ""705"": 0.00041580991232248454, ""706"": -0.0002761961115593607, ""707"": 0.0004607335945570982, ""708"": 0.00021548087796796622, ""709"": 0.0015124824291084342, ""710"": 0.0005259103656122069}"
ltown,0,pooled,0.0025,family_macro_f1,0.04540734136123417,60,0,0,"{""110811"": 0.04506317875010459, ""111811"": 0.04753958868785554, ""112811"": 0.05093711411539672, ""113811"": 0.046430354178664354, ""114811"": 0.042103461564858335, ""115811"": 0.040370350870525505}","{""701"": 0.04452795558314684, ""702"": 0.04245982307749321, ""703"": 0.045545930723283834, ""704"": 0.046029687542644006, ""705"": 0.04219002118390952, ""706"": 0.04996136853645041, ""707"": 0.047700531253559574, ""708"": 0.048438235616654834, ""709"": 0.04397868451516781, ""710"": 0.04324117558003173}"
ltown,0,pooled,0.0025,worst_family_f1,-0.0024046777311226343,27,0,33,"{""110811"": -0.0038039492293687636, ""111811"": 0.0007911253062519829, ""112811"": 0.009750818857821374, ""113811"": 0.0067440900019430485, ""114811"": -0.018066901101038656, ""115811"": -0.00984325022234479}","{""701"": -0.007219103058256293, ""702"": 1.8435596689403422e-05, ""703"": -0.010575411390997361, ""704"": 0.011713630498957664, ""705"": 0.0003701301566852259, ""706"": 0.0002178527073577463, ""707"": -0.0037819446415090683, ""708"": 0.006892063329306068, ""709"": -0.0015661978878203087, ""710"": -0.02011623262163942}"
ltown,0,pooled,0.0025,clean_fpr,3.0718688698460515e-06,31,1,28,"{""110811"": 2.9540788443643535e-06, ""111811"": 1.1625378121354714e-05, ""112811"": -7.723236283146213e-07, ""113811"": 1.3631106026367131e-05, ""114811"": 7.2450152702629535e-06, ""115811"": -1.6252041414958224e-05}","{""701"": -3.516108953465775e-05, ""702"": -3.1829936056102316e-05, ""703"": 9.995820080305857e-06, ""704"": 5.063543342217118e-06, ""705"": -2.1597286721193124e-05, ""706"": 4.059652526545317e-05, ""707"": 4.8621114955295595e-05, ""708"": 2.7360140520743552e-05, ""709"": -1.9577658080282375e-05, ""710"": 7.247514926680779e-06}"
ltown,0,pooled,0.0025,all_negative_fpr,-2.6779825480979405e-05,18,0,42,"{""110811"": -2.2110368861946738e-05, ""111811"": -3.463699870059195e-05, ""112811"": -4.021265561604401e-05, ""113811"": -1.1228221927885708e-05, ""114811"": -2.5667119656643304e-05, ""115811"": -2.6823588122764692e-05}","{""701"": -5.8360371796903645e-05, ""702"": -7.777907243948765e-05, ""703"": -2.4848749757852147e-05, ""704"": -3.5945118262973364e-05, ""705"": -6.090671756064202e-05, ""706"": 2.47288526361525e-05, ""707"": 2.334295490830519e-05, ""708"": 2.765887754398987e-06, ""709"": -5.859828975585972e-05, ""710"": -2.1976305349321567e-06}"
ltown,3,pooled,0.0025,pooled_f1,0.015049597571233671,60,0,0,"{""110811"": 0.010956850853102561, ""111811"": 0.01683725319804492, ""112811"": 0.017357953908274493, ""113811"": 0.01724279807800152, ""114811"": 0.015256293435322643, ""115811"": 0.012646435954655888}","{""701"": 0.015193662320437137, ""702"": 0.017541488662600208, ""703"": 0.01488737245157451, ""704"": 0.013564361730826535, ""705"": 0.014092369934801174, ""706"": 0.014887730730496262, ""707"": 0.016380988090947752, ""708"": 0.014225312772543963, ""709"": 0.014502465049823332, ""710"": 0.015220223968285837}"
ltown,3,pooled,0.0025,random,-0.0011700425712759994,9,2,49,"{""110811"": -0.0007334884568276356, ""111811"": 0.0005534790361570452, ""112811"": -0.0018815753014550184, ""113811"": -0.001732032437720843, ""114811"": -0.0017889965039522004, ""115811"": -0.0014376417638573447}","{""701"": -0.0011676535404328188, ""702"": -0.0006891100006018261, ""703"": -0.0013842306490303342, ""704"": -0.0013050863517103755, ""705"": -0.001482043812165416, ""706"": -0.0016775565653890008, ""707"": -0.0009258768225829939, ""708"": -0.001605235500532635, ""709"": -0.0005779000149916391, ""710"": -0.0008857324553229554}"
ltown,3,pooled,0.0025,replay,-0.018132970217274537,10,0,50,"{""110811"": -0.023646457235848628, ""111811"": -0.022401342306475492, ""112811"": -0.025113652738464488, ""113811"": 0.003053154119216217, ""114811"": -0.024699477865892903, ""115811"": -0.01599004527618194}","{""701"": -0.017420018451164348, ""702"": -0.01692320693077644, ""703"": -0.017133056286097643, ""704"": -0.011282733486373745, ""705"": -0.0252431450487625, ""706"": -0.02056019323838626, ""707"": -0.012427726907642675, ""708"": -0.010395572256612529, ""709"": -0.024613001146871167, ""710"": -0.025331048420058084}"
ltown,3,pooled,0.0025,drift,0.02340720612302997,60,0,0,"{""110811"": 0.02480277390044002, ""111811"": 0.026383792629232017, ""112811"": 0.03387783772936357, ""113811"": 0.0196072552660538, ""114811"": 0.02041129393638761, ""115811"": 0.015360283276702802}","{""701"": 0.026070953903556016, ""702"": 0.021104529132080514, ""703"": 0.015342391853424897, ""704"": 0.021659918393410416, ""705"": 0.02307112389725439, ""706"": 0.030322968368804566, ""707"": 0.02819798513508659, ""708"": 0.02381455485609864, ""709"": 0.022847049364642064, ""710"": 0.021640586325941607}"
ltown,3,pooled,0.0025,noise,0.05772707612690101,60,0,0,"{""110811"": 0.04962254679998531, ""111811"": 0.06354450553712736, ""112811"": 0.05855505245257382, ""113811"": 0.06360715115662521, ""114811"": 0.05641795972840309, ""115811"": 0.054615241086691343}","{""701"": 0.06083434232962235, ""702"": 0.05444370410140378, ""703"": 0.06875116368008344, ""704"": 0.049362370216211725, ""705"": 0.05859085651274929, ""706"": 0.07121061307211411, ""707"": 0.057002796228779705, ""708"": 0.058576234729922884, ""709"": 0.053270558127114676, ""710"": 0.045228122271008274}"
ltown,3,pooled,0.0025,targeted,-0.0019274457264905158,0,0,60,"{""110811"": -0.0023829683601075736, ""111811"": -0.0035195875710422155, ""112811"": -0.0017307948225331327, ""113811"": -0.001221300449644047, ""114811"": -0.0015978847586241684, ""115811"": -0.0011121383969919575}","{""701"": -0.0021860144010887685, ""702"": -0.0015922662083773798, ""703"": -0.0014750605766498115, ""704"": -0.0019107557696904827, ""705"": -0.0019270796490175417, ""706"": -0.0027973563209422645, ""707"": -0.002404116191510597, ""708"": -0.0021844333866930707, ""709"": -0.0010778304602851823, ""710"": -0.0017195443006500593}"
ltown,3,pooled,0.0025,family_macro_f1,0.011980764746977964,60,0,0,"{""110811"": 0.00953248132952832, ""111811"": 0.012912169464999623, ""112811"": 0.012741373463896921, ""113811"": 0.016662845530906058, ""114811"": 0.009748578907264304, ""115811"": 0.01028713978527256}","{""701"": 0.013226321968098457, ""702"": 0.011268730018745695, ""703"": 0.012820241604346064, ""704"": 0.011304742600369474, ""705"": 0.010601942380011664, ""706"": 0.015299695063240174, ""707"": 0.013888612288425972, ""708"": 0.013641109688436681, ""709"": 0.009969775173921743, ""710"": 0.0077864766841837145}"
ltown,3,pooled,0.0025,worst_family_f1,-0.018132970217274537,10,0,50,"{""110811"": -0.023646457235848628, ""111811"": -0.022401342306475492, ""112811"": -0.025113652738464488, ""113811"": 0.003053154119216217, ""114811"": -0.024699477865892903, ""115811"": -0.01599004527618194}","{""701"": -0.017420018451164348, ""702"": -0.01692320693077644, ""703"": -0.017133056286097643, ""704"": -0.011282733486373745, ""705"": -0.0252431450487625, ""706"": -0.02056019323838626, ""707"": -0.012427726907642675, ""708"": -0.010395572256612529, ""709"": -0.024613001146871167, ""710"": -0.025331048420058084}"
ltown,3,pooled,0.0025,clean_fpr,1.0682613854217124e-05,41,0,19,"{""110811"": 2.806374902146139e-05, ""111811"": 1.2020799145890589e-05, ""112811"": 7.4915391946518095e-06, ""113811"": 1.1267330414858382e-05, ""114811"": 4.6973175928078485e-06, ""115811"": 5.54947755632723e-07}","{""701"": 2.3254703789418137e-05, ""702"": -3.157854282391638e-05, ""703"": 2.8523545079114736e-05, ""704"": 1.2004072208635173e-05, ""705"": 1.3944280118547928e-05, ""706"": 5.3340020650499344e-05, ""707"": 1.193027659625669e-05, ""708"": 3.114889587441818e-05, ""709"": -2.7837076119699406e-07, ""710"": -3.546274218960559e-05}"
ltown,3,pooled,0.0025,all_negative_fpr,-5.441962230903387e-05,4,0,56,"{""110811"": -3.00811914924291e-05, ""111811"": -8.69742672782399e-05, ""112811"": -5.657504652188262e-05, ""113811"": -4.6645638009056046e-05, ""114811"": -6.611017576427317e-05, ""115811"": -4.0131414788322375e-05}","{""701"": -3.999522357612413e-05, ""702"": -0.00010205550185933474, ""703"": -4.5082421282737624e-05, ""704"": -5.92939680071252e-05, ""705"": -3.97651768480154e-05, ""706"": 3.4600543096567765e-06, ""707"": -5.894867120023191e-05, ""708"": -3.063890512477684e-05, ""709"": -7.027835519822388e-05, ""710"": -0.00010159805430342578}"
ltown,0,pooled,0.005,pooled_f1,0.04428274906730881,60,0,0,"{""110811"": 0.040716307361096306, ""111811"": 0.045409319124627354, ""112811"": 0.04815406137061472, ""113811"": 0.04425099335483994, ""114811"": 0.04503424522508217, ""115811"": 0.04213156796759231}","{""701"": 0.04681638311469786, ""702"": 0.04414596836010126, ""703"": 0.045140039599860994, ""704"": 0.043324793998655, ""705"": 0.043062459442954004, ""706"": 0.04520313732582254, ""707"": 0.04302349912390593, ""708"": 0.04431930161313621, ""709"": 0.044528414754170166, ""710"": 0.04326349333978404}"
ltown,0,pooled,0.005,random,0.001060401527024805,48,0,12,"{""110811"": 0.0005457823029153097, ""111811"": 0.0010871342355764924, ""112811"": -0.0003879278202655989, ""113811"": 0.0016683704668849276, ""114811"": 0.000654799569710518, ""115811"": 0.0027942504073271814}","{""701"": 0.0016266375069802035, ""702"": 0.0013613664059362967, ""703"": 0.0010275513314196478, ""704"": 0.001358325226430257, ""705"": 0.000406730697074235, ""706"": 0.00041225093718026223, ""707"": 0.0010229768084322743, ""708"": 0.0007988067984115074, ""709"": 0.00195511684575154, ""710"": 0.0006342527126318257}"
ltown,0,pooled,0.005,replay,-0.0024046777311226343,27,0,33,"{""110811"": -0.0038039492293687636, ""111811"": 0.0007911253062519829, ""112811"": 0.009750818857821374, ""113811"": 0.0067440900019430485, ""114811"": -0.018066901101038656, ""115811"": -0.00984325022234479}","{""701"": -0.007219103058256293, ""702"": 1.8435596689403422e-05, ""703"": -0.010575411390997361, ""704"": 0.011713630498957664, ""705"": 0.0003701301566852259, ""706"": 0.0002178527073577463, ""707"": -0.0037819446415090683, ""708"": 0.006892063329306068, ""709"": -0.0015661978878203087, ""710"": -0.02011623262163942}"
ltown,0,pooled,0.005,drift,0.09829939340014776,60,0,0,"{""110811"": 0.11258234883194462, ""111811"": 0.09922776479631266, ""112811"": 0.11445933042280285, ""113811"": 0.08929089531135824, ""114811"": 0.09249176534487175, ""115811"": 0.08174425569359649}","{""701"": 0.0967062792379446, ""702"": 0.09521676828358178, ""703"": 0.09238704011859465, ""704"": 0.10175838716320477, ""705"": 0.0975259611981885, ""706"": 0.10276848639803698, ""707"": 0.10148482712912231, ""708"": 0.1011401974407977, ""709"": 0.09725130040374073, ""710"": 0.09675468662826565}"
ltown,0,pooled,0.005,noise,0.1294061291711282,60,0,0,"{""110811"": 0.11699431006805053, ""111811"": 0.13530482747729913, ""112811"": 0.13062094499935029, ""113811"": 0.13331282929448637, ""114811"": 0.13447185621846516, ""115811"": 0.12573200696911763}","{""701"": 0.13014509657218554, ""702"": 0.11511625631704736, ""703"": 0.1438795061984913, ""704"": 0.11439583530271095, ""705"": 0.11223147395527738, ""706"": 0.1466844487512366, ""707"": 0.13931606337719538, ""708"": 0.1331446296367907, ""709"": 0.12074072078505849, ""710"": 0.1384072608152881}"
ltown,0,pooled,0.005,targeted,0.000675460438992768,46,0,14,"{""110811"": -0.0010025982230187803, ""111811"": 0.0012870916238377106, ""112811"": 0.0002424041172745861, ""113811"": 0.001135585818649165, ""114811"": 0.000965787792282935, ""115811"": 0.0014244915049309915}","{""701"": 0.0013808676568804283, ""702"": 0.0005862887842111864, ""703"": 0.0010109673589109673, ""704"": 0.0009222595219162688, ""705"": 0.00041580991232248454, ""706"": -0.0002761961115593607, ""707"": 0.0004607335945570982, ""708"": 0.00021548087796796622, ""709"": 0.0015124824291084342, ""710"": 0.0005259103656122069}"
ltown,0,pooled,0.005,family_macro_f1,0.04540734136123417,60,0,0,"{""110811"": 0.04506317875010459, ""111811"": 0.04753958868785554, ""112811"": 0.05093711411539672, ""113811"": 0.046430354178664354, ""114811"": 0.042103461564858335, ""115811"": 0.040370350870525505}","{""701"": 0.04452795558314684, ""702"": 0.04245982307749321, ""703"": 0.045545930723283834, ""704"": 0.046029687542644006, ""705"": 0.04219002118390952, ""706"": 0.04996136853645041, ""707"": 0.047700531253559574, ""708"": 0.048438235616654834, ""709"": 0.04397868451516781, ""710"": 0.04324117558003173}"
ltown,0,pooled,0.005,worst_family_f1,-0.0024046777311226343,27,0,33,"{""110811"": -0.0038039492293687636, ""111811"": 0.0007911253062519829, ""112811"": 0.009750818857821374, ""113811"": 0.0067440900019430485, ""114811"": -0.018066901101038656, ""115811"": -0.00984325022234479}","{""701"": -0.007219103058256293, ""702"": 1.8435596689403422e-05, ""703"": -0.010575411390997361, ""704"": 0.011713630498957664, ""705"": 0.0003701301566852259, ""706"": 0.0002178527073577463, ""707"": -0.0037819446415090683, ""708"": 0.006892063329306068, ""709"": -0.0015661978878203087, ""710"": -0.02011623262163942}"
ltown,0,pooled,0.005,clean_fpr,3.0718688698460515e-06,31,1,28,"{""110811"": 2.9540788443643535e-06, ""111811"": 1.1625378121354714e-05, ""112811"": -7.723236283146213e-07, ""113811"": 1.3631106026367131e-05, ""114811"": 7.2450152702629535e-06, ""115811"": -1.6252041414958224e-05}","{""701"": -3.516108953465775e-05, ""702"": -3.1829936056102316e-05, ""703"": 9.995820080305857e-06, ""704"": 5.063543342217118e-06, ""705"": -2.1597286721193124e-05, ""706"": 4.059652526545317e-05, ""707"": 4.8621114955295595e-05, ""708"": 2.7360140520743552e-05, ""709"": -1.9577658080282375e-05, ""710"": 7.247514926680779e-06}"
ltown,0,pooled,0.005,all_negative_fpr,-2.6779825480979405e-05,18,0,42,"{""110811"": -2.2110368861946738e-05, ""111811"": -3.463699870059195e-05, ""112811"": -4.021265561604401e-05, ""113811"": -1.1228221927885708e-05, ""114811"": -2.5667119656643304e-05, ""115811"": -2.6823588122764692e-05}","{""701"": -5.8360371796903645e-05, ""702"": -7.777907243948765e-05, ""703"": -2.4848749757852147e-05, ""704"": -3.5945118262973364e-05, ""705"": -6.090671756064202e-05, ""706"": 2.47288526361525e-05, ""707"": 2.334295490830519e-05, ""708"": 2.765887754398987e-06, ""709"": -5.859828975585972e-05, ""710"": -2.1976305349321567e-06}"
ltown,3,pooled,0.005,pooled_f1,0.015049597571233671,60,0,0,"{""110811"": 0.010956850853102561, ""111811"": 0.01683725319804492, ""112811"": 0.017357953908274493, ""113811"": 0.01724279807800152, ""114811"": 0.015256293435322643, ""115811"": 0.012646435954655888}","{""701"": 0.015193662320437137, ""702"": 0.017541488662600208, ""703"": 0.01488737245157451, ""704"": 0.013564361730826535, ""705"": 0.014092369934801174, ""706"": 0.014887730730496262, ""707"": 0.016380988090947752, ""708"": 0.014225312772543963, ""709"": 0.014502465049823332, ""710"": 0.015220223968285837}"
ltown,3,pooled,0.005,random,-0.0011700425712759994,9,2,49,"{""110811"": -0.0007334884568276356, ""111811"": 0.0005534790361570452, ""112811"": -0.0018815753014550184, ""113811"": -0.001732032437720843, ""114811"": -0.0017889965039522004, ""115811"": -0.0014376417638573447}","{""701"": -0.0011676535404328188, ""702"": -0.0006891100006018261, ""703"": -0.0013842306490303342, ""704"": -0.0013050863517103755, ""705"": -0.001482043812165416, ""706"": -0.0016775565653890008, ""707"": -0.0009258768225829939, ""708"": -0.001605235500532635, ""709"": -0.0005779000149916391, ""710"": -0.0008857324553229554}"
ltown,3,pooled,0.005,replay,-0.018132970217274537,10,0,50,"{""110811"": -0.023646457235848628, ""111811"": -0.022401342306475492, ""112811"": -0.025113652738464488, ""113811"": 0.003053154119216217, ""114811"": -0.024699477865892903, ""115811"": -0.01599004527618194}","{""701"": -0.017420018451164348, ""702"": -0.01692320693077644, ""703"": -0.017133056286097643, ""704"": -0.011282733486373745, ""705"": -0.0252431450487625, ""706"": -0.02056019323838626, ""707"": -0.012427726907642675, ""708"": -0.010395572256612529, ""709"": -0.024613001146871167, ""710"": -0.025331048420058084}"
ltown,3,pooled,0.005,drift,0.02340720612302997,60,0,0,"{""110811"": 0.02480277390044002, ""111811"": 0.026383792629232017, ""112811"": 0.03387783772936357, ""113811"": 0.0196072552660538, ""114811"": 0.02041129393638761, ""115811"": 0.015360283276702802}","{""701"": 0.026070953903556016, ""702"": 0.021104529132080514, ""703"": 0.015342391853424897, ""704"": 0.021659918393410416, ""705"": 0.02307112389725439, ""706"": 0.030322968368804566, ""707"": 0.02819798513508659, ""708"": 0.02381455485609864, ""709"": 0.022847049364642064, ""710"": 0.021640586325941607}"
ltown,3,pooled,0.005,noise,0.05772707612690101,60,0,0,"{""110811"": 0.04962254679998531, ""111811"": 0.06354450553712736, ""112811"": 0.05855505245257382, ""113811"": 0.06360715115662521, ""114811"": 0.05641795972840309, ""115811"": 0.054615241086691343}","{""701"": 0.06083434232962235, ""702"": 0.05444370410140378, ""703"": 0.06875116368008344, ""704"": 0.049362370216211725, ""705"": 0.05859085651274929, ""706"": 0.07121061307211411, ""707"": 0.057002796228779705, ""708"": 0.058576234729922884, ""709"": 0.053270558127114676, ""710"": 0.045228122271008274}"
ltown,3,pooled,0.005,targeted,-0.0019274457264905158,0,0,60,"{""110811"": -0.0023829683601075736, ""111811"": -0.0035195875710422155, ""112811"": -0.0017307948225331327, ""113811"": -0.001221300449644047, ""114811"": -0.0015978847586241684, ""115811"": -0.0011121383969919575}","{""701"": -0.0021860144010887685, ""702"": -0.0015922662083773798, ""703"": -0.0014750605766498115, ""704"": -0.0019107557696904827, ""705"": -0.0019270796490175417, ""706"": -0.0027973563209422645, ""707"": -0.002404116191510597, ""708"": -0.0021844333866930707, ""709"": -0.0010778304602851823, ""710"": -0.0017195443006500593}"
ltown,3,pooled,0.005,family_macro_f1,0.011980764746977964,60,0,0,"{""110811"": 0.00953248132952832, ""111811"": 0.012912169464999623, ""112811"": 0.012741373463896921, ""113811"": 0.016662845530906058, ""114811"": 0.009748578907264304, ""115811"": 0.01028713978527256}","{""701"": 0.013226321968098457, ""702"": 0.011268730018745695, ""703"": 0.012820241604346064, ""704"": 0.011304742600369474, ""705"": 0.010601942380011664, ""706"": 0.015299695063240174, ""707"": 0.013888612288425972, ""708"": 0.013641109688436681, ""709"": 0.009969775173921743, ""710"": 0.0077864766841837145}"
ltown,3,pooled,0.005,worst_family_f1,-0.018132970217274537,10,0,50,"{""110811"": -0.023646457235848628, ""111811"": -0.022401342306475492, ""112811"": -0.025113652738464488, ""113811"": 0.003053154119216217, ""114811"": -0.024699477865892903, ""115811"": -0.01599004527618194}","{""701"": -0.017420018451164348, ""702"": -0.01692320693077644, ""703"": -0.017133056286097643, ""704"": -0.011282733486373745, ""705"": -0.0252431450487625, ""706"": -0.02056019323838626, ""707"": -0.012427726907642675, ""708"": -0.010395572256612529, ""709"": -0.024613001146871167, ""710"": -0.025331048420058084}"
ltown,3,pooled,0.005,clean_fpr,1.0682613854217124e-05,41,0,19,"{""110811"": 2.806374902146139e-05, ""111811"": 1.2020799145890589e-05, ""112811"": 7.4915391946518095e-06, ""113811"": 1.1267330414858382e-05, ""114811"": 4.6973175928078485e-06, ""115811"": 5.54947755632723e-07}","{""701"": 2.3254703789418137e-05, ""702"": -3.157854282391638e-05, ""703"": 2.8523545079114736e-05, ""704"": 1.2004072208635173e-05, ""705"": 1.3944280118547928e-05, ""706"": 5.3340020650499344e-05, ""707"": 1.193027659625669e-05, ""708"": 3.114889587441818e-05, ""709"": -2.7837076119699406e-07, ""710"": -3.546274218960559e-05}"
ltown,3,pooled,0.005,all_negative_fpr,-5.441962230903387e-05,4,0,56,"{""110811"": -3.00811914924291e-05, ""111811"": -8.69742672782399e-05, ""112811"": -5.657504652188262e-05, ""113811"": -4.6645638009056046e-05, ""114811"": -6.611017576427317e-05, ""115811"": -4.0131414788322375e-05}","{""701"": -3.999522357612413e-05, ""702"": -0.00010205550185933474, ""703"": -4.5082421282737624e-05, ""704"": -5.92939680071252e-05, ""705"": -3.97651768480154e-05, ""706"": 3.4600543096567765e-06, ""707"": -5.894867120023191e-05, ""708"": -3.063890512477684e-05, ""709"": -7.027835519822388e-05, ""710"": -0.00010159805430342578}"
ltown,0,balanced,0.0,pooled_f1,0.0657774570100837,18,0,42,"{""110811"": 0.0572541302892, ""111811"": 0.05926256545018314, ""112811"": 0.05714785882203717, ""113811"": 0.07717846342958115, ""114811"": 0.06760754593523657, ""115811"": 0.07621417813426416}","{""701"": -0.047890479626016114, ""702"": -0.025351262995236656, ""703"": 0.37978267654976255, ""704"": -0.08832315908109177, ""705"": -0.017001397695578218, ""706"": 0.4330122115014255, ""707"": -0.09219494138140345, ""708"": -0.04436642513236957, ""709"": -0.04228133988154944, ""710"": 0.20238868784289407}"
ltown,0,balanced,0.0,random,0.07897535705996095,23,0,37,"{""110811"": 0.07280152544047265, ""111811"": 0.08667510063175918, ""112811"": 0.0682998914996859, ""113811"": 0.10386484605040161, ""114811"": 0.068056565985141, ""115811"": 0.07415421275230535}","{""701"": -0.042663675493826346, ""702"": -0.007162702013098821, ""703"": 0.4284686663415385, ""704"": -0.13138487311780964, ""705"": 2.9273121643728455e-05, ""706"": 0.5421151363998792, ""707"": -0.12147363734002503, ""708"": -0.0731010911422663, ""709"": -0.04643261317409066, ""710"": 0.24135908701766484}"
ltown,0,balanced,0.0,replay,-0.06455473910616742,14,0,46,"{""110811"": -0.0719507872547835, ""111811"": -0.09570823588484748, ""112811"": -0.03937234517829986, ""113811"": -0.042974997724254435, ""114811"": -0.07062855484799009, ""115811"": -0.06669351374682916}","{""701"": -0.19948579529132374, ""702"": -0.16528326642096944, ""703"": 0.15268604121324994, ""704"": 0.0034916857528744607, ""705"": -0.11853981525318473, ""706"": 0.03730517900727667, ""707"": -0.08201789077619785, ""708"": -0.03973469383103489, ""709"": -0.06874899688762874, ""710"": -0.16521983857473585}"
ltown,0,balanced,0.0,drift,0.05425703238374362,18,0,42,"{""110811"": 0.05636659450199781, ""111811"": 0.04267902492126589, ""112811"": 0.042855545200960694, ""113811"": 0.04487201372006649, ""114811"": 0.07168982931264745, ""115811"": 0.0670791866455234}","{""701"": -0.025967648985479114, ""702"": -0.07557191881687438, ""703"": 0.3301512566152479, ""704"": -0.04082878710721862, ""705"": -0.0083430072269751, ""706"": 0.3494678579087009, ""707"": -0.08519216673360297, ""708"": -0.050639146393849234, ""709"": -0.0333997913797446, ""710"": 0.1828936759572315}"
ltown,0,balanced,0.0,noise,0.0973679669961215,42,0,18,"{""110811"": 0.08686487115289374, ""111811"": 0.08513545437407412, ""112811"": 0.10419443772946783, ""113811"": 0.1023958036384645, ""114811"": 0.09635411609763289, ""115811"": 0.10926311898419586}","{""701"": -0.01138624812664433, ""702"": 0.02043968714902511, ""703"": 0.33180172267108543, ""704"": 0.01473567019326454, ""705"": -0.03194859226861119, ""706"": 0.35799484988073466, ""707"": 0.05206504885345132, ""708"": 0.05441043095236192, ""709"": -0.009735666551050034, ""710"": 0.19530276720759754}"
ltown,0,balanced,0.0,targeted,0.07346042574328777,20,0,40,"{""110811"": 0.061528258581898844, ""111811"": 0.07365559892366155, ""112811"": 0.0515563711509206, ""113811"": 0.07425218184643181, ""114811"": 0.0836572489282419, ""115811"": 0.09611289502857197}","{""701"": -0.05003876633706315, ""702"": -0.010582989546355873, ""703"": 0.42559590391184393, ""704"": -0.140029159800917, ""705"": -0.011591059250948185, ""706"": 0.533665116637456, ""707"": -0.13954034538713977, ""708"": -0.06317467529477949, ""709"": -0.05057991155737072, ""710"": 0.24088014405815214}"
ltown,0,balanced,0.0,family_macro_f1,0.047901208615389254,18,0,42,"{""110811"": 0.041122092484495866, ""111811"": 0.038487388593182584, ""112811"": 0.04550678008054703, ""113811"": 0.056481969506221974, ""114811"": 0.04982584109513461, ""115811"": 0.05598317993275348}","{""701"": -0.06590842684686736, ""702"": -0.04763223792965471, ""703"": 0.3337407181505931, ""704"": -0.05880309281596132, ""705"": -0.03407864017561509, ""706"": 0.3641096279668094, ""707"": -0.07523179827670286, ""708"": -0.03444783514191363, ""709"": -0.041779395909977014, ""710"": 0.13904316713318202}"
ltown,0,balanced,0.0,worst_family_f1,-0.019035321373605425,19,0,41,"{""110811"": -0.05788406332039223, ""111811"": -0.027343963143117135, ""112811"": 0.013741459289840724, ""113811"": -0.007202659784589729, ""114811"": -0.041143141700771456, ""115811"": 0.005620440417397265}","{""701"": -0.18782128670199827, ""702"": -0.1517888402702715, ""703"": 0.23024890935468945, ""704"": 0.013272072535673307, ""705"": -0.09571751243837805, ""706"": 0.16942721033716937, ""707"": -0.05516552586666521, ""708"": -0.024355883478671996, ""709"": -0.03341748348791693, ""710"": -0.05503487371968441}"
ltown,0,balanced,0.0,clean_fpr,-1.6882719406807214e-07,7,42,11,"{""110811"": -6.996502526126107e-07, ""111811"": -7.908420490717491e-08, ""112811"": -1.54464725662924e-07, ""113811"": 7.879252038362502e-08, ""114811"": 0.0, ""115811"": -1.5855650160934849e-07}","{""701"": -5.208250027925741e-07, ""702"": 2.582854663140312e-07, ""703"": 3.9301614690876005e-07, ""704"": -1.2699930518206537e-07, ""705"": -1.3013333616070517e-06, ""706"": 0.0, ""707"": 0.0, ""708"": -1.3213041800779041e-07, ""709"": -2.608510227268937e-07, ""710"": 2.5655564128625217e-09}"
ltown,0,balanced,0.0,all_negative_fpr,1.0746442637941415e-06,38,14,8,"{""110811"": 4.1586900680777564e-07, ""111811"": 1.1800179918037342e-06, ""112811"": -3.466608242762415e-07, ""113811"": 1.1089601904084648e-06, ""114811"": 3.468529683330177e-07, ""115811"": 3.7428262496880976e-06}","{""701"": 1.3868673795531074e-06, ""702"": 1.8485089654826485e-06, ""703"": 1.0399381930521194e-06, ""704"": 8.08801368383398e-07, ""705"": -1.1554295946366617e-06, ""706"": 2.080382355122038e-06, ""707"": 1.7332174304118832e-06, ""708"": 9.243791404372865e-07, ""709"": 5.778628619172907e-07, ""710"": 1.5019145382183034e-06}"
ltown,3,balanced,0.0,pooled_f1,-0.06964663094070436,11,0,49,"{""110811"": -0.0737214567311292, ""111811"": -0.07260183297708586, ""112811"": -0.06845807267869304, ""113811"": -0.06850019384830716, ""114811"": -0.06487629919123729, ""115811"": -0.0697219302177736}","{""701"": -0.04826335878795799, ""702"": -0.09325076014096205, ""703"": 0.03926286168651492, ""704"": -0.1156047646283948, ""705"": -0.01796508361445039, ""706"": -0.12584096920847515, ""707"": -0.15353005109426954, ""708"": -0.10002175983972127, ""709"": -0.08671500913768948, ""710"": 0.0054625853583621375}"
ltown,3,balanced,0.0,random,-0.07494788708009634,12,0,48,"{""110811"": -0.07707151364059137, ""111811"": -0.06415183854599697, ""112811"": -0.08070722379843015, ""113811"": -0.06959419797629104, ""114811"": -0.0769289843402478, ""115811"": -0.08123356417902057}","{""701"": -0.04106321711545472, ""702"": -0.06223182721634438, ""703"": 0.02333160116215886, ""704"": -0.14816102337593998, ""705"": -0.008114918260050433, ""706"": -0.14143265751193448, ""707"": -0.16906120721484244, ""708"": -0.12844461519990685, ""709"": -0.09125863527480076, ""710"": 0.016957629206151997}"
ltown,3,balanced,0.0,replay,-0.11713920676735116,5,0,55,"{""110811"": -0.12729005403097232, ""111811"": -0.15701192795682936, ""112811"": -0.08255676825645301, ""113811"": -0.09469168981882978, ""114811"": -0.11170573621889342, ""115811"": -0.12957906432212915}","{""701"": -0.19376748660862467, ""702"": -0.25125129932262813, ""703"": 0.027271720599111583, ""704"": -0.038507104529679585, ""705"": -0.0922494239063486, ""706"": -0.15435362270687114, ""707"": -0.1346337224707633, ""708"": -0.06781367809655173, ""709"": -0.07626390206931566, ""710"": -0.1898235485618404}"
ltown,3,balanced,0.0,drift,-0.08027994946657203,5,1,54,"{""110811"": -0.06690020493293942, ""111811"": -0.0888866627255366, ""112811"": -0.07797197209467666, ""113811"": -0.10107541474079111, ""114811"": -0.06367117914139483, ""115811"": -0.08317426316409358}","{""701"": -0.031947413611091914, ""702"": -0.15257239173954648, ""703"": 0.019849504519851513, ""704"": -0.08396683360423185, ""705"": -0.010923193346578338, ""706"": -0.16434745070616766, ""707"": -0.1610383389664017, ""708"": -0.10425507153919004, ""709"": -0.0956281784100788, ""710"": -0.017970127262285047}"
ltown,3,balanced,0.0,noise,-0.003995538032926165,23,0,37,"{""110811"": -0.020027745147477814, ""111811"": -0.005419126225845066, ""112811"": 0.005128612145461337, ""113811"": -0.0068994393662027646, ""114811"": -0.004760308075218151, ""115811"": 0.008004778471725472}","{""701"": -0.020051253483558924, ""702"": -0.07570380230645224, ""703"": 0.12867688131438892, ""704"": -0.029167983227674193, ""705"": -0.025468258077871547, ""706"": 0.007923510631760805, ""707"": -0.05684596468992687, ""708"": 0.019801939269776875, ""709"": -0.045513027628945, ""710"": 0.05639257786924051}"
ltown,3,balanced,0.0,targeted,-0.07805482947747229,12,0,48,"{""110811"": -0.08308561957669922, ""111811"": -0.07998097439338618, ""112811"": -0.0887321699531786, ""113811"": -0.07207353860643831, ""114811"": -0.0730337474849942, ""115811"": -0.07142292685013729}","{""701"": -0.04684243760334261, ""702"": -0.06303872143418815, ""703"": 0.023885187935444658, ""704"": -0.15673515184110362, ""705"": -0.01275009173655689, ""706"": -0.14150196580401941, ""707"": -0.18038752565118052, ""708"": -0.13004541809420797, ""709"": -0.09158095111699854, ""710"": 0.01844878057143005}"
ltown,3,balanced,0.0,family_macro_f1,-0.0708834821648836,6,0,54,"{""110811"": -0.07487502746573604, ""111811"": -0.0790901059695189, ""112811"": -0.06496790439145536, ""113811"": -0.06886685610171059, ""114811"": -0.0660199910521497, ""115811"": -0.07148100800873104}","{""701"": -0.06673436168441453, ""702"": -0.12095960840383191, ""703"": 0.0446029791061911, ""704"": -0.09130761931572594, ""705"": -0.02990117706548112, ""706"": -0.11874243721944638, ""707"": -0.14039335179862297, ""708"": -0.08215136873201595, ""709"": -0.0800489389000278, ""710"": -0.023198937635460565}"
ltown,3,balanced,0.0,worst_family_f1,-0.104066916518978,5,0,55,"{""110811"": -0.12729005403097232, ""111811"": -0.1178985437430363, ""112811"": -0.07717757520706295, ""113811"": -0.09469168981882978, ""114811"": -0.11170573621889342, ""115811"": -0.09563790009507311}","{""701"": -0.18634847984732925, ""702"": -0.23983477490634927, ""703"": 0.05009098863387784, ""704"": -0.026638432945712026, ""705"": -0.07950858438238606, ""706"": -0.14553735733312542, ""707"": -0.13335166547661262, ""708"": -0.05223036355609063, ""709"": -0.057637311850900604, ""710"": -0.1696731835251517}"
ltown,3,balanced,0.0,clean_fpr,-7.677480687096299e-08,9,36,15,"{""110811"": -3.1095566782782693e-07, ""111811"": -7.908420490717491e-08, ""112811"": -3.08929451325848e-07, ""113811"": -7.879252038362502e-08, ""114811"": 0.0, ""115811"": 3.1711300321869697e-07}","{""701"": -3.896063336200729e-07, ""702"": -3.900924744926561e-07, ""703"": 3.9301614690876005e-07, ""704"": 1.3297467488361497e-07, ""705"": 2.600262586938386e-09, ""706"": -3.9301614690876005e-07, ""707"": -1.295648615949279e-07, ""708"": -2.6088572890096964e-07, ""709"": 2.616952796027183e-07, ""710"": 5.131112825725043e-09}"
ltown,3,balanced,0.0,all_negative_fpr,1.0052966016124709e-06,34,18,8,"{""110811"": 2.0793450340388782e-07, ""111811"": 1.041192345709177e-06, ""112811"": -4.159929891314898e-07, ""113811"": 8.317201428063487e-07, ""114811"": 3.468529683330177e-07, ""115811"": 4.020072638553883e-06}","{""701"": 1.502389190304018e-06, ""702"": 6.930843349596545e-07, ""703"": 9.244190244944039e-07, ""704"": 1.0398052659644638e-06, ""705"": 2.3100173579695542e-07, ""706"": 1.7338271713693638e-06, ""707"": 5.776534054551713e-07, ""708"": 8.088968934707699e-07, ""709"": 1.0399742959552408e-06, ""710"": 1.5019146983546651e-06}"
ltown,0,balanced,0.0001,pooled_f1,0.04092062706565607,60,0,0,"{""110811"": 0.03824391616321143, ""111811"": 0.03978533110238215, ""112811"": 0.04620846851653275, ""113811"": 0.039998388877256305, ""114811"": 0.04328147942221626, ""115811"": 0.03800617831233758}","{""701"": 0.044767446301915814, ""702"": 0.04133951362042373, ""703"": 0.04175077543000916, ""704"": 0.040335156502390335, ""705"": 0.040016439275068705, ""706"": 0.04107014512114776, ""707"": 0.036483885386467, ""708"": 0.04117694435592693, ""709"": 0.03946280361772483, ""710"": 0.04280316104548656}"
ltown,0,balanced,0.0001,random,-0.0004945110996815438,21,4,35,"{""110811"": 0.0006781669737103812, ""111811"": -0.0007761577349722382, ""112811"": -0.0005626800239412532, ""113811"": -0.0003152542574310635, ""114811"": -0.0005755611954892048, ""115811"": -0.0014155803599658844}","{""701"": -0.00029938112673860706, ""702"": -2.083816982780447e-05, ""703"": -0.0011487706364241939, ""704"": 0.0008568972773018527, ""705"": 0.00013525815267554733, ""706"": -0.001108445277433275, ""707"": -0.002512575431483218, ""708"": -0.0002986885722422635, ""709"": -0.0007844907629789103, ""710"": 0.00023592355033543363}"
ltown,0,balanced,0.0001,replay,-0.027849936148963448,1,0,59,"{""110811"": -0.026023018691183054, ""111811"": -0.02758295129606978, ""112811"": -0.022580911199631994, ""113811"": -0.019512727674832187, ""114811"": -0.036565287849595354, ""115811"": -0.034834720182468304}","{""701"": -0.025378915169929073, ""702"": -0.025541318736008123, ""703"": -0.03218312015039487, ""704"": -0.009963398825330982, ""705"": -0.023713386980253603, ""706"": -0.0324617842314597, ""707"": -0.04064371701897762, ""708"": -0.0279668143876269, ""709"": -0.03464737534066592, ""710"": -0.02599953064898765}"
ltown,0,balanced,0.0001,drift,0.09699604312355167,60,0,0,"{""110811"": 0.11131204927197232, ""111811"": 0.09947400235930473, ""112811"": 0.11137876900732233, ""113811"": 0.0895905321022764, ""114811"": 0.09016355046274258, ""115811"": 0.08005735553769175}","{""701"": 0.09686746753511487, ""702"": 0.09433807411524388, ""703"": 0.08539364733261372, ""704"": 0.10219501934084786, ""705"": 0.09691217581137164, ""706"": 0.10200549550778443, ""707"": 0.09350490533407363, ""708"": 0.10043686287417908, ""709"": 0.09507988966090598, ""710"": 0.10322689372338174}"
ltown,0,balanced,0.0001,noise,0.13359832013068607,60,0,0,"{""110811"": 0.12063847403190393, ""111811"": 0.13092140458556167, ""112811"": 0.14248306266834293, ""113811"": 0.1289544879972643, ""114811"": 0.14514535155970817, ""115811"": 0.13344713994133542}","{""701"": 0.15224921084175838, ""702"": 0.13223811373747074, ""703"": 0.15313508651543334, ""704"": 0.1122569338741975, ""705"": 0.12087063234897416, ""706"": 0.13626150300229023, ""707"": 0.12662024069399105, ""708"": 0.1301775500311315, ""709"": 0.1342118723081864, ""710"": 0.1379620579534274}"
ltown,0,balanced,0.0001,targeted,-0.001366524785350289,8,0,52,"{""110811"": -0.0014761601287420433, ""111811"": -0.0010965068978112224, ""112811"": -0.0007131669885819369, ""113811"": -0.0027681006066157866, ""114811"": -0.0007692299579548423, ""115811"": -0.0013759841323959022}","{""701"": -0.0018473823663885391, ""702"": -0.000755632165685786, ""703"": -0.0016661352732016594, ""704"": 6.646578361098794e-05, ""705"": -0.0008177358957601558, ""706"": -0.0018123637608243315, ""707"": -0.0033381512644708455, ""708"": -0.0013290946026232227, ""709"": -0.0016256882959313306, ""710"": -0.0005395300122280067}"
ltown,0,balanced,0.0001,family_macro_f1,0.04017667824404848,60,0,0,"{""110811"": 0.04102590229153228, ""111811"": 0.04018795820320261, ""112811"": 0.04600101469270199, ""113811"": 0.039189787512132326, ""114811"": 0.039479764603882236, ""115811"": 0.035175642160839446}","{""701"": 0.04431819994276339, ""702"": 0.04005167975623856, ""703"": 0.04070614155760529, ""704"": 0.04108238349012542, ""705"": 0.03867738868740148, ""706"": 0.040576881048071466, ""707"": 0.034726140462626565, ""708"": 0.04020396306856364, ""709"": 0.03844684151390315, ""710"": 0.04297716291318585}"
ltown,0,balanced,0.0001,worst_family_f1,-0.025968926886028556,1,0,59,"{""110811"": -0.026023018691183054, ""111811"": -0.025536332747166057, ""112811"": -0.022580911199631994, ""113811"": -0.019512727674832187, ""114811"": -0.036565287849595354, ""115811"": -0.025595283153762693}","{""701"": -0.023495891706608985, ""702"": -0.025541318736008123, ""703"": -0.02809174477853012, ""704"": -0.009963398825330982, ""705"": -0.023713386980253603, ""706"": -0.030724279973431173, ""707"": -0.039524414092666625, ""708"": -0.02790007498132341, ""709"": -0.02984728424860883, ""710"": -0.02088747453752371}"
ltown,0,balanced,0.0001,clean_fpr,-4.086379044069543e-06,20,2,38,"{""110811"": -3.265034512192181e-06, ""111811"": 3.163368196287014e-07, ""112811"": -1.1275924973393448e-05, ""113811"": -1.8122279688233783e-06, ""114811"": 3.184622096818898e-07, ""115811"": -8.799885839318843e-06}","{""701"": -8.61668871618094e-06, ""702"": -1.0893213108177825e-05, ""703"": 7.213870972953617e-07, ""704"": -2.537958707182954e-06, ""705"": -1.2314971018108062e-05, ""706"": 9.095972210288528e-08, ""707"": 2.1278497003678957e-06, ""708"": -4.556133445745795e-06, ""709"": -4.680520672874318e-06, ""710"": -2.0450129219168082e-07}"
ltown,0,balanced,0.0001,all_negative_fpr,-1.3787538758244301e-05,10,1,49,"{""110811"": -1.46940382405414e-05, ""111811"": -1.1591941448895506e-05, ""112811"": -2.918884140405954e-05, ""113811"": -8.594441475665601e-06, ""114811"": -1.311104220298807e-05, ""115811"": -5.544927777315699e-06}","{""701"": -9.938424980900845e-06, ""702"": -2.993570236039843e-05, ""703"": -8.54960651942842e-06, ""704"": -2.704370017286575e-05, ""705"": -2.4965575898694102e-05, ""706"": -1.9614093606451147e-06, ""707"": -1.1790320063612148e-05, ""708"": -1.1904625238625042e-05, ""709"": -1.1672263973990508e-05, ""710"": -1.1375901328266247e-07}"
ltown,3,balanced,0.0001,pooled_f1,0.011494498810040549,60,0,0,"{""110811"": 0.010084656840717665, ""111811"": 0.011997731795153722, ""112811"": 0.01410042602650472, ""113811"": 0.012504997398668538, ""114811"": 0.011112931776705814, ""115811"": 0.009166249022492834}","{""701"": 0.012084278659497053, ""702"": 0.014641004453701109, ""703"": 0.011239143473707561, ""704"": 0.010754639203625849, ""705"": 0.011112597277874928, ""706"": 0.011106605614624251, ""707"": 0.008705359511374225, ""708"": 0.011625914693624765, ""709"": 0.010451408142341948, ""710"": 0.013224037070033797}"
ltown,3,balanced,0.0001,random,-0.0033969291025727987,2,0,58,"{""110811"": -0.0006296981768620036, ""111811"": -0.0017857665102127495, ""112811"": -0.0027420067987459994, ""113811"": -0.004840005355690413, ""114811"": -0.0036502206428032148, ""115811"": -0.0067338771311224125}","{""701"": -0.003775861855790097, ""702"": -0.002773494854536318, ""703"": -0.004001348485158244, ""704"": -0.0021663311514709314, ""705"": -0.002534892440344272, ""706"": -0.004026547274752472, ""707"": -0.005405780132958005, ""708"": -0.003110329880826953, ""709"": -0.003432055508470052, ""710"": -0.002742649441420645}"
ltown,3,balanced,0.0001,replay,-0.04083833648570652,0,0,60,"{""110811"": -0.043413146839345586, ""111811"": -0.04502745017187777, ""112811"": -0.05603715306530734, ""113811"": -0.019927004602800745, ""114811"": -0.05008536009162261, ""115811"": -0.030539904143285068}","{""701"": -0.04044130393899122, ""702"": -0.038235386606327006, ""703"": -0.04263074130060233, ""704"": -0.03178599934558259, ""705"": -0.04137770347261125, ""706"": -0.05159822809823961, ""707"": -0.04012856442468613, ""708"": -0.03865908188436904, ""709"": -0.04598050774978198, ""710"": -0.03754584803587404}"
ltown,3,balanced,0.0001,drift,0.026647343690457525,60,0,0,"{""110811"": 0.031955461038785785, ""111811"": 0.03070706124473064, ""112811"": 0.03630575982368086, ""113811"": 0.024821484369509973, ""114811"": 0.01826575345268162, ""115811"": 0.0178285422133563}","{""701"": 0.027847058575892814, ""702"": 0.026205215293526447, ""703"": 0.014795763002652432, ""704"": 0.023760326213842237, ""705"": 0.022008381899756586, ""706"": 0.030662820812534297, ""707"": 0.025739324718475582, ""708"": 0.02620402049877048, ""709"": 0.032866675671506716, ""710"": 0.0363838502176177}"
ltown,3,balanced,0.0001,noise,0.04899168693456032,60,0,0,"{""110811"": 0.0388774268538757, ""111811"": 0.05128416280247654, ""112811"": 0.054584875315766834, ""113811"": 0.04910234198508741, ""114811"": 0.052743708821200185, ""115811"": 0.04735760582895521}","{""701"": 0.04845913609357838, ""702"": 0.06212331351049303, ""703"": 0.06234892642460508, ""704"": 0.03831037344315034, ""705"": 0.04478661018152519, ""706"": 0.0513553222280679, ""707"": 0.04226132513806027, ""708"": 0.04516247586562022, ""709"": 0.045964433547714234, ""710"": 0.049144952912788475}"
ltown,3,balanced,0.0001,targeted,-0.004383147842395396,0,0,60,"{""110811"": -0.002344583737937611, ""111811"": -0.005894993419030848, ""112811"": -0.0036036166124517764, ""113811"": -0.005459008084864991, ""114811"": -0.004233128826802979, ""115811"": -0.004763556373284172}","{""701"": -0.004898910939162726, ""702"": -0.0035945445740952673, ""703"": -0.0045183633395118146, ""704"": -0.003001806629774876, ""705"": -0.003528239354615289, ""706"": -0.004678018565858644, ""707"": -0.006400817347778198, ""708"": -0.004596195581981081, ""709"": -0.005088922618202356, ""710"": -0.0035256594729737114}"
ltown,3,balanced,0.0001,family_macro_f1,0.005404123438868589,59,0,1,"{""110811"": 0.004889091827703229, ""111811"": 0.00585660278921718, ""112811"": 0.005701571732588451, ""113811"": 0.008739561662248175, ""114811"": 0.0026081505425305405, ""115811"": 0.00462976207892396}","{""701"": 0.005438023587105397, ""702"": 0.008745020553812155, ""703"": 0.005198847260396951, ""704"": 0.0050233125060328105, ""705"": 0.0038708313627421518, ""706"": 0.004343069820350265, ""707"": 0.003213097590222628, ""708"": 0.005000177803442714, ""709"": 0.004865924668553234, ""710"": 0.008342929236027585}"
ltown,3,balanced,0.0001,worst_family_f1,-0.04083833648570652,0,0,60,"{""110811"": -0.043413146839345586, ""111811"": -0.04502745017187777, ""112811"": -0.05603715306530734, ""113811"": -0.019927004602800745, ""114811"": -0.05008536009162261, ""115811"": -0.030539904143285068}","{""701"": -0.04044130393899122, ""702"": -0.038235386606327006, ""703"": -0.04263074130060233, ""704"": -0.03178599934558259, ""705"": -0.04137770347261125, ""706"": -0.05159822809823961, ""707"": -0.04012856442468613, ""708"": -0.03865908188436904, ""709"": -0.04598050774978198, ""710"": -0.03754584803587404}"
ltown,3,balanced,0.0001,clean_fpr,-5.95822973711064e-06,17,2,41,"{""110811"": 3.653729096976966e-06, ""111811"": -1.977105122679373e-06, ""112811"": -1.1816551513213684e-05, ""113811"": -5.436683906470128e-06, ""114811"": -8.518864108990508e-06, ""115811"": -1.1653902868287112e-05}","{""701"": -1.3758654670007981e-05, ""702"": -8.853535267335826e-06, ""703"": 1.0492141806595526e-06, ""704"": -8.048861102491934e-06, ""705"": -1.7340390719594337e-05, ""706"": -3.3657314398493005e-06, ""707"": 8.109776852061417e-07, ""708"": -1.3091695349194672e-05, ""709"": 1.842809859841296e-06, ""710"": 1.1735694516606615e-06}"
ltown,3,balanced,0.0001,all_negative_fpr,-6.121143976472089e-05,0,0,60,"{""110811"": -5.0805330331683264e-05, ""111811"": -8.211536966493043e-05, ""112811"": -6.246828053457873e-05, ""113811"": -5.4824219413318476e-05, ""114811"": -6.756695823127185e-05, ""115811"": -4.948848041254262e-05}","{""701"": -7.107966903936783e-05, ""702"": -6.1026911310735094e-05, ""703"": -5.686439696846812e-05, ""704"": -7.581781999961854e-05, ""705"": -6.784950595084144e-05, ""706"": -4.992953497412673e-05, ""707"": -5.9181397079663524e-05, ""708"": -7.165869657101667e-05, ""709"": -5.189566869178054e-05, ""710"": -4.681079706159044e-05}"
ltown,0,balanced,0.00025,pooled_f1,0.04420255590499185,60,0,0,"{""110811"": 0.04058833723583459, ""111811"": 0.04593027467874987, ""112811"": 0.048452247715234584, ""113811"": 0.04368373721467862, ""114811"": 0.044501182918390704, ""115811"": 0.042059555667062744}","{""701"": 0.04650432044079533, ""702"": 0.04432987345130177, ""703"": 0.04489207663868583, ""704"": 0.043576999112403224, ""705"": 0.04235774595241034, ""706"": 0.045115593258488185, ""707"": 0.04351945570099023, ""708"": 0.044718607409430365, ""709"": 0.0446455050647744, ""710"": 0.04236538202063885}"
ltown,0,balanced,0.00025,random,0.0011305327211495186,52,0,8,"{""110811"": 0.000433755641738176, ""111811"": 0.001058582533422281, ""112811"": -0.00038660616932397753, ""113811"": 0.0017131618496626921, ""114811"": 0.0007708815136103997, ""115811"": 0.0031934209577875405}","{""701"": 0.0016923825469969584, ""702"": 0.0017868166418317604, ""703"": 0.0012069316470686802, ""704"": 0.0009675895282716951, ""705"": 0.0008561741471251882, ""706"": 0.00036592236049816834, ""707"": 0.001057071495086918, ""708"": 0.0008757007954192467, ""709"": 0.0015024345854919667, ""710"": 0.0009943034637046044}"
ltown,0,balanced,0.00025,replay,0.00545384941713965,39,0,21,"{""110811"": 0.004451233087112194, ""111811"": 0.009135447448352808, ""112811"": 0.017025639862530816, ""113811"": 0.012840503659145231, ""114811"": -0.00938247299277547, ""115811"": -0.0013472545615276776}","{""701"": 0.0003917188025103953, ""702"": 0.012453174207325854, ""703"": -0.007102733167572446, ""704"": 0.02216837857961577, ""705"": 0.013030969408248919, ""706"": 0.0003080768835982221, ""707"": 0.006227605647240009, ""708"": 0.01474476182628707, ""709"": 0.005655538967411926, ""710"": -0.013338996983269217}"
ltown,0,balanced,0.00025,drift,0.09827659555671367,60,0,0,"{""110811"": 0.11260348497970615, ""111811"": 0.0985669829885929, ""112811"": 0.11511063807627524, ""113811"": 0.08875893566514034, ""114811"": 0.09262549293311798, ""115811"": 0.08199403869744934}","{""701"": 0.09774206950423676, ""702"": 0.09969624294307307, ""703"": 0.0930484188356371, ""704"": 0.09862094807444215, ""705"": 0.09806743015918784, ""706"": 0.10332240894676203, ""707"": 0.10050763022758925, ""708"": 0.09740626007447635, ""709"": 0.0993692065034284, ""710"": 0.09498534029830359}"
ltown,0,balanced,0.00025,noise,0.12976672560097544,60,0,0,"{""110811"": 0.11815667801853451, ""111811"": 0.13718402130982377, ""112811"": 0.13286795329999018, ""113811"": 0.13401004013331533, ""114811"": 0.13263011425852342, ""115811"": 0.12375154658566538}","{""701"": 0.1386849758513096, ""702"": 0.12772871160165514, ""703"": 0.14742974758494765, ""704"": 0.10564954009653303, ""705"": 0.11390311596704772, ""706"": 0.14915032491277178, ""707"": 0.1309971200582121, ""708"": 0.11650039521544636, ""709"": 0.12956677971788835, ""710"": 0.13805654500394257}"
ltown,0,balanced,0.00025,targeted,0.0006796022096145679,41,1,18,"{""110811"": -0.0012864601109084273, ""111811"": 0.0014855702124292546, ""112811"": 0.0002159574500398609, ""113811"": 0.001166329349467543, ""114811"": 0.0008473556877202748, ""115811"": 0.0016488606689389006}","{""701"": 0.0015740079159915303, ""702"": 0.0010706938358931069, ""703"": 0.0010793417736621087, ""704"": 0.0006709415387299115, ""705"": 5.403585892997201e-07, ""706"": -0.00023516330436181473, ""707"": 0.00037508537906762635, ""708"": 0.0005598912290162109, ""709"": 0.001242503031540924, ""710"": 0.00045818033801677444}"
ltown,0,balanced,0.00025,family_macro_f1,0.047061461101118564,60,0,0,"{""110811"": 0.0468717383232365, ""111811"": 0.04948612089852418, ""112811"": 0.0529667165039025, ""113811"": 0.04769779413134619, ""114811"": 0.043498274280039315, ""115811"": 0.041848122469662685}","{""701"": 0.04801703092420904, ""702"": 0.04854712784595585, ""703"": 0.047132341334748584, ""704"": 0.0456154795635185, ""705"": 0.045171646008039835, ""706"": 0.05058231395985363, ""707"": 0.04783290256143916, ""708"": 0.04601740182812911, ""709"": 0.047467292561152286, ""710"": 0.044231074424139614}"
ltown,0,balanced,0.00025,worst_family_f1,0.00545384941713965,39,0,21,"{""110811"": 0.004451233087112194, ""111811"": 0.009135447448352808, ""112811"": 0.017025639862530816, ""113811"": 0.012840503659145231, ""114811"": -0.00938247299277547, ""115811"": -0.0013472545615276776}","{""701"": 0.0003917188025103953, ""702"": 0.012453174207325854, ""703"": -0.007102733167572446, ""704"": 0.02216837857961577, ""705"": 0.013030969408248919, ""706"": 0.0003080768835982221, ""707"": 0.006227605647240009, ""708"": 0.01474476182628707, ""709"": 0.005655538967411926, ""710"": -0.013338996983269217}"
ltown,0,balanced,0.00025,clean_fpr,1.7344391820362433e-05,46,1,13,"{""110811"": 1.7802211983143082e-05, ""111811"": 2.3567093062338126e-05, ""112811"": 1.4828613663640702e-05, ""113811"": 3.104425303114827e-05, ""114811"": 2.2770047992255004e-05, ""115811"": -5.945868810350565e-06}","{""701"": 4.174241053851919e-06, ""702"": 2.7111578780368015e-05, ""703"": 2.953155787520401e-05, ""704"": -1.0162148133217988e-05, ""705"": 9.78475200374941e-06, ""706"": 4.80811332934254e-05, ""707"": 3.459920911974117e-05, ""708"": -9.455449062786226e-06, ""709"": 1.3297655001179434e-05, ""710"": 2.6481388272109213e-05}"
ltown,0,balanced,0.00025,all_negative_fpr,-1.4830543631896166e-05,18,0,42,"{""110811"": -1.0119479165655883e-05, ""111811"": -2.8042780511100497e-05, ""112811"": -2.759420161238883e-05, ""113811"": 4.366530749733315e-06, ""114811"": -8.601953614658836e-06, ""115811"": -1.8991377637306268e-05}","{""701"": -1.3866628159564617e-05, ""702"": -1.572174221097858e-05, ""703"": -2.8907891384730316e-06, ""704"": -6.02121922332053e-05, ""705"": -3.178699039691499e-05, ""706"": 3.570774932459297e-05, ""707"": -1.9656066499606207e-06, ""708"": -5.201396140554355e-05, ""709"": -1.9536066398871855e-05, ""710"": 1.398079094995792e-05}"
ltown,3,balanced,0.00025,pooled_f1,0.015620401527845018,60,0,0,"{""110811"": 0.011240335719058525, ""111811"": 0.017617626737458435, ""112811"": 0.017821594496799896, ""113811"": 0.017810668631928383, ""114811"": 0.015544595363910485, ""115811"": 0.013687588217914382}","{""701"": 0.015904003760735457, ""702"": 0.017871857789795276, ""703"": 0.01572192286633567, ""704"": 0.013911276412331955, ""705"": 0.014043738177047979, ""706"": 0.01598557696217375, ""707"": 0.016809559834199888, ""708"": 0.01581031075987005, ""709"": 0.015030752917295184, ""710"": 0.015115015798664977}"
ltown,3,balanced,0.00025,random,-0.000921039063653567,12,1,47,"{""110811"": -0.0007913739171041434, ""111811"": 0.0009629338521967345, ""112811"": -0.0017840966913217904, ""113811"": -0.0014082248394486686, ""114811"": -0.0018365757036856167, ""115811"": -0.0006688970825579176}","{""701"": -0.0007344083209776345, ""702"": -0.0003088623838087279, ""703"": -0.0007392872931946126, ""704"": -0.0013415793902379163, ""705"": -0.0007986390447251579, ""706"": -0.0012225555802007904, ""707"": -0.0008320797066512231, ""708"": -0.001625823305147156, ""709"": -0.0007632735775024805, ""710"": -0.0008438820340899711}"
ltown,3,balanced,0.00025,replay,-0.011379423600265596,12,0,48,"{""110811"": -0.017482415283085806, ""111811"": -0.014080382906155885, ""112811"": -0.020070274543763544, ""113811"": 0.011992775631047647, ""114811"": -0.017753601274654685, ""115811"": -0.010882643224981304}","{""701"": -0.008698923368669231, ""702"": -0.0044685147535652265, ""703"": -0.015332175275014626, ""704"": -0.001295774186508521, ""705"": -0.012255574310104767, ""706"": -0.020646673321130033, ""707"": -0.006274480415852546, ""708"": -0.008433301713982544, ""709"": -0.017148067914881455, ""710"": -0.01924075074294701}"
ltown,3,balanced,0.00025,drift,0.02043596464367793,60,0,0,"{""110811"": 0.02136836852864634, ""111811"": 0.022550347552839124, ""112811"": 0.030934686091150597, ""113811"": 0.016168967183902417, ""114811"": 0.017989075113945496, ""115811"": 0.013604343391583595}","{""701"": 0.022857073081598362, ""702"": 0.025589541817843214, ""703"": 0.011686956999393741, ""704"": 0.01743603367064611, ""705"": 0.020195890421462675, ""706"": 0.021771892780098945, ""707"": 0.02641590646022085, ""708"": 0.016351553573818567, ""709"": 0.021703325860606932, ""710"": 0.020351471771089886}"
ltown,3,balanced,0.00025,noise,0.054756651755476136,60,0,0,"{""110811"": 0.04749954039505744, ""111811"": 0.05977430002799452, ""112811"": 0.05645487422449613, ""113811"": 0.061286313971412376, ""114811"": 0.0519668764441021, ""115811"": 0.051558005469794256}","{""701"": 0.058368980499233135, ""702"": 0.06665224185145258, ""703"": 0.06161488293466368, ""704"": 0.04379660044969221, ""705"": 0.0545232570104112, ""706"": 0.051204142189378965, ""707"": 0.05594865903679306, ""708"": 0.04966860715322206, ""709"": 0.056406304257518525, ""710"": 0.04938284217239595}"
ltown,3,balanced,0.00025,targeted,-0.0016430615118366335,4,1,55,"{""110811"": -0.002350546215892935, ""111811"": -0.0032713122401291316, ""112811"": -0.001637689591647462, ""113811"": -0.0006687959119693665, ""114811"": -0.0012826539877714316, ""115811"": -0.0006473711236094748}","{""701"": -0.00176956040630231, ""702"": -0.001071607353204514, ""703"": -0.0011201800714988701, ""704"": -0.0017381083890877225, ""705"": -0.0019396099713653487, ""706"": -0.002157500868950002, ""707"": -0.002273333669874422, ""708"": -0.001408745328918844, ""709"": -0.0012638306220392932, ""710"": -0.0016881384371250086}"
ltown,3,balanced,0.00025,family_macro_f1,0.012249818444679655,60,0,0,"{""110811"": 0.00964871470152423, ""111811"": 0.013187177257349091, ""112811"": 0.012779499897782765, ""113811"": 0.017474207206988845, ""114811"": 0.009816624118387175, ""115811"": 0.010592687486045827}","{""701"": 0.014004632296976497, ""702"": 0.0172785598357435, ""703"": 0.011222039458869829, ""704"": 0.011371434430900903, ""705"": 0.011945064821135757, ""706"": 0.009789861039839384, ""707"": 0.01459693434092709, ""708"": 0.010910458075798454, ""709"": 0.01178689160074046, ""710"": 0.00959230854586468}"
ltown,3,balanced,0.00025,worst_family_f1,-0.011379423600265596,12,0,48,"{""110811"": -0.017482415283085806, ""111811"": -0.014080382906155885, ""112811"": -0.020070274543763544, ""113811"": 0.011992775631047647, ""114811"": -0.017753601274654685, ""115811"": -0.010882643224981304}","{""701"": -0.008698923368669231, ""702"": -0.0044685147535652265, ""703"": -0.015332175275014626, ""704"": -0.001295774186508521, ""705"": -0.012255574310104767, ""706"": -0.020646673321130033, ""707"": -0.006274480415852546, ""708"": -0.008433301713982544, ""709"": -0.017148067914881455, ""710"": -0.01924075074294701}"
ltown,3,balanced,0.00025,clean_fpr,4.746900509255121e-07,31,0,29,"{""110811"": 2.2777502668388317e-05, ""111811"": -5.53589434350223e-07, ""112811"": 2.3942032477753175e-06, ""113811"": 2.600153172659629e-06, ""114811"": -7.483861927524369e-06, ""115811"": -1.68862674213956e-05}","{""701"": 1.6165046398313094e-05, ""702"": 2.4214041408931973e-05, ""703"": -1.4883389091059895e-06, ""704"": -2.8842156655299667e-06, ""705"": 1.7419239619704318e-05, ""706"": -2.4166786179330064e-05, ""707"": 7.328527860872859e-06, ""708"": -2.0141471290756525e-05, ""709"": 6.76621794186082e-06, ""710"": -1.84653606757054e-05}"
ltown,3,balanced,0.00025,all_negative_fpr,-7.075094871282966e-05,0,0,60,"{""110811"": -4.0824474168296655e-05, ""111811"": -0.00011043580146822003, ""112811"": -7.00254865038008e-05, ""113811"": -6.0646260412962924e-05, ""114811"": -8.116359458992613e-05, ""115811"": -6.141007513377138e-05}","{""701"": -5.513669771217744e-05, ""702"": -4.369651445496695e-05, ""703"": -8.275905151847286e-05, ""704"": -7.77850136426217e-05, ""705"": -4.6008746849073556e-05, ""706"": -9.535260566460861e-05, ""707"": -6.57673845909122e-05, ""708"": -9.570643039052463e-05, ""709"": -6.149487511184606e-05, ""710"": -8.380216719309251e-05}"
ltown,0,balanced,0.0005,pooled_f1,0.035917843286077986,60,0,0,"{""110811"": 0.031072705355618735, ""111811"": 0.04018101984466793, ""112811"": 0.038968111827399246, ""113811"": 0.033814538306016925, ""114811"": 0.03675825805097248, ""115811"": 0.03471242633179261}","{""701"": 0.040011683748449545, ""702"": 0.04059985712845913, ""703"": 0.03545859552141049, ""704"": 0.030990959984674937, ""705"": 0.033103307732650834, ""706"": 0.04014123952218929, ""707"": 0.03246048203383604, ""708"": 0.03287906548616256, ""709"": 0.04223005330447873, ""710"": 0.03130318839846833}"
ltown,0,balanced,0.0005,random,4.03552824096598e-05,29,1,30,"{""110811"": -0.000654383771742062, ""111811"": -0.0006957201271961977, ""112811"": -0.0013051632691072567, ""113811"": 0.0012509539913759804, ""114811"": -0.000955557339710511, ""115811"": 0.002602002210838006}","{""701"": 0.00047939719558239463, ""702"": 0.00045633684542260394, ""703"": -8.412748371341057e-05, ""704"": 0.00025809606475226304, ""705"": -0.0002063437887422729, ""706"": 0.00028531033623992635, ""707"": -0.0005183989158109026, ""708"": -0.0005299418161928878, ""709"": 0.0008456573109298001, ""710"": -0.0005824329243709162}"
ltown,0,balanced,0.0005,replay,0.039741488388773075,60,0,0,"{""110811"": 0.03813304170028956, ""111811"": 0.036369055152230226, ""112811"": 0.05282943039053083, ""113811"": 0.04324521788401847, ""114811"": 0.03807134811723515, ""115811"": 0.029800837088334232}","{""701"": 0.0444589504200093, ""702"": 0.040555605797446916, ""703"": 0.032976875625933044, ""704"": 0.048302059114760564, ""705"": 0.03953620586541784, ""706"": 0.03756095432641506, ""707"": 0.03652326209896758, ""708"": 0.051633133899676685, ""709"": 0.03866966120379491, ""710"": 0.027198175535308882}"
ltown,0,balanced,0.0005,drift,0.09688199206099493,60,0,0,"{""110811"": 0.11064034727725387, ""111811"": 0.09572237245445436, ""112811"": 0.11703407961456094, ""113811"": 0.08503063851964812, ""114811"": 0.09075084087828351, ""115811"": 0.08211367362176872}","{""701"": 0.09169773733089864, ""702"": 0.09472460234677434, ""703"": 0.10329250077322111, ""704"": 0.09749618284937765, ""705"": 0.09494350456444163, ""706"": 0.09587102223649886, ""707"": 0.10517599012124575, ""708"": 0.09788313885674778, ""709"": 0.09005447315383742, ""710"": 0.09768076837690602}"
ltown,0,balanced,0.0005,noise,0.12598927131244111,60,0,0,"{""110811"": 0.11285506238603141, ""111811"": 0.14212045527591882, ""112811"": 0.12941703808312172, ""113811"": 0.13278280043279805, ""114811"": 0.1215537433836051, ""115811"": 0.11720652831317162}","{""701"": 0.11294107311429426, ""702"": 0.10343171908900704, ""703"": 0.16335532984968795, ""704"": 0.1164509460603186, ""705"": 0.11235045167808007, ""706"": 0.1212847056998111, ""707"": 0.1501536202485896, ""708"": 0.12407396645081492, ""709"": 0.09529677598203955, ""710"": 0.160554124951768}"
ltown,0,balanced,0.0005,targeted,-0.0005990902627043937,22,0,38,"{""110811"": -0.0026404478416377384, ""111811"": 0.0007492443001146043, ""112811"": -0.001066763948095606, ""113811"": 1.72953633067352e-05, ""114811"": -0.000942110780940586, ""115811"": 0.00028824133102622884}","{""701"": -0.00013463339493563486, ""702"": -8.72020926568536e-05, ""703"": -0.0007708016444750165, ""704"": -0.0010390385127722797, ""705"": -0.0012267769968114146, ""706"": 0.00016894461795422902, ""707"": -0.0008262712045137658, ""708"": -0.001286211222261376, ""709"": 0.0007614745629823116, ""710"": -0.0015503867395541364}"
ltown,0,balanced,0.0005,family_macro_f1,0.052410803356382894,60,0,0,"{""110811"": 0.05166672395003898, ""111811"": 0.05485308141110441, ""112811"": 0.059381724174202156, ""113811"": 0.05246538123822945, ""114811"": 0.04969565285169456, ""115811"": 0.04640225651302778}","{""701"": 0.049888504933169785, ""702"": 0.047816212397198875, ""703"": 0.059753955424130756, ""704"": 0.05229364911528741, ""705"": 0.04907940826447721, ""706"": 0.05103418744338384, ""707"": 0.05810164046969568, ""708"": 0.05435481723375707, ""709"": 0.04512560844271677, ""710"": 0.056660049840011516}"
ltown,0,balanced,0.0005,worst_family_f1,0.039741488388773075,60,0,0,"{""110811"": 0.03813304170028956, ""111811"": 0.036369055152230226, ""112811"": 0.05282943039053083, ""113811"": 0.04324521788401847, ""114811"": 0.03807134811723515, ""115811"": 0.029800837088334232}","{""701"": 0.0444589504200093, ""702"": 0.040555605797446916, ""703"": 0.032976875625933044, ""704"": 0.048302059114760564, ""705"": 0.03953620586541784, ""706"": 0.03756095432641506, ""707"": 0.03652326209896758, ""708"": 0.051633133899676685, ""709"": 0.03866966120379491, ""710"": 0.027198175535308882}"
ltown,0,balanced,0.0005,clean_fpr,0.00015096900510673322,54,0,6,"{""110811"": 0.00015120219348128088, ""111811"": 0.00014693845271753102, ""112811"": 0.00015894420270714878, ""113811"": 0.00018870808631878193, ""114811"": 0.00014697030976819136, ""115811"": 0.00011305078564746544}","{""701"": 5.9987551281278656e-05, ""702"": 3.7496871799808296e-05, ""703"": 0.0002517920417237812, ""704"": 0.00020755137474460613, ""705"": 0.0001488059069272643, ""706"": 8.532565931945015e-05, ""707"": 0.00026763176535720806, ""708"": 0.0002009231452286163, ""709"": -2.1993082196947654e-05, ""710"": 0.0002721688168822669}"
ltown,0,balanced,0.0005,all_negative_fpr,0.00014304620173057005,50,0,10,"{""110811"": 0.00014402929935775964, ""111811"": 0.00011786297353427884, ""112811"": 0.00013644570043512867, ""113811"": 0.00018200809125078926, ""114811"": 0.0001531702708158606, ""115811"": 0.00012476087498960325}","{""701"": 5.1078596168314864e-05, ""702"": -4.285228221583409e-06, ""703"": 0.000258061881335063, ""704"": 0.00020432280997902198, ""705"": 0.00013925585476200024, ""706"": 6.459622703794834e-05, ""707"": 0.00027262494651656403, ""708"": 0.00020536093438821334, ""709"": -6.218398997869807e-05, ""710"": 0.00030162998531885616}"
ltown,3,balanced,0.0005,pooled_f1,0.007248264137298982,53,0,7,"{""110811"": 0.00046600050476560686, ""111811"": 0.012054789493904872, ""112811"": 0.008556486192680046, ""113811"": 0.008354221494643465, ""114811"": 0.008264917171330832, ""115811"": 0.00579316996646907}","{""701"": 0.005331697577752463, ""702"": 0.006966652585056614, ""703"": 0.01742979465332987, ""704"": 0.0012599736959041745, ""705"": 0.0020249682949423273, ""706"": 0.007063489785133714, ""707"": 0.008804089382151381, ""708"": 0.004150611338040955, ""709"": 0.01396277530513231, ""710"": 0.005488588755546013}"
ltown,3,balanced,0.0005,random,-0.002048808349649543,1,0,59,"{""110811"": -0.001960629123177471, ""111811"": -0.0009361684669835557, ""112811"": -0.0026996967402036277, ""113811"": -0.001840276630140103, ""114811"": -0.003849717357263682, ""115811"": -0.0010063617801288171}","{""701"": -0.0021845382725870963, ""702"": -0.002204617007558677, ""703"": -0.001123431543834097, ""704"": -0.0021887163047332736, ""705"": -0.002337113758232886, ""706"": -0.0021415981115013305, ""707"": -0.002039473968721487, ""708"": -0.0027472612181711487, ""709"": -0.0014198099123281886, ""710"": -0.002101523398827243}"
ltown,3,balanced,0.0005,replay,0.021669880579997036,60,0,0,"{""110811"": 0.01367948829573713, ""111811"": 0.01656939835522627, ""112811"": 0.01722703166275682, ""113811"": 0.04098858871851313, ""114811"": 0.026441021717386225, ""115811"": 0.015113754730362661}","{""701"": 0.023033525024963492, ""702"": 0.022092391456421778, ""703"": 0.02668953389774298, ""704"": 0.024912659383325042, ""705"": 0.017341665926792465, ""706"": 0.015419466129236559, ""707"": 0.023345469397544765, ""708"": 0.023672084600182313, ""709"": 0.01736436684361159, ""710"": 0.022827643140149418}"
ltown,3,balanced,0.0005,drift,0.019148916404555138,60,0,0,"{""110811"": 0.0191938804022306, ""111811"": 0.01945477369056773, ""112811"": 0.033055067474737056, ""113811"": 0.01267355431362036, ""114811"": 0.017576695617249692, ""115811"": 0.01293952692892537}","{""701"": 0.0203425047234006, ""702"": 0.027847512336889774, ""703"": 0.010894806944924987, ""704"": 0.017299891363428115, ""705"": 0.022997487168601265, ""706"": 0.021984141056245615, ""707"": 0.023464661195716458, ""708"": 0.0152714581802005, ""709"": 0.010362090109900893, ""710"": 0.02102461096624314}"
ltown,3,balanced,0.0005,noise,0.06248663059781475,60,0,0,"{""110811"": 0.05221894959317045, ""111811"": 0.07574098961826638, ""112811"": 0.06474452225230856, ""113811"": 0.07289355389225177, ""114811"": 0.052787924721271674, ""115811"": 0.05653384350961964}","{""701"": 0.06264559768600068, ""702"": 0.07389206258872232, ""703"": 0.04867327604268301, ""704"": 0.05809355922622265, ""705"": 0.07468765319083093, ""706"": 0.07229926615961474, ""707"": 0.06138442285858453, ""708"": 0.06164224154086767, ""709"": 0.043987927251661896, ""710"": 0.06756029943295905}"
ltown,3,balanced,0.0005,targeted,-0.0031079675847740665,1,0,59,"{""110811"": -0.004416608149452472, ""111811"": -0.004185529931845844, ""112811"": -0.003190597168332565, ""113811"": -0.0020135355402382204, ""114811"": -0.002948441399158297, ""115811"": -0.0018930933196170008}","{""701"": -0.003483029350317801, ""702"": -0.003638991001138847, ""703"": -0.0017427421226232087, ""704"": -0.0036068829387865633, ""705"": -0.0037966053221187845, ""706"": -0.0029998289626633015, ""707"": -0.0034074160886292115, ""708"": -0.003064542493596889, ""709"": -0.0018799039539301732, ""710"": -0.0034597336139358856}"
ltown,3,balanced,0.0005,family_macro_f1,0.019629730329588667,60,0,0,"{""110811"": 0.015743016203701644, ""111811"": 0.02132869265304623, ""112811"": 0.021827265496253256, ""113811"": 0.024540376950801312, ""114811"": 0.018001496659897143, ""115811"": 0.0163375340138324}","{""701"": 0.020070811962291973, ""702"": 0.023597671674667402, ""703"": 0.016678288643778738, ""704"": 0.018902102145891164, ""705"": 0.021778617441174635, ""706"": 0.02091228925418644, ""707"": 0.020549532678899012, ""708"": 0.018954796121896506, ""709"": 0.013682934067783148, ""710"": 0.02117025930531763}"
ltown,3,balanced,0.0005,worst_family_f1,0.021669880579997036,60,0,0,"{""110811"": 0.01367948829573713, ""111811"": 0.01656939835522627, ""112811"": 0.01722703166275682, ""113811"": 0.04098858871851313, ""114811"": 0.026441021717386225, ""115811"": 0.015113754730362661}","{""701"": 0.023033525024963492, ""702"": 0.022092391456421778, ""703"": 0.02668953389774298, ""704"": 0.024912659383325042, ""705"": 0.017341665926792465, ""706"": 0.015419466129236559, ""707"": 0.023345469397544765, ""708"": 0.023672084600182313, ""709"": 0.01736436684361159, ""710"": 0.022827643140149418}"
ltown,3,balanced,0.0005,clean_fpr,0.00015812664146217648,53,0,7,"{""110811"": 0.00018377479968624574, ""111811"": 0.00014606852646355207, ""112811"": 0.0001714558454858456, ""113811"": 0.0001819319295657902, ""114811"": 0.00013709798126805285, ""115811"": 0.0001284307663035723}","{""701"": 0.00018700781940285516, ""702"": 0.00021225588508609443, ""703"": -1.933800440341405e-05, ""704"": 0.00022502507071544184, ""705"": 0.0002570258839998043, ""706"": 0.00018601222724180986, ""707"": 0.00014889282262201244, ""708"": 0.0001877496885733709, ""709"": -8.89316609077951e-07, ""710"": 0.0001975243379928677}"
ltown,3,balanced,0.0005,all_negative_fpr,0.00012169291723547013,48,0,12,"{""110811"": 0.00014832661242810666, ""111811"": 7.302228984573696e-05, ""112811"": 0.0001259765435419862, ""113811"": 0.0001510265159312528, ""114811"": 0.00011390651480056302, ""115811"": 0.00011789902686517507}","{""701"": 0.0001591284363662331, ""702"": 0.00018246836233717519, ""703"": -9.189079510019304e-05, ""704"": 0.0001986537829461479, ""705"": 0.00024452990691723717, ""706"": 0.00015231028377393272, ""707"": 0.00010411642618574969, ""708"": 0.0001654820659823396, ""709"": -6.554316923536775e-05, ""710"": 0.00016767387218144644}"
ltown,0,balanced,0.001,pooled_f1,0.051466858375041995,60,0,0,"{""110811"": 0.05148868564736364, ""111811"": 0.05383947789394168, ""112811"": 0.054959845465846355, ""113811"": 0.04888191389272575, ""114811"": 0.05039079613921391, ""115811"": 0.04924043121116064}","{""701"": 0.06820962539026189, ""702"": 0.05927853223144708, ""703"": 0.0276393849671905, ""704"": 0.054365511459941375, ""705"": 0.06317472689380764, ""706"": 0.06181154397829747, ""707"": 0.0455288115979362, ""708"": 0.05690711327569257, ""709"": 0.0507785956155735, ""710"": 0.026974738340271736}"
ltown,0,balanced,0.001,random,0.0018812876602405863,50,0,10,"{""110811"": 0.0014831094215110197, ""111811"": 0.0018865920608171494, ""112811"": 0.0012792557014734696, ""113811"": 0.0020297107497918242, ""114811"": 0.0019497062790324814, ""115811"": 0.0026593517488175734}","{""701"": 0.0036623118840509172, ""702"": 0.003175840797808619, ""703"": -0.0007637522398152482, ""704"": 0.002095904083855608, ""705"": 0.0035012053019575773, ""706"": 0.003168028825261885, ""707"": 0.001395040204611897, ""708"": 0.0020722222833683044, ""709"": 0.001517712157271441, ""710"": -0.0010116366959651384}"
ltown,0,balanced,0.001,replay,0.04365200480490164,60,0,0,"{""110811"": 0.03877344783354688, ""111811"": 0.044155322449281234, ""112811"": 0.05264117550183123, ""113811"": 0.048181202339803386, ""114811"": 0.04186588445972863, ""115811"": 0.036294996245218494}","{""701"": 0.0468544270300997, ""702"": 0.04197731530563945, ""703"": 0.03428866685629937, ""704"": 0.05018408793745308, ""705"": 0.0429813479283121, ""706"": 0.04396317758594762, ""707"": 0.05143533478278548, ""708"": 0.051766132946018416, ""709"": 0.04511493273005468, ""710"": 0.02795462494640651}"
ltown,0,balanced,0.001,drift,0.08714058291726397,60,0,0,"{""110811"": 0.09751930370749862, ""111811"": 0.088570665068273, ""112811"": 0.10643148243207365, ""113811"": 0.07625171248384298, ""114811"": 0.07872912856140576, ""115811"": 0.07534120525048978}","{""701"": 0.07757366079038201, ""702"": 0.08263683492936473, ""703"": 0.10383594131799583, ""704"": 0.0845797214416809, ""705"": 0.08030862088458579, ""706"": 0.08504202574057605, ""707"": 0.08961371820275787, ""708"": 0.08542156731755109, ""709"": 0.08452217527984822, ""710"": 0.09787156326789719}"
ltown,0,balanced,0.001,noise,0.09084358939827678,60,0,0,"{""110811"": 0.0853972067881356, ""111811"": 0.10193828313422437, ""112811"": 0.0899053599712895, ""113811"": 0.09554864386793407, ""114811"": 0.08850448011716537, ""115811"": 0.08376756251091169}","{""701"": 0.06980729141958568, ""702"": 0.06885694632317978, ""703"": 0.16554463882192502, ""704"": 0.07081294024281, ""705"": 0.06506922224746016, ""706"": 0.07646563243784893, ""707"": 0.08127080639072265, ""708"": 0.07212887072724244, ""709"": 0.07688823104357385, ""710"": 0.16159131432841917}"
ltown,0,balanced,0.001,targeted,0.001761693081168238,46,2,12,"{""110811"": 0.00027554867605887877, ""111811"": 0.002465980475661156, ""112811"": 0.0013818854894678933, ""113811"": 0.0020402686352475885, ""114811"": 0.0012629413959916013, ""115811"": 0.003143533814582311}","{""701"": 0.004318296970047468, ""702"": 0.0034342385639307325, ""703"": -0.0015142013563966827, ""704"": 0.0016849192077813917, ""705"": 0.0038146884837661856, ""706"": 0.0035563299569802975, ""707"": 0.0006229798306056263, ""708"": 0.002109388635346728, ""709"": 0.0015335700071245444, ""710"": -0.001943279487503909}"
ltown,0,balanced,0.001,family_macro_f1,0.045055831572370246,60,0,0,"{""110811"": 0.04468972328535017, ""111811"": 0.04780336863765135, ""112811"": 0.05032783181922716, ""113811"": 0.04481030761532392, ""114811"": 0.04246242816266482, ""115811"": 0.04024132991400402}","{""701"": 0.04044319761883316, ""702"": 0.04001623518398464, ""703"": 0.06027825868000162, ""704"": 0.04187151458271623, ""705"": 0.03913501696921636, ""706"": 0.042439038909322956, ""707"": 0.044867575882296694, ""708"": 0.042699636381905416, ""709"": 0.04191532424357458, ""710"": 0.05689251727185076}"
ltown,0,balanced,0.001,worst_family_f1,0.04365200480490164,60,0,0,"{""110811"": 0.03877344783354688, ""111811"": 0.044155322449281234, ""112811"": 0.05264117550183123, ""113811"": 0.048181202339803386, ""114811"": 0.04186588445972863, ""115811"": 0.036294996245218494}","{""701"": 0.0468544270300997, ""702"": 0.04197731530563945, ""703"": 0.03428866685629937, ""704"": 0.05018408793745308, ""705"": 0.0429813479283121, ""706"": 0.04396317758594762, ""707"": 0.05143533478278548, ""708"": 0.051766132946018416, ""709"": 0.04511493273005468, ""710"": 0.02795462494640651}"
ltown,0,balanced,0.001,clean_fpr,-0.0001711375790484231,12,0,48,"{""110811"": -0.00018602922827799752, ""111811"": -0.00015777298878981395, ""112811"": -0.00015292007840629474, ""113811"": -0.00014923303360658575, ""114811"": -0.0001725269020951629, ""115811"": -0.00020834324311468392}","{""701"": -0.00047083943448924344, ""702"": -0.0003458231424148133, ""703"": 0.00036104741361332537, ""704"": -0.00025316733319110166, ""705"": -0.0004190927795051648, ""706"": -0.00035189587763067366, ""707"": -8.801878451621457e-05, ""708"": -0.00027991710201221467, ""709"": -0.0001955533896509553, ""710"": 0.00033188463931282486}"
ltown,0,balanced,0.001,all_negative_fpr,-0.0001999136084698429,12,0,48,"{""110811"": -0.00020939004492771503, ""111811"": -0.00021170911029419929, ""112811"": -0.00020175659972877254, ""113811"": -0.00016308645800194483, ""114811"": -0.0001940989210791567, ""115811"": -0.00021944051678726885}","{""701"": -0.0005258390410337164, ""702"": -0.00039132449101938663, ""703"": 0.00039015943897009964, ""704"": -0.0002962063628018711, ""705"": -0.00046585509869116574, ""706"": -0.00038993047935588146, ""707"": -0.00012989624237405857, ""708"": -0.00032602253134393546, ""709"": -0.0002395837922657759, ""710"": 0.0003753625152172627}"
ltown,3,balanced,0.001,pooled_f1,0.003777818247298851,41,0,19,"{""110811"": -0.0035642446957459993, ""111811"": 0.009235850964254467, ""112811"": 0.004688802422082872, ""113811"": 0.005049560556973531, ""114811"": 0.005004081764147095, ""115811"": 0.002252858472081143}","{""701"": 0.005331697577752463, ""702"": -0.0012612985804221766, ""703"": 0.016126322327499203, ""704"": 0.0012599736959041745, ""705"": -0.0027873043123960253, ""706"": -4.436515643430061e-05, ""707"": 0.001052028537160891, ""708"": 0.004150611338040955, ""709"": 0.012790378348533915, ""710"": 0.0011601386973494148}"
ltown,3,balanced,0.001,random,-0.0022552552434988047,1,0,59,"{""110811"": -0.0019575888857895963, ""111811"": -0.0014589187164572137, ""112811"": -0.003146773762197086, ""113811"": -0.0018804266569900085, ""114811"": -0.004087254974503051, ""115811"": -0.0010005684650558732}","{""701"": -0.0021845382725870963, ""702"": -0.0028864310519984837, ""703"": -0.0011588034652326533, ""704"": -0.0021887163047332736, ""705"": -0.0027561257669269277, ""706"": -0.002635134717609141, ""707"": -0.0023271348368490616, ""708"": -0.0027472612181711487, ""709"": -0.0011376796304587988, ""710"": -0.002530727170421465}"
ltown,3,balanced,0.001,replay,0.02311716603541338,58,0,2,"{""110811"": 0.014806917721061696, ""111811"": 0.019350370452724606, ""112811"": 0.020470153638553222, ""113811"": 0.04167355291946162, ""114811"": 0.030992320134668662, ""115811"": 0.011409681346010458}","{""701"": 0.023033525024963492, ""702"": 0.023842808888681084, ""703"": 0.03164180705111567, ""704"": 0.024912659383325042, ""705"": 0.01574201543759912, ""706"": 0.01581697133007241, ""707"": 0.027731956417016868, ""708"": 0.023672084600182313, ""709"": 0.02119373966993073, ""710"": 0.02358409255124705}"
ltown,3,balanced,0.001,drift,0.01889159800367881,60,0,0,"{""110811"": 0.019000647077584854, ""111811"": 0.019213074277314203, ""112811"": 0.03310290010941137, ""113811"": 0.01221175097512205, ""114811"": 0.017189477596267776, ""115811"": 0.012631737986372604}","{""701"": 0.0203425047234006, ""702"": 0.02839386969292827, ""703"": 0.007277823696077231, ""704"": 0.017299891363428115, ""705"": 0.023372201998268487, ""706"": 0.022325027013054815, ""707"": 0.02456706656395626, ""708"": 0.0152714581802005, ""709"": 0.008850730948239516, ""710"": 0.021215405857234304}"
ltown,3,balanced,0.001,noise,0.0620754561902938,60,0,0,"{""110811"": 0.05079923821728873, ""111811"": 0.07674734813709887, ""112811"": 0.06423772790617396, ""113811"": 0.07335389753840155, ""114811"": 0.05123925591119042, ""115811"": 0.056075269431609356}","{""701"": 0.06264559768600068, ""702"": 0.07359064334741912, ""703"": 0.043029279953035994, ""704"": 0.05809355922622265, ""705"": 0.0756751228785323, ""706"": 0.07471707249896113, ""707"": 0.06340676278007007, ""708"": 0.06164224154086767, ""709"": 0.0393567931822183, ""710"": 0.06859748880961021}"
ltown,3,balanced,0.001,targeted,-0.0034436167363458836,1,0,59,"{""110811"": -0.0048976417371008, ""111811"": -0.0041800194090981235, ""112811"": -0.0036661882360071395, ""113811"": -0.0025302131580280385, ""114811"": -0.0032813127803513866, ""115811"": -0.002106325097489814}","{""701"": -0.003483029350317801, ""702"": -0.004147607585876882, ""703"": -0.0020826200767467737, ""704"": -0.0036068829387865633, ""705"": -0.004018036923129835, ""706"": -0.0036155526514327074, ""707"": -0.004511716894934144, ""708"": -0.003064542493596889, ""709"": -0.002053552086751583, ""710"": -0.003852626361885658}"
ltown,3,balanced,0.001,family_macro_f1,0.01967706964990826,60,0,0,"{""110811"": 0.01555031447860895, ""111811"": 0.02193437094831645, ""112811"": 0.022199563931186862, ""113811"": 0.02456571232359337, ""114811"": 0.018410497177454486, ""115811"": 0.015401959040289404}","{""701"": 0.020070811962291973, ""702"": 0.023758656658230643, ""703"": 0.01574149743164982, ""704"": 0.018902102145891164, ""705"": 0.02160303552486864, ""706"": 0.021321676694609288, ""707"": 0.021773386805851964, ""708"": 0.018954796121896506, ""709"": 0.013242006416635662, ""710"": 0.021402726737156874}"
ltown,3,balanced,0.001,worst_family_f1,0.02311716603541338,58,0,2,"{""110811"": 0.014806917721061696, ""111811"": 0.019350370452724606, ""112811"": 0.020470153638553222, ""113811"": 0.04167355291946162, ""114811"": 0.030992320134668662, ""115811"": 0.011409681346010458}","{""701"": 0.023033525024963492, ""702"": 0.023842808888681084, ""703"": 0.03164180705111567, ""704"": 0.024912659383325042, ""705"": 0.01574201543759912, ""706"": 0.01581697133007241, ""707"": 0.027731956417016868, ""708"": 0.023672084600182313, ""709"": 0.02119373966993073, ""710"": 0.02358409255124705}"
ltown,3,balanced,0.001,clean_fpr,0.00020269678539324606,53,0,7,"{""110811"": 0.0002287856326043237, ""111811"": 0.00018814132347416912, ""112811"": 0.00021655954537941943, ""113811"": 0.00022794676146982722, ""114811"": 0.00018176230617593763, ""115811"": 0.0001729851432557992}","{""701"": 0.00018700781940285516, ""702"": 0.00032167884801530164, ""703"": -2.3441549289266817e-05, ""704"": 0.00022502507071544184, ""705"": 0.0003205575785959209, ""706"": 0.000284011220676279, ""707"": 0.0002636953599163007, ""708"": 0.0001877496885733709, ""709"": 3.443656902831493e-06, ""710"": 0.0002572401604234257}"
ltown,3,balanced,0.001,all_negative_fpr,0.00018028697198786266,48,0,12,"{""110811"": 0.00020564722386644507, ""111811"": 0.00013452205106562567, ""112811"": 0.000184562222844671, ""113811"": 0.0002080686557253882, ""114811"": 0.00017134536635651074, ""115811"": 0.00017757631206853533}","{""701"": 0.0001591284363662331, ""702"": 0.0003212679124331584, ""703"": -8.402953787486354e-05, ""704"": 0.0001986537829461479, ""705"": 0.00032577631522874166, ""706"": 0.00028255864770086384, ""707"": 0.00024395615080449469, ""708"": 0.0001654820659823396, ""709"": -5.133045578834209e-05, ""710"": 0.00024140640207985303}"
ltown,0,balanced,0.0025,pooled_f1,0.06851216181386112,60,0,0,"{""110811"": 0.07049024356223314, ""111811"": 0.06893972105532195, ""112811"": 0.07475462398739427, ""113811"": 0.06536551950647454, ""114811"": 0.06629338339787147, ""115811"": 0.06522947937387127}","{""701"": 0.07931240538212377, ""702"": 0.05927853223144708, ""703"": 0.0276393849671905, ""704"": 0.08813863867542271, ""705"": 0.09158885322318959, ""706"": 0.10077547958841061, ""707"": 0.0455288115979362, ""708"": 0.1151061785170454, ""709"": 0.0507785956155735, ""710"": 0.026974738340271736}"
ltown,0,balanced,0.0025,random,0.004444397212207831,51,0,9,"{""110811"": 0.003496549453660969, ""111811"": 0.005042060388781388, ""112811"": 0.0041844312105061236, ""113811"": 0.00431209974257053, ""114811"": 0.00536949921049742, ""115811"": 0.0042617432672305555}","{""701"": 0.005901866958052744, ""702"": 0.003175840797808619, ""703"": -0.0007637522398152482, ""704"": 0.007274919091427671, ""705"": 0.007494665486885266, ""706"": 0.00892390990398556, ""707"": 0.001395040204611897, ""708"": 0.010535406457815496, ""709"": 0.001517712157271441, ""710"": -0.0010116366959651384}"
ltown,0,balanced,0.0025,replay,0.04556062001260144,60,0,0,"{""110811"": 0.03949250805239078, ""111811"": 0.04431637248370006, ""112811"": 0.05471996027847041, ""113811"": 0.049259750111212405, ""114811"": 0.043243068699690176, ""115811"": 0.0423320604501448}","{""701"": 0.04806479514978881, ""702"": 0.04197731530563945, ""703"": 0.03428866685629937, ""704"": 0.05562846229648416, ""705"": 0.04628951560119854, ""706"": 0.047751468653419615, ""707"": 0.05143533478278548, ""708"": 0.0571010838039378, ""709"": 0.04511493273005468, ""710"": 0.02795462494640651}"
ltown,0,balanced,0.0025,drift,0.08408372630966351,60,0,0,"{""110811"": 0.09407388406046316, ""111811"": 0.08720850110558381, ""112811"": 0.10169033111648018, ""113811"": 0.07290102534577327, ""114811"": 0.07656222359532736, ""115811"": 0.0720663926343533}","{""701"": 0.07612007477606293, ""702"": 0.08263683492936473, ""703"": 0.10383594131799583, ""704"": 0.07704479416424354, ""705"": 0.0744180722907236, ""706"": 0.07898211960431184, ""707"": 0.08961371820275787, ""708"": 0.07579196926342942, ""709"": 0.08452217527984822, ""710"": 0.09787156326789719}"
ltown,0,balanced,0.0025,noise,0.08398750070319684,60,0,0,"{""110811"": 0.07954088307087116, ""111811"": 0.09386114686202228, ""112811"": 0.08415406951594259, ""113811"": 0.0881446265878653, ""114811"": 0.08139867807509964, ""115811"": 0.07682560010738008}","{""701"": 0.06504424019143545, ""702"": 0.06885694632317978, ""703"": 0.16554463882192502, ""704"": 0.054792630396314344, ""705"": 0.05514841731696422, ""706"": 0.058978797296918, ""707"": 0.08127080639072265, ""708"": 0.05175898492251594, ""709"": 0.07688823104357385, ""710"": 0.16159131432841917}"
ltown,0,balanced,0.0025,targeted,0.004435234888816793,48,0,12,"{""110811"": 0.002878810552475408, ""111811"": 0.004678261714628484, ""112811"": 0.004267001281209282, ""113811"": 0.003997284949664814, ""114811"": 0.004463313388695878, ""115811"": 0.006326737446226893}","{""701"": 0.006269223287827456, ""702"": 0.0034342385639307325, ""703"": -0.0015142013563966827, ""704"": 0.006802086174487003, ""705"": 0.008035457077880392, ""706"": 0.010384858593295965, ""707"": 0.0006229798306056263, ""708"": 0.010727416196916806, ""709"": 0.0015335700071245444, ""710"": -0.001943279487503909}"
ltown,0,balanced,0.0025,family_macro_f1,0.044502295825297286,60,0,0,"{""110811"": 0.04389652703797227, ""111811"": 0.047021268510943195, ""112811"": 0.04980315868052172, ""113811"": 0.04372295734741721, ""114811"": 0.04220735659386212, ""115811"": 0.04036250678106716}","{""701"": 0.04028004007263347, ""702"": 0.04001623518398464, ""703"": 0.06027825868000162, ""704"": 0.04030857842459138, ""705"": 0.0382772255547304, ""706"": 0.04100423081038618, ""707"": 0.044867575882296694, ""708"": 0.04118297212892308, ""709"": 0.04191532424357458, ""710"": 0.05689251727185076}"
ltown,0,balanced,0.0025,worst_family_f1,0.04556062001260144,60,0,0,"{""110811"": 0.03949250805239078, ""111811"": 0.04431637248370006, ""112811"": 0.05471996027847041, ""113811"": 0.049259750111212405, ""114811"": 0.043243068699690176, ""115811"": 0.0423320604501448}","{""701"": 0.04806479514978881, ""702"": 0.04197731530563945, ""703"": 0.03428866685629937, ""704"": 0.05562846229648416, ""705"": 0.04628951560119854, ""706"": 0.047751468653419615, ""707"": 0.05143533478278548, ""708"": 0.0571010838039378, ""709"": 0.04511493273005468, ""710"": 0.02795462494640651}"
ltown,0,balanced,0.0025,clean_fpr,-0.00045419895089953154,12,0,48,"{""110811"": -0.00047576217177657524, ""111811"": -0.00041827635975404804, ""112811"": -0.000440147235776502, ""113811"": -0.00044115932162791657, ""114811"": -0.0004528532621676448, ""115811"": -0.0004969953542945029}","{""701"": -0.0006471902642450464, ""702"": -0.0003458231424148133, ""703"": 0.00036104741361332537, ""704"": -0.0008059633362852162, ""705"": -0.0008922139259016701, ""706"": -0.0010088814252482083, ""707"": -8.801878451621457e-05, ""708"": -0.0012512772936593421, ""709"": -0.0001955533896509553, ""710"": 0.00033188463931282486}"
ltown,0,balanced,0.0025,all_negative_fpr,-0.0004944030697759058,12,0,48,"{""110811"": -0.0005054887777748514, ""111811"": -0.0004876944947301784, ""112811"": -0.0005038368420030894, ""113811"": -0.00045661435840068526, ""114811"": -0.0004923924738455519, ""115811"": -0.0005203914719010786}","{""701"": -0.0007153764571445324, ""702"": -0.00039132449101938663, ""703"": 0.00039015943897009964, ""704"": -0.0008739282068627193, ""705"": -0.0009534350549086241, ""706"": -0.001077671667187785, ""707"": -0.00012989624237405857, ""708"": -0.0013283367401835389, ""709"": -0.0002395837922657759, ""710"": 0.0003753625152172627}"
ltown,3,balanced,0.0025,pooled_f1,0.003777818247298851,41,0,19,"{""110811"": -0.0035642446957459993, ""111811"": 0.009235850964254467, ""112811"": 0.004688802422082872, ""113811"": 0.005049560556973531, ""114811"": 0.005004081764147095, ""115811"": 0.002252858472081143}","{""701"": 0.005331697577752463, ""702"": -0.0012612985804221766, ""703"": 0.016126322327499203, ""704"": 0.0012599736959041745, ""705"": -0.0027873043123960253, ""706"": -4.436515643430061e-05, ""707"": 0.001052028537160891, ""708"": 0.004150611338040955, ""709"": 0.012790378348533915, ""710"": 0.0011601386973494148}"
ltown,3,balanced,0.0025,random,-0.0022552552434988047,1,0,59,"{""110811"": -0.0019575888857895963, ""111811"": -0.0014589187164572137, ""112811"": -0.003146773762197086, ""113811"": -0.0018804266569900085, ""114811"": -0.004087254974503051, ""115811"": -0.0010005684650558732}","{""701"": -0.0021845382725870963, ""702"": -0.0028864310519984837, ""703"": -0.0011588034652326533, ""704"": -0.0021887163047332736, ""705"": -0.0027561257669269277, ""706"": -0.002635134717609141, ""707"": -0.0023271348368490616, ""708"": -0.0027472612181711487, ""709"": -0.0011376796304587988, ""710"": -0.002530727170421465}"
ltown,3,balanced,0.0025,replay,0.02311716603541338,58,0,2,"{""110811"": 0.014806917721061696, ""111811"": 0.019350370452724606, ""112811"": 0.020470153638553222, ""113811"": 0.04167355291946162, ""114811"": 0.030992320134668662, ""115811"": 0.011409681346010458}","{""701"": 0.023033525024963492, ""702"": 0.023842808888681084, ""703"": 0.03164180705111567, ""704"": 0.024912659383325042, ""705"": 0.01574201543759912, ""706"": 0.01581697133007241, ""707"": 0.027731956417016868, ""708"": 0.023672084600182313, ""709"": 0.02119373966993073, ""710"": 0.02358409255124705}"
ltown,3,balanced,0.0025,drift,0.01889159800367881,60,0,0,"{""110811"": 0.019000647077584854, ""111811"": 0.019213074277314203, ""112811"": 0.03310290010941137, ""113811"": 0.01221175097512205, ""114811"": 0.017189477596267776, ""115811"": 0.012631737986372604}","{""701"": 0.0203425047234006, ""702"": 0.02839386969292827, ""703"": 0.007277823696077231, ""704"": 0.017299891363428115, ""705"": 0.023372201998268487, ""706"": 0.022325027013054815, ""707"": 0.02456706656395626, ""708"": 0.0152714581802005, ""709"": 0.008850730948239516, ""710"": 0.021215405857234304}"
ltown,3,balanced,0.0025,noise,0.0620754561902938,60,0,0,"{""110811"": 0.05079923821728873, ""111811"": 0.07674734813709887, ""112811"": 0.06423772790617396, ""113811"": 0.07335389753840155, ""114811"": 0.05123925591119042, ""115811"": 0.056075269431609356}","{""701"": 0.06264559768600068, ""702"": 0.07359064334741912, ""703"": 0.043029279953035994, ""704"": 0.05809355922622265, ""705"": 0.0756751228785323, ""706"": 0.07471707249896113, ""707"": 0.06340676278007007, ""708"": 0.06164224154086767, ""709"": 0.0393567931822183, ""710"": 0.06859748880961021}"
ltown,3,balanced,0.0025,targeted,-0.0034436167363458836,1,0,59,"{""110811"": -0.0048976417371008, ""111811"": -0.0041800194090981235, ""112811"": -0.0036661882360071395, ""113811"": -0.0025302131580280385, ""114811"": -0.0032813127803513866, ""115811"": -0.002106325097489814}","{""701"": -0.003483029350317801, ""702"": -0.004147607585876882, ""703"": -0.0020826200767467737, ""704"": -0.0036068829387865633, ""705"": -0.004018036923129835, ""706"": -0.0036155526514327074, ""707"": -0.004511716894934144, ""708"": -0.003064542493596889, ""709"": -0.002053552086751583, ""710"": -0.003852626361885658}"
ltown,3,balanced,0.0025,family_macro_f1,0.01967706964990826,60,0,0,"{""110811"": 0.01555031447860895, ""111811"": 0.02193437094831645, ""112811"": 0.022199563931186862, ""113811"": 0.02456571232359337, ""114811"": 0.018410497177454486, ""115811"": 0.015401959040289404}","{""701"": 0.020070811962291973, ""702"": 0.023758656658230643, ""703"": 0.01574149743164982, ""704"": 0.018902102145891164, ""705"": 0.02160303552486864, ""706"": 0.021321676694609288, ""707"": 0.021773386805851964, ""708"": 0.018954796121896506, ""709"": 0.013242006416635662, ""710"": 0.021402726737156874}"
ltown,3,balanced,0.0025,worst_family_f1,0.02311716603541338,58,0,2,"{""110811"": 0.014806917721061696, ""111811"": 0.019350370452724606, ""112811"": 0.020470153638553222, ""113811"": 0.04167355291946162, ""114811"": 0.030992320134668662, ""115811"": 0.011409681346010458}","{""701"": 0.023033525024963492, ""702"": 0.023842808888681084, ""703"": 0.03164180705111567, ""704"": 0.024912659383325042, ""705"": 0.01574201543759912, ""706"": 0.01581697133007241, ""707"": 0.027731956417016868, ""708"": 0.023672084600182313, ""709"": 0.02119373966993073, ""710"": 0.02358409255124705}"
ltown,3,balanced,0.0025,clean_fpr,0.00020269678539324606,53,0,7,"{""110811"": 0.0002287856326043237, ""111811"": 0.00018814132347416912, ""112811"": 0.00021655954537941943, ""113811"": 0.00022794676146982722, ""114811"": 0.00018176230617593763, ""115811"": 0.0001729851432557992}","{""701"": 0.00018700781940285516, ""702"": 0.00032167884801530164, ""703"": -2.3441549289266817e-05, ""704"": 0.00022502507071544184, ""705"": 0.0003205575785959209, ""706"": 0.000284011220676279, ""707"": 0.0002636953599163007, ""708"": 0.0001877496885733709, ""709"": 3.443656902831493e-06, ""710"": 0.0002572401604234257}"
ltown,3,balanced,0.0025,all_negative_fpr,0.00018028697198786266,48,0,12,"{""110811"": 0.00020564722386644507, ""111811"": 0.00013452205106562567, ""112811"": 0.000184562222844671, ""113811"": 0.0002080686557253882, ""114811"": 0.00017134536635651074, ""115811"": 0.00017757631206853533}","{""701"": 0.0001591284363662331, ""702"": 0.0003212679124331584, ""703"": -8.402953787486354e-05, ""704"": 0.0001986537829461479, ""705"": 0.00032577631522874166, ""706"": 0.00028255864770086384, ""707"": 0.00024395615080449469, ""708"": 0.0001654820659823396, ""709"": -5.133045578834209e-05, ""710"": 0.00024140640207985303}"
ltown,0,balanced,0.005,pooled_f1,0.07270900598510241,60,0,0,"{""110811"": 0.07494537887001491, ""111811"": 0.07322951366648717, ""112811"": 0.07933921587906123, ""113811"": 0.06949945240317265, ""114811"": 0.0700101540916476, ""115811"": 0.06923032100023094}","{""701"": 0.07931240538212377, ""702"": 0.05927853223144708, ""703"": 0.0276393849671905, ""704"": 0.08813863867542271, ""705"": 0.09158885322318959, ""706"": 0.10077547958841061, ""707"": 0.0455288115979362, ""708"": 0.15707462022945848, ""709"": 0.0507785956155735, ""710"": 0.026974738340271736}"
ltown,0,balanced,0.005,random,0.0052152293895682935,51,0,9,"{""110811"": 0.004420595729270204, ""111811"": 0.005916100511673628, ""112811"": 0.004801967408954088, ""113811"": 0.005129432322347793, ""114811"": 0.005854210527305059, ""115811"": 0.005169069837858986}","{""701"": 0.005901866958052744, ""702"": 0.003175840797808619, ""703"": -0.0007637522398152482, ""704"": 0.007274919091427671, ""705"": 0.007494665486885266, ""706"": 0.00892390990398556, ""707"": 0.001395040204611897, ""708"": 0.01824372823142012, ""709"": 0.001517712157271441, ""710"": -0.0010116366959651384}"
ltown,0,balanced,0.005,replay,0.04564392904088767,60,0,0,"{""110811"": 0.039498984786060475, ""111811"": 0.04408591492409405, ""112811"": 0.054567547729600915, ""113811"": 0.049257258184018216, ""114811"": 0.04340487227905145, ""115811"": 0.04304899634250091}","{""701"": 0.04806479514978881, ""702"": 0.04197731530563945, ""703"": 0.03428866685629937, ""704"": 0.05562846229648416, ""705"": 0.04628951560119854, ""706"": 0.047751468653419615, ""707"": 0.05143533478278548, ""708"": 0.05793417408680009, ""709"": 0.04511493273005468, ""710"": 0.02795462494640651}"
ltown,0,balanced,0.005,drift,0.08405369102108495,60,0,0,"{""110811"": 0.09373416637757205, ""111811"": 0.08717802264594751, ""112811"": 0.101836623241676, ""113811"": 0.07320018813404541, ""114811"": 0.07641582692185346, ""115811"": 0.07195731880541523}","{""701"": 0.07612007477606293, ""702"": 0.08263683492936473, ""703"": 0.10383594131799583, ""704"": 0.07704479416424354, ""705"": 0.0744180722907236, ""706"": 0.07898211960431184, ""707"": 0.08961371820275787, ""708"": 0.07549161637764366, ""709"": 0.08452217527984822, ""710"": 0.09787156326789719}"
ltown,0,balanced,0.005,noise,0.08372679339453541,60,0,0,"{""110811"": 0.07911345275319712, ""111811"": 0.09352373052900086, ""112811"": 0.08383146267913648, ""113811"": 0.0875065645917983, ""114811"": 0.08141628649896962, ""115811"": 0.07696926331511014}","{""701"": 0.06504424019143545, ""702"": 0.06885694632317978, ""703"": 0.16554463882192502, ""704"": 0.054792630396314344, ""705"": 0.05514841731696422, ""706"": 0.058978797296918, ""707"": 0.08127080639072265, ""708"": 0.04915191183590171, ""709"": 0.07688823104357385, ""710"": 0.16159131432841917}"
ltown,0,balanced,0.005,targeted,0.005310467010289348,48,0,12,"{""110811"": 0.003811846787039863, ""111811"": 0.005582672803563937, ""112811"": 0.005222224219190841, ""113811"": 0.004974852534173268, ""114811"": 0.005384450607110269, ""115811"": 0.006886755110657905}","{""701"": 0.006269223287827456, ""702"": 0.0034342385639307325, ""703"": -0.0015142013563966827, ""704"": 0.006802086174487003, ""705"": 0.008035457077880392, ""706"": 0.010384858593295965, ""707"": 0.0006229798306056263, ""708"": 0.019479737411642346, ""709"": 0.0015335700071245444, ""710"": -0.001943279487503909}"
ltown,0,balanced,0.005,family_macro_f1,0.04479002197127313,60,0,0,"{""110811"": 0.04411580928662791, ""111811"": 0.04725728828285598, ""112811"": 0.050051965055711654, ""113811"": 0.04401365915327656, ""114811"": 0.04249512936685799, ""115811"": 0.040806280682308696}","{""701"": 0.04028004007263347, ""702"": 0.04001623518398464, ""703"": 0.06027825868000162, ""704"": 0.04030857842459138, ""705"": 0.0382772255547304, ""706"": 0.04100423081038618, ""707"": 0.044867575882296694, ""708"": 0.04406023358868159, ""709"": 0.04191532424357458, ""710"": 0.05689251727185076}"
ltown,0,balanced,0.005,worst_family_f1,0.04564392904088767,60,0,0,"{""110811"": 0.039498984786060475, ""111811"": 0.04408591492409405, ""112811"": 0.054567547729600915, ""113811"": 0.049257258184018216, ""114811"": 0.04340487227905145, ""115811"": 0.04304899634250091}","{""701"": 0.04806479514978881, ""702"": 0.04197731530563945, ""703"": 0.03428866685629937, ""704"": 0.05562846229648416, ""705"": 0.04628951560119854, ""706"": 0.047751468653419615, ""707"": 0.05143533478278548, ""708"": 0.05793417408680009, ""709"": 0.04511493273005468, ""710"": 0.02795462494640651}"
ltown,0,balanced,0.005,clean_fpr,-0.000529543930203777,12,0,48,"{""110811"": -0.0005514021379756941, ""111811"": -0.0004968860594317799, ""112811"": -0.0005155260219000088, ""113811"": -0.0005171941037981146, ""114811"": -0.0005229149482976602, ""115811"": -0.0005733403098194043}","{""701"": -0.0006471902642450464, ""702"": -0.0003458231424148133, ""703"": 0.00036104741361332537, ""704"": -0.0008059633362852162, ""705"": -0.0008922139259016701, ""706"": -0.0010088814252482083, ""707"": -8.801878451621457e-05, ""708"": -0.0020047270867017963, ""709"": -0.0001955533896509553, ""710"": 0.00033188463931282486}"
ltown,0,balanced,0.005,all_negative_fpr,-0.0005723662058332086,12,0,48,"{""110811"": -0.0005836721510547131, ""111811"": -0.0005698098643951088, ""112811"": -0.0005821128561246648, ""113811"": -0.0005349346718482831, ""114811"": -0.0005649541148208193, ""115811"": -0.0005987135767556627}","{""701"": -0.0007153764571445324, ""702"": -0.00039132449101938663, ""703"": 0.00039015943897009964, ""704"": -0.0008739282068627193, ""705"": -0.0009534350549086241, ""706"": -0.001077671667187785, ""707"": -0.00012989624237405857, ""708"": -0.0021079681007565667, ""709"": -0.0002395837922657759, ""710"": 0.0003753625152172627}"
ltown,3,balanced,0.005,pooled_f1,0.003777818247298851,41,0,19,"{""110811"": -0.0035642446957459993, ""111811"": 0.009235850964254467, ""112811"": 0.004688802422082872, ""113811"": 0.005049560556973531, ""114811"": 0.005004081764147095, ""115811"": 0.002252858472081143}","{""701"": 0.005331697577752463, ""702"": -0.0012612985804221766, ""703"": 0.016126322327499203, ""704"": 0.0012599736959041745, ""705"": -0.0027873043123960253, ""706"": -4.436515643430061e-05, ""707"": 0.001052028537160891, ""708"": 0.004150611338040955, ""709"": 0.012790378348533915, ""710"": 0.0011601386973494148}"
ltown,3,balanced,0.005,random,-0.0022552552434988047,1,0,59,"{""110811"": -0.0019575888857895963, ""111811"": -0.0014589187164572137, ""112811"": -0.003146773762197086, ""113811"": -0.0018804266569900085, ""114811"": -0.004087254974503051, ""115811"": -0.0010005684650558732}","{""701"": -0.0021845382725870963, ""702"": -0.0028864310519984837, ""703"": -0.0011588034652326533, ""704"": -0.0021887163047332736, ""705"": -0.0027561257669269277, ""706"": -0.002635134717609141, ""707"": -0.0023271348368490616, ""708"": -0.0027472612181711487, ""709"": -0.0011376796304587988, ""710"": -0.002530727170421465}"
ltown,3,balanced,0.005,replay,0.02311716603541338,58,0,2,"{""110811"": 0.014806917721061696, ""111811"": 0.019350370452724606, ""112811"": 0.020470153638553222, ""113811"": 0.04167355291946162, ""114811"": 0.030992320134668662, ""115811"": 0.011409681346010458}","{""701"": 0.023033525024963492, ""702"": 0.023842808888681084, ""703"": 0.03164180705111567, ""704"": 0.024912659383325042, ""705"": 0.01574201543759912, ""706"": 0.01581697133007241, ""707"": 0.027731956417016868, ""708"": 0.023672084600182313, ""709"": 0.02119373966993073, ""710"": 0.02358409255124705}"
ltown,3,balanced,0.005,drift,0.01889159800367881,60,0,0,"{""110811"": 0.019000647077584854, ""111811"": 0.019213074277314203, ""112811"": 0.03310290010941137, ""113811"": 0.01221175097512205, ""114811"": 0.017189477596267776, ""115811"": 0.012631737986372604}","{""701"": 0.0203425047234006, ""702"": 0.02839386969292827, ""703"": 0.007277823696077231, ""704"": 0.017299891363428115, ""705"": 0.023372201998268487, ""706"": 0.022325027013054815, ""707"": 0.02456706656395626, ""708"": 0.0152714581802005, ""709"": 0.008850730948239516, ""710"": 0.021215405857234304}"
ltown,3,balanced,0.005,noise,0.0620754561902938,60,0,0,"{""110811"": 0.05079923821728873, ""111811"": 0.07674734813709887, ""112811"": 0.06423772790617396, ""113811"": 0.07335389753840155, ""114811"": 0.05123925591119042, ""115811"": 0.056075269431609356}","{""701"": 0.06264559768600068, ""702"": 0.07359064334741912, ""703"": 0.043029279953035994, ""704"": 0.05809355922622265, ""705"": 0.0756751228785323, ""706"": 0.07471707249896113, ""707"": 0.06340676278007007, ""708"": 0.06164224154086767, ""709"": 0.0393567931822183, ""710"": 0.06859748880961021}"
ltown,3,balanced,0.005,targeted,-0.0034436167363458836,1,0,59,"{""110811"": -0.0048976417371008, ""111811"": -0.0041800194090981235, ""112811"": -0.0036661882360071395, ""113811"": -0.0025302131580280385, ""114811"": -0.0032813127803513866, ""115811"": -0.002106325097489814}","{""701"": -0.003483029350317801, ""702"": -0.004147607585876882, ""703"": -0.0020826200767467737, ""704"": -0.0036068829387865633, ""705"": -0.004018036923129835, ""706"": -0.0036155526514327074, ""707"": -0.004511716894934144, ""708"": -0.003064542493596889, ""709"": -0.002053552086751583, ""710"": -0.003852626361885658}"
ltown,3,balanced,0.005,family_macro_f1,0.01967706964990826,60,0,0,"{""110811"": 0.01555031447860895, ""111811"": 0.02193437094831645, ""112811"": 0.022199563931186862, ""113811"": 0.02456571232359337, ""114811"": 0.018410497177454486, ""115811"": 0.015401959040289404}","{""701"": 0.020070811962291973, ""702"": 0.023758656658230643, ""703"": 0.01574149743164982, ""704"": 0.018902102145891164, ""705"": 0.02160303552486864, ""706"": 0.021321676694609288, ""707"": 0.021773386805851964, ""708"": 0.018954796121896506, ""709"": 0.013242006416635662, ""710"": 0.021402726737156874}"
ltown,3,balanced,0.005,worst_family_f1,0.02311716603541338,58,0,2,"{""110811"": 0.014806917721061696, ""111811"": 0.019350370452724606, ""112811"": 0.020470153638553222, ""113811"": 0.04167355291946162, ""114811"": 0.030992320134668662, ""115811"": 0.011409681346010458}","{""701"": 0.023033525024963492, ""702"": 0.023842808888681084, ""703"": 0.03164180705111567, ""704"": 0.024912659383325042, ""705"": 0.01574201543759912, ""706"": 0.01581697133007241, ""707"": 0.027731956417016868, ""708"": 0.023672084600182313, ""709"": 0.02119373966993073, ""710"": 0.02358409255124705}"
ltown,3,balanced,0.005,clean_fpr,0.00020269678539324606,53,0,7,"{""110811"": 0.0002287856326043237, ""111811"": 0.00018814132347416912, ""112811"": 0.00021655954537941943, ""113811"": 0.00022794676146982722, ""114811"": 0.00018176230617593763, ""115811"": 0.0001729851432557992}","{""701"": 0.00018700781940285516, ""702"": 0.00032167884801530164, ""703"": -2.3441549289266817e-05, ""704"": 0.00022502507071544184, ""705"": 0.0003205575785959209, ""706"": 0.000284011220676279, ""707"": 0.0002636953599163007, ""708"": 0.0001877496885733709, ""709"": 3.443656902831493e-06, ""710"": 0.0002572401604234257}"
ltown,3,balanced,0.005,all_negative_fpr,0.00018028697198786266,48,0,12,"{""110811"": 0.00020564722386644507, ""111811"": 0.00013452205106562567, ""112811"": 0.000184562222844671, ""113811"": 0.0002080686557253882, ""114811"": 0.00017134536635651074, ""115811"": 0.00017757631206853533}","{""701"": 0.0001591284363662331, ""702"": 0.0003212679124331584, ""703"": -8.402953787486354e-05, ""704"": 0.0001986537829461479, ""705"": 0.00032577631522874166, ""706"": 0.00028255864770086384, ""707"": 0.00024395615080449469, ""708"": 0.0001654820659823396, ""709"": -5.133045578834209e-05, ""710"": 0.00024140640207985303}"
