{
  "Modena": {
    "overall_acc": 0.9594594594594594,
    "confusion": [
      [
        0,
        0,
        0,
        0,
        0,
        0
      ],
      [
        0,
        30,
        0,
        0,
        0,
        0
      ],
      [
        0,
        0,
        31,
        2,
        0,
        0
      ],
      [
        0,
        0,
        2,
        25,
        1,
        0
      ],
      [
        0,
        0,
        0,
        1,
        25,
        0
      ],
      [
        0,
        0,
        0,
        0,
        0,
        31
      ]
    ],
    "per_class_acc": {
      "clean": 0.0,
      "random": 1.0,
      "replay": 0.9393939393939394,
      "stealthy": 0.8928571428571429,
      "noise": 0.9615384615384616,
      "targeted": 1.0
    },
    "conf_correct": 0.8530684961399562,
    "conf_wrong": 0.5750041306018829
  },
  "Net3": {
    "overall_acc": 0.831081081081081,
    "confusion": [
      [
        0,
        0,
        0,
        0,
        0,
        0
      ],
      [
        0,
        28,
        0,
        0,
        0,
        1
      ],
      [
        0,
        0,
        33,
        2,
        0,
        0
      ],
      [
        0,
        0,
        20,
        6,
        0,
        0
      ],
      [
        0,
        0,
        0,
        0,
        34,
        0
      ],
      [
        0,
        2,
        0,
        0,
        0,
        22
      ]
    ],
    "per_class_acc": {
      "clean": 0.0,
      "random": 0.9655172413793104,
      "replay": 0.9428571428571428,
      "stealthy": 0.23076923076923078,
      "noise": 1.0,
      "targeted": 0.9166666666666666
    },
    "conf_correct": 0.6937010031405503,
    "conf_wrong": 0.4979029595851898
  }
}