{
  "water_modena_10seed": {
    "F1": [
      0.8605193566222755,
      0.018975334628103312
    ],
    "AUROC": [
      0.9669841952951375,
      0.005990183431542446
    ],
    "router": [
      0.8837500035762786,
      0.06549755725115776
    ],
    "random": [
      0.9977902978969398,
      0.0019289723797056054
    ],
    "targeted": [
      0.9946609081159037,
      0.006086534043337803
    ],
    "stealthy": [
      0.9405502168248089,
      0.012575706385229302
    ],
    "noise": [
      0.9100769527594659,
      0.004259360197979344
    ],
    "replay": [
      0.01917940252022026,
      0.015079990184706843
    ]
  },
  "power_ieee118_5seed": {
    "F1": [
      0.8446897350213131,
      0.015891584009048998
    ],
    "AUROC": [
      0.9848055003339553,
      0.002714925387239964
    ],
    "router": [
      0.85,
      0.03733227715328421
    ],
    "random": [
      0.999650959860384,
      0.0007804774790575108
    ],
    "targeted": [
      1.0,
      0.0
    ],
    "stealthy": [
      0.9643157877894063,
      0.009317318728577145
    ],
    "noise": [
      0.9804731140390196,
      0.0064459912676756315
    ],
    "replay": [
      0.26530116943776294,
      0.15028493498982834
    ]
  },
  "traffic_200_5seed": {
    "F1": [
      0.8695665127295052,
      0.004103278670134836
    ],
    "AUROC": [
      0.9745611778572759,
      0.001787200597044605
    ],
    "router": [
      0.5473684132099151,
      0.03462550932825712
    ],
    "random": [
      0.9869327719021763,
      0.009434293097470724
    ],
    "targeted": [
      0.9924332481231567,
      0.004768443773212816
    ],
    "stealthy": [
      0.6579558238113169,
      0.013354599140996603
    ],
    "noise": [
      0.7535217238533576,
      0.013752434232150139
    ],
    "replay": [
      0.8705681362922044,
      0.013011304863829447
    ]
  }
}