{
  "n_models": 5,
  "single_seed_mean_f1": 0.8429594801400629,
  "single_seed_std_f1": 0.0050165553856472405,
  "ensemble_f1": 0.8467317806160781,
  "ensemble_precision": 0.9526627218934911,
  "ensemble_recall": 0.762001352265044,
  "ensemble_auroc": 0.9801220020207867,
  "threshold": 0.7100000000000001,
  "per_attack": {
    "random": {
      "f1": 0.99106529209622,
      "auroc": 0.9998967964902868
    },
    "replay": {
      "f1": 0.08175182481751825,
      "auroc": 0.758398880093202
    },
    "stealthy": {
      "f1": 0.9344262295081968,
      "auroc": 0.9958291615467467
    },
    "noise": {
      "f1": 0.9049180327868852,
      "auroc": 0.9739455049261083
    },
    "targeted": {
      "f1": 0.9933269780743565,
      "auroc": 0.9999619798125479
    }
  }
}