{
  "Water": {
    "global": {
      "n_seeds": 5,
      "overall_f1": 0.8260996840037824,
      "overall_f1_std": 0.005270504174538254,
      "replay_f1": 0.004177748226950355,
      "replay_auroc": 0.45867218635421647
    },
    "per_node": {
      "n_seeds": 5,
      "overall_f1": 0.8325962692414034,
      "overall_f1_std": 0.005579205326191846,
      "replay_f1": 0.14187895983961166,
      "replay_auroc": 0.79373030580796
    }
  },
  "Power": {
    "global": {
      "n_seeds": 5,
      "overall_f1": 0.8446897350213131,
      "overall_f1_std": 0.015891584009048998,
      "replay_f1": 0.26530116943776294,
      "replay_auroc": 0.6641260809571821
    },
    "per_node": {
      "n_seeds": 5,
      "overall_f1": 0.815596703990697,
      "overall_f1_std": 0.0646611676467859,
      "replay_f1": 0.5987597937725815,
      "replay_auroc": 0.9034940922396488
    }
  },
  "Traffic": {
    "global": {
      "n_seeds": 5,
      "overall_f1": 0.8695665127295052,
      "overall_f1_std": 0.004103278670134836,
      "replay_f1": 0.8705681362922044,
      "replay_auroc": 0.971348036058345
    },
    "per_node": {
      "n_seeds": 5,
      "overall_f1": 0.8910988300146734,
      "overall_f1_std": 0.002938590154089114,
      "replay_f1": 0.9068604145510665,
      "replay_auroc": 0.9768308358718811
    }
  }
}