{
  "1.0": {
    "n_seeds": 10,
    "seeds": [
      1,
      2,
      3,
      4,
      5,
      6,
      7,
      8,
      9,
      10
    ],
    "pressure_f1": {
      "mean": 0.8605193566222755,
      "std": 0.018975334628103312,
      "n": 10
    },
    "pressure_auroc": {
      "mean": 0.9669841952951375,
      "std": 0.005990183431542446,
      "n": 10
    },
    "flow_f1": {
      "mean": 0.7598803741438395,
      "std": 0.0211699909941097,
      "n": 10
    },
    "router_acc": {
      "mean": 0.8837500035762786,
      "std": 0.06549755725115776,
      "n": 10
    },
    "per_attack": {
      "random": {
        "mean": 0.9977902978969398,
        "std": 0.0019289723797056054,
        "n": 10
      },
      "replay": {
        "mean": 0.01917940252022026,
        "std": 0.015079990184706843,
        "n": 10
      },
      "stealthy": {
        "mean": 0.9405502168248089,
        "std": 0.012575706385229302,
        "n": 10
      },
      "noise": {
        "mean": 0.9100769527594659,
        "std": 0.004259360197979344,
        "n": 10
      },
      "targeted": {
        "mean": 0.9946609081159037,
        "std": 0.006086534043337803,
        "n": 10
      }
    }
  },
  "2.5": {
    "n_seeds": 10,
    "seeds": [
      1,
      2,
      3,
      4,
      5,
      6,
      7,
      8,
      9,
      10
    ],
    "pressure_f1": {
      "mean": 0.7151824145868293,
      "std": 0.042351717338721895,
      "n": 10
    },
    "pressure_auroc": {
      "mean": 0.9136980541765611,
      "std": 0.03489459081404874,
      "n": 10
    },
    "flow_f1": {
      "mean": 0.675384324544078,
      "std": 0.026294562106249038,
      "n": 10
    },
    "router_acc": {
      "mean": 0.5456249982118606,
      "std": 0.12679441478040313,
      "n": 10
    },
    "per_attack": {
      "random": {
        "mean": 0.966769878248109,
        "std": 0.037215457301472125,
        "n": 10
      },
      "replay": {
        "mean": 0.08667115642432893,
        "std": 0.037537568795999794,
        "n": 10
      },
      "stealthy": {
        "mean": 0.7178737579136651,
        "std": 0.14204612563250144,
        "n": 10
      },
      "noise": {
        "mean": 0.8348348155694891,
        "std": 0.06419140678080885,
        "n": 10
      },
      "targeted": {
        "mean": 0.9628212645581881,
        "std": 0.035324504081482154,
        "n": 10
      }
    }
  },
  "4.0": {
    "n_seeds": 1,
    "seeds": [
      1
    ],
    "pressure_f1": {
      "mean": 0.7139937321160921,
      "std": 0.0,
      "n": 1
    },
    "pressure_auroc": {
      "mean": 0.9613324459430564,
      "std": 0.0,
      "n": 1
    },
    "flow_f1": {
      "mean": 0.7578171442159077,
      "std": 0.0,
      "n": 1
    },
    "router_acc": {
      "mean": 0.9624999761581421,
      "std": 0.0,
      "n": 1
    },
    "per_attack": {
      "random": {
        "mean": 0.9966273187183811,
        "std": 0.0,
        "n": 1
      },
      "replay": {
        "mean": 0.21873675286138194,
        "std": 0.0,
        "n": 1
      },
      "stealthy": {
        "mean": 0.9156816390858944,
        "std": 0.0,
        "n": 1
      },
      "noise": {
        "mean": 0.902706656912948,
        "std": 0.0,
        "n": 1
      },
      "targeted": {
        "mean": 0.9896373056994818,
        "std": 0.0,
        "n": 1
      }
    }
  },
  "8.0": {
    "n_seeds": 1,
    "seeds": [
      1
    ],
    "pressure_f1": {
      "mean": 0.5783317353787153,
      "std": 0.0,
      "n": 1
    },
    "pressure_auroc": {
      "mean": 0.9498043518870366,
      "std": 0.0,
      "n": 1
    },
    "flow_f1": {
      "mean": 0.754725897920605,
      "std": 0.0,
      "n": 1
    },
    "router_acc": {
      "mean": 0.9125000238418579,
      "std": 0.0,
      "n": 1
    },
    "per_attack": {
      "random": {
        "mean": 0.9923664122137404,
        "std": 0.0,
        "n": 1
      },
      "replay": {
        "mean": 0.25200074446305604,
        "std": 0.0,
        "n": 1
      },
      "stealthy": {
        "mean": 0.8395245170876672,
        "std": 0.0,
        "n": 1
      },
      "noise": {
        "mean": 0.8992700729927007,
        "std": 0.0,
        "n": 1
      },
      "targeted": {
        "mean": 0.9862306368330465,
        "std": 0.0,
        "n": 1
      }
    }
  }
}