{
  "global": {
    "run": "20260721_123718",
    "threshold": [
      0.02,
      0.03,
      0.04,
      0.05,
      0.06,
      0.07,
      0.08,
      0.09000000000000001,
      0.1,
      0.11,
      0.12000000000000001,
      0.13,
      0.13999999999999999,
      0.15,
      0.16,
      0.16999999999999998,
      0.18,
      0.19,
      0.19999999999999998,
      0.21,
      0.22,
      0.22999999999999998,
      0.24,
      0.25,
      0.26,
      0.27,
      0.28,
      0.29000000000000004,
      0.30000000000000004,
      0.31,
      0.32,
      0.33,
      0.34,
      0.35000000000000003,
      0.36000000000000004,
      0.37000000000000005,
      0.38,
      0.39,
      0.4,
      0.41000000000000003,
      0.42000000000000004,
      0.43000000000000005,
      0.44,
      0.45,
      0.46,
      0.47000000000000003,
      0.48000000000000004,
      0.49000000000000005,
      0.5,
      0.51,
      0.52,
      0.53,
      0.54,
      0.55,
      0.56,
      0.5700000000000001,
      0.5800000000000001,
      0.5900000000000001,
      0.6,
      0.61,
      0.62,
      0.63,
      0.64,
      0.65,
      0.66,
      0.67,
      0.68,
      0.6900000000000001,
      0.7000000000000001,
      0.7100000000000001,
      0.7200000000000001,
      0.73,
      0.74,
      0.75,
      0.76,
      0.77,
      0.78,
      0.79,
      0.8,
      0.81,
      0.8200000000000001,
      0.8300000000000001,
      0.8400000000000001,
      0.8500000000000001,
      0.86,
      0.87,
      0.88,
      0.89,
      0.9,
      0.91,
      0.92,
      0.93,
      0.9400000000000001,
      0.9500000000000001,
      0.9600000000000001,
      0.9700000000000001,
      0.98
    ],
    "overall_f1": [
      0.4271480144404332,
      0.4547132092880209,
      0.49150566289140574,
      0.5182642373030543,
      0.5343150622670666,
      0.5456065391045886,
      0.5528669616796912,
      0.5578037427567208,
      0.5614773705865468,
      0.5643592952729374,
      0.5667053364269141,
      0.568486496988537,
      0.5718475073313783,
      0.5747420147420147,
      0.5784420469167574,
      0.5809466984884646,
      0.5834499300419748,
      0.5856497742097341,
      0.5872408935399477,
      0.5881048387096774,
      0.5889719248636639,
      0.5897461826271615,
      0.5906189849052781,
      0.5916150644604609,
      0.5921560658402764,
      0.592939261369417,
      0.5933998777755144,
      0.5934536555521567,
      0.5938775510204082,
      0.5946056395586432,
      0.5948655006648256,
      0.5957577620657855,
      0.5960115131578947,
      0.597399917457697,
      0.5985930064142355,
      0.5990247951032265,
      0.600541215653622,
      0.6019437767791828,
      0.602961251706395,
      0.6055608415265884,
      0.6082145137263247,
      0.6122361051271004,
      0.6210933186085036,
      0.6329958582604694,
      0.6582588465776907,
      0.6925945657964837,
      0.7405421507298183,
      0.7903951975987994,
      0.8327570518653321,
      0.8459373240758116,
      0.848290194596637,
      0.850322091701402,
      0.8507490991845249,
      0.851015372936041,
      0.8517673888255416,
      0.8513796384395813,
      0.8520281851075986,
      0.8524027459954233,
      0.8525090631558863,
      0.8524527581599541,
      0.8527220630372493,
      0.8530479648385247,
      0.85282874617737,
      0.8527161438408569,
      0.8528792806581212,
      0.8528735632183908,
      0.8528171713300114,
      0.8530878404296126,
      0.8532514866679455,
      0.853031465848043,
      0.853850585749952,
      0.8537944284341978,
      0.8535693669424668,
      0.8532922603003466,
      0.8529581807670071,
      0.8520732883317261,
      0.8513513513513513,
      0.8512364760432767,
      0.8510144927536232,
      0.8503480278422274,
      0.8502321981424149,
      0.8486727378415035,
      0.8477797168896646,
      0.8476615563749272,
      0.846930846930847,
      0.8468713563933152,
      0.8457498541139856,
      0.8436647173489279,
      0.8423106947697112,
      0.8405003909304144,
      0.8393031904482287,
      0.8379384675680972,
      0.836570531685305,
      0.8323813275556431,
      0.8279272151898734,
      0.8209311579785118,
      0.8107673764564082
    ],
    "replay_f1": [
      0.2552,
      0.2552,
      0.2552,
      0.2552,
      0.2552,
      0.2552,
      0.2552,
      0.2552,
      0.2552,
      0.2552,
      0.2552,
      0.2552,
      0.2552,
      0.2552,
      0.2552,
      0.2552,
      0.2552,
      0.2552,
      0.2552,
      0.2552,
      0.2552,
      0.2552,
      0.2552,
      0.2552,
      0.2552,
      0.2552,
      0.2552,
      0.2552,
      0.2552,
      0.2553021208483393,
      0.25475665932305225,
      0.255370407548685,
      0.25378252975590077,
      0.25421319796954317,
      0.25489396411092985,
      0.2549621444649069,
      0.2551880008218615,
      0.2550113659847076,
      0.25390218522372526,
      0.25483599663582845,
      0.25574468085106383,
      0.25473546701502287,
      0.25520237823004804,
      0.24806973848069738,
      0.24899828277046365,
      0.24481181850158285,
      0.2289332683877253,
      0.18141263940520447,
      0.10082063305978899,
      0.02608695652173913,
      0.00303951367781155,
      0.0030911901081916537,
      0.003105590062111801,
      0.003115264797507788,
      0.0031201248049922,
      0.0031201248049922,
      0.003125,
      0.003125,
      0.0,
      0.0,
      0.0,
      0.0,
      0.0,
      0.0,
      0.0,
      0.0,
      0.0,
      0.0,
      0.0,
      0.0,
      0.0,
      0.0,
      0.0,
      0.0,
      0.0,
      0.0,
      0.0,
      0.0,
      0.0,
      0.0,
      0.0,
      0.0,
      0.0,
      0.0,
      0.0,
      0.0,
      0.0,
      0.0,
      0.0,
      0.0,
      0.0,
      0.0,
      0.0,
      0.0,
      0.0,
      0.0,
      0.0
    ],
    "calibrated_tau": 0.63,
    "f1_at_calibrated": 0.8530479648385247,
    "replay_at_calibrated": 0.0,
    "f1_at_default": 0.8327570518653321,
    "replay_at_default": 0.10082063305978899
  },
  "per_node": {
    "run": "20260721_113354",
    "threshold": [
      0.02,
      0.03,
      0.04,
      0.05,
      0.06,
      0.07,
      0.08,
      0.09000000000000001,
      0.1,
      0.11,
      0.12000000000000001,
      0.13,
      0.13999999999999999,
      0.15,
      0.16,
      0.16999999999999998,
      0.18,
      0.19,
      0.19999999999999998,
      0.21,
      0.22,
      0.22999999999999998,
      0.24,
      0.25,
      0.26,
      0.27,
      0.28,
      0.29000000000000004,
      0.30000000000000004,
      0.31,
      0.32,
      0.33,
      0.34,
      0.35000000000000003,
      0.36000000000000004,
      0.37000000000000005,
      0.38,
      0.39,
      0.4,
      0.41000000000000003,
      0.42000000000000004,
      0.43000000000000005,
      0.44,
      0.45,
      0.46,
      0.47000000000000003,
      0.48000000000000004,
      0.49000000000000005,
      0.5,
      0.51,
      0.52,
      0.53,
      0.54,
      0.55,
      0.56,
      0.5700000000000001,
      0.5800000000000001,
      0.5900000000000001,
      0.6,
      0.61,
      0.62,
      0.63,
      0.64,
      0.65,
      0.66,
      0.67,
      0.68,
      0.6900000000000001,
      0.7000000000000001,
      0.7100000000000001,
      0.7200000000000001,
      0.73,
      0.74,
      0.75,
      0.76,
      0.77,
      0.78,
      0.79,
      0.8,
      0.81,
      0.8200000000000001,
      0.8300000000000001,
      0.8400000000000001,
      0.8500000000000001,
      0.86,
      0.87,
      0.88,
      0.89,
      0.9,
      0.91,
      0.92,
      0.93,
      0.9400000000000001,
      0.9500000000000001,
      0.9600000000000001,
      0.9700000000000001,
      0.98
    ],